variant,kind,rules,min_hits,n_rebal,avg_candidates,avg_kept,avg_excluded,keep_ratio,ann_return,ann_return_pool,gain_ann,gain_ir,gain_days,gain_2015_2020,gain_2021_2026
参照·不剔除,参照,量能水平、量能波动、量能动量、量能比,9,569,3563.7434094903338,3563.7434094903338,0.0,1.0,0.13393081993258826,0.13393081993258826,0.0,,2845,0.0,0.0
单条·量能水平,单条,量能水平,1,569,3563.7434094903338,2850.3831282952547,713.3602811950791,0.7998283829033864,0.16895758454226117,0.13393081993258826,0.03502676460967292,1.9253019693687414,2845,0.039202416076972287,0.03062499483186997
单条·量能波动,单条,量能波动,1,569,3563.7434094903338,2850.3831282952547,713.3602811950791,0.7998283829033864,0.1776081109748264,0.13393081993258826,0.043677291042238144,2.550086807547959,2845,0.04956344149103182,0.03747239598430402
单条·量能动量,单条,量能动量,1,569,3563.7434094903338,2850.3831282952547,713.3602811950791,0.7998283829033864,0.15706862043846473,0.13393081993258826,0.02313780050587646,1.5356334957095465,2845,0.028272445435811266,0.017725106211504752
单条·量能比,单条,量能比,1,569,3563.7434094903338,2850.3831282952547,713.3602811950791,0.7998283829033864,0.15744594110070909,0.13393081993258826,0.023515121168120795,1.3336737576578106,2845,0.029051295527215314,0.017679153973696248
并集(命中>=1),并集,量能水平、量能波动、量能动量、量能比,1,569,3563.7434094903338,1942.506151142355,1621.2372583479787,0.5450746386424496,0.19817440520989738,0.13393081993258826,0.0642435852773091,2.176776314209255,2845,0.07972063065772216,0.04792843274633215
并集(命中>=2),并集,量能水平、量能波动、量能动量、量能比,2,569,3563.7434094903338,2702.353251318102,861.3901581722316,0.7582906345394202,0.18190627413005878,0.13393081993258826,0.04797545419747051,2.4597979593748,2845,0.05718707154539939,0.03826501280542996
并集(命中>=3),并集,量能水平、量能波动、量能动量、量能比,3,569,3563.7434094903338,3255.474516695958,308.2688927943759,0.9134985723232911,0.15878423892020216,0.13393081993258826,0.024853418987613892,2.5312703208753717,2845,0.026655934685603736,0.0229532941363033
并集(命中>=4),并集,量能水平、量能波动、量能动量、量能比,4,569,3563.7434094903338,3501.1985940246045,62.54481546572924,0.9824496861083851,0.1403422709404369,0.13393081993258826,0.006411451007848604,1.948036551438132,2845,0.006101245390580092,0.006738454763236349
留一·去掉量能水平,留一,量能波动、量能动量、量能比,1,569,3563.7434094903338,2158.945518453427,1404.7978910369065,0.60580835104573,0.1871384596238397,0.13393081993258826,0.05320763969125141,2.046295450805016,2845,0.06471900738299578,0.04107291273822125
留一·去掉量能波动,留一,量能水平、量能动量、量能比,1,569,3563.7434094903338,1979.353251318102,1584.3901581722318,0.5554140755608378,0.19566039512830724,0.13393081993258826,0.061729575195718964,2.1490272486071267,2845,0.075785851419601,0.046912128779207946
留一·去掉量能动量,留一,量能水平、量能波动、量能比,1,569,3563.7434094903338,2220.98769771529,1342.755711775044,0.6232176233004729,0.1910183866719781,0.13393081993258826,0.05708756673938982,2.0917423394646453,2845,0.07055042601277943,0.04289567176527514
留一·去掉量能比,留一,量能水平、量能波动、量能动量,1,569,3563.7434094903338,2170.585237258348,1393.1581722319856,0.6090745005597282,0.19852167605970705,0.13393081993258826,0.0645908561271188,2.520392253267498,2845,0.0795438561263886,0.04882812688601128
