name,year,n_days,rank_ic,pearson_ic
5-day VWAP of Price,2010,238,-0.010463960987956404,-0.0052428081331975344
5-day VWAP of Price,2011,244,-0.004679162695781949,-0.005337214671768479
5-day VWAP of Price,2012,243,-0.010579030396765755,-0.006045606872573296
5-day VWAP of Price,2013,238,-0.026890811807189365,-0.013856532413886355
5-day VWAP of Price,2014,245,-0.025801761534608135,-0.014373521637252407
5-day VWAP of Price,2015,244,-0.04263606159588883,-0.030721745596609604
5-day VWAP of Price,2016,244,-0.033577436783897685,-0.020292719720453677
5-day VWAP of Price,2017,244,-0.007730491107464758,0.0015638113511026496
5-day VWAP of Price,2018,243,-0.011476019668097536,-0.0048092419316833074
5-day VWAP of Price,2019,244,-0.005169742493371091,0.002259953744388612
5-day VWAP of Price,2020,243,0.003118107461165228,0.005619175292960684
5-day VWAP of Price,2021,243,-0.014060219288755435,-0.005365794045522123
5-day VWAP of Price,2022,242,-0.01064351966923471,-0.005143481528359874
5-day VWAP of Price,2023,242,-0.02059159086484613,-0.004670292771783146
5-day VWAP of Price,2024,242,-0.007669988065477834,-0.0009773140232175273
5-day VWAP of Price,2025,243,-0.01954374400997289,-0.0011449112903324722
5-day VWAP of Price,2026,180,-0.019439417001414137,-0.004258342415002323
20-day MAX of Price,2010,223,-0.01028946591914092,-0.003096583825742076
20-day MAX of Price,2011,244,-0.005177654499298592,-0.005512234223754728
20-day MAX of Price,2012,243,-0.009117667347652248,-0.00536131606681127
20-day MAX of Price,2013,238,-0.02498580341195291,-0.013555679219778405
20-day MAX of Price,2014,245,-0.025505690925683052,-0.013891743503698475
20-day MAX of Price,2015,244,-0.03355858145451529,-0.021824415526790163
20-day MAX of Price,2016,244,-0.02744081814234156,-0.012799546298326971
20-day MAX of Price,2017,244,-0.004219582659594467,0.007141286753698586
20-day MAX of Price,2018,243,-0.009723561198532241,-0.0036568622733719586
20-day MAX of Price,2019,244,-0.005671705373639517,0.0025040198613586998
20-day MAX of Price,2020,243,0.0011944661969868556,0.005336943202488315
20-day MAX of Price,2021,243,-0.01584053331794183,-0.005364634459790654
20-day MAX of Price,2022,242,-0.011563610109583069,-0.005181845000891727
20-day MAX of Price,2023,242,-0.02191207406185306,-0.004885840884411528
20-day MAX of Price,2024,242,-0.007189822614838243,-0.0006662402527405186
20-day MAX of Price,2025,243,-0.01927822483389169,-0.0008653710645617615
20-day MAX of Price,2026,180,-0.019117075963493203,-0.0037659503259404553
5-day MAX of Price,2010,238,-0.010625324389051952,-0.005008398281015849
5-day MAX of Price,2011,244,-0.005061245090325491,-0.005419706924249678
5-day MAX of Price,2012,243,-0.010917557435061863,-0.005906274459302414
5-day MAX of Price,2013,238,-0.026987010572182068,-0.013572138161050285
5-day MAX of Price,2014,245,-0.02587631424802196,-0.013903233450692871
5-day MAX of Price,2015,244,-0.041813588148250064,-0.02966211547055054
5-day MAX of Price,2016,244,-0.03338763590087547,-0.019445567605423958
5-day MAX of Price,2017,244,-0.007371237515968933,0.002246147383434647
5-day MAX of Price,2018,243,-0.011968269290421224,-0.004869534516940349
5-day MAX of Price,2019,244,-0.005720741098371246,0.0023844372170034804
5-day MAX of Price,2020,243,0.0026964575030146297,0.005748507256299053
5-day MAX of Price,2021,243,-0.0146120768584863,-0.005288366652180704
5-day MAX of Price,2022,242,-0.011230590951321819,-0.005103348011580808
5-day MAX of Price,2023,242,-0.021428547867668707,-0.004657744987296353
5-day MAX of Price,2024,242,-0.00834780578834089,-0.0009447411870697597
5-day MAX of Price,2025,243,-0.020243607092704317,-0.0010400848238952029
5-day MAX of Price,2026,180,-0.01999086505222187,-0.004047801744421551
20-day Momentum of Price,2010,222,-0.03486540360589589,-0.007720799926587933
20-day Momentum of Price,2011,244,-0.024065766027651737,-0.006412857926277152
20-day Momentum of Price,2012,243,-0.04588567840292542,-0.021613975701710187
20-day Momentum of Price,2013,238,-0.04982554356427734,-0.010122106398359237
20-day Momentum of Price,2014,245,-0.034085385428227706,0.005052977150603961
20-day Momentum of Price,2015,244,-0.05939633864232059,-0.02633184424207099
20-day Momentum of Price,2016,244,-0.061534518244047126,-0.01977563554358383
20-day Momentum of Price,2017,244,-0.029423924813612126,-0.0034094923915277287
20-day Momentum of Price,2018,243,-0.04213822045717064,-0.02155587880967381
20-day Momentum of Price,2019,244,-0.05624595590082774,-0.01386629627104052
20-day Momentum of Price,2020,243,-0.024891324299842484,0.013526819605389663
20-day Momentum of Price,2021,243,-0.026368290545560207,0.0026612527698324966
20-day Momentum of Price,2022,242,-0.03176872211441579,-0.011649712303263003
20-day Momentum of Price,2023,242,-0.03578654699061468,-0.001908061987932016
20-day Momentum of Price,2024,242,-0.03857115193783322,-0.016229968988842998
20-day Momentum of Price,2025,243,-0.05785624605740373,-0.010949651582340311
20-day Momentum of Price,2026,180,-0.032376146097269874,0.0009850150207462007
5-day Simple Moving Average of Volume over 20-day Simple Moving Average of Volume,2010,223,-0.05048170265245072,-0.03433740257327346
5-day Simple Moving Average of Volume over 20-day Simple Moving Average of Volume,2011,244,-0.04123038381070113,-0.028520623747768904
5-day Simple Moving Average of Volume over 20-day Simple Moving Average of Volume,2012,243,-0.044964832561414016,-0.03234832130873201
5-day Simple Moving Average of Volume over 20-day Simple Moving Average of Volume,2013,238,-0.045698608688563284,-0.025275270847030632
5-day Simple Moving Average of Volume over 20-day Simple Moving Average of Volume,2014,245,-0.029220579730750918,-0.010531692249481382
5-day Simple Moving Average of Volume over 20-day Simple Moving Average of Volume,2015,244,-0.03358805237319617,-0.026719697714082197
5-day Simple Moving Average of Volume over 20-day Simple Moving Average of Volume,2016,244,-0.04344405272518342,-0.022924928253570523
5-day Simple Moving Average of Volume over 20-day Simple Moving Average of Volume,2017,244,-0.03365173334794477,-0.018610079472444082
5-day Simple Moving Average of Volume over 20-day Simple Moving Average of Volume,2018,243,-0.03945397471053587,-0.036693254416150275
5-day Simple Moving Average of Volume over 20-day Simple Moving Average of Volume,2019,244,-0.054005702406375845,-0.04258351753004953
5-day Simple Moving Average of Volume over 20-day Simple Moving Average of Volume,2020,243,-0.03109336133187566,-0.01765516637890672
5-day Simple Moving Average of Volume over 20-day Simple Moving Average of Volume,2021,243,-0.022243873531991358,-0.006272522777845699
5-day Simple Moving Average of Volume over 20-day Simple Moving Average of Volume,2022,242,-0.02853936499557579,-0.01890378076859006
5-day Simple Moving Average of Volume over 20-day Simple Moving Average of Volume,2023,242,-0.0314573130848929,-0.012792580540801237
5-day Simple Moving Average of Volume over 20-day Simple Moving Average of Volume,2024,242,-0.037140473341543905,-0.024744794802857344
5-day Simple Moving Average of Volume over 20-day Simple Moving Average of Volume,2025,243,-0.04552250203970332,-0.023358360034846
5-day Simple Moving Average of Volume over 20-day Simple Moving Average of Volume,2026,180,-0.030147408504910312,-0.015506851339281928
5-day MOM of Volume,2010,237,-0.062271193983435606,-0.03714626752762182
5-day MOM of Volume,2011,244,-0.05067560458819143,-0.02655658316794917
5-day MOM of Volume,2012,243,-0.0631914603249561,-0.028713244956327873
5-day MOM of Volume,2013,238,-0.05093118748280607,-0.02210792179977943
5-day MOM of Volume,2014,245,-0.0457537633868944,-0.009100329621959854
5-day MOM of Volume,2015,244,-0.04056214657461093,-0.01018847737972473
5-day MOM of Volume,2016,244,-0.04688037782789758,-0.004995505122037911
5-day MOM of Volume,2017,244,-0.03646643823418385,-0.009082680777614191
5-day MOM of Volume,2018,243,-0.05403577308657785,-0.02307573388151715
5-day MOM of Volume,2019,244,-0.05259068175295681,-0.01973079138282557
5-day MOM of Volume,2020,243,-0.03209290816939913,-0.024970041964819476
5-day MOM of Volume,2021,243,-0.030823750221446067,-0.01556879184237953
5-day MOM of Volume,2022,242,-0.02387642165558666,-0.016875622514634533
5-day MOM of Volume,2023,242,-0.03250341866236595,-0.0160210507557717
5-day MOM of Volume,2024,242,-0.041924866235462425,-0.03222049807491908
5-day MOM of Volume,2025,243,-0.035035975270687386,-0.01722740496901284
5-day MOM of Volume,2026,180,-0.025931720563832788,-0.016774579989516338
20-day MIN of Price,2010,223,-0.0094005513950667,-0.0037228068623725167
20-day MIN of Price,2011,244,-0.003084886195054297,-0.005397575148471015
20-day MIN of Price,2012,243,-0.007510193410761452,-0.0056329923585199835
20-day MIN of Price,2013,238,-0.022619064324657382,-0.013797172078673854
20-day MIN of Price,2014,245,-0.021910991271131372,-0.01424363774886406
20-day MIN of Price,2015,244,-0.03194541177816793,-0.024470649796394326
20-day MIN of Price,2016,244,-0.024797992492192663,-0.013126437166217609
20-day MIN of Price,2017,244,-0.0017657871775741182,0.007192810510835346
20-day MIN of Price,2018,243,-0.007923120192269342,-0.0036802042005909716
20-day MIN of Price,2019,244,-0.001241311846212394,0.0028109798610188247
20-day MIN of Price,2020,243,0.005484714875592374,0.005638783850870913
20-day MIN of Price,2021,243,-0.011904942056969703,-0.005571088983892075
20-day MIN of Price,2022,242,-0.0070610576265531366,-0.004874550848194568
20-day MIN of Price,2023,242,-0.01782437215028161,-0.005236259929199925
20-day MIN of Price,2024,242,-0.0032915914036995594,-0.0009903883557951451
20-day MIN of Price,2025,243,-0.01437807069474366,-0.0011942421293536407
20-day MIN of Price,2026,180,-0.016179345191350905,-0.004213004125346665
5-day MOM of Price,2010,237,-0.07871800334185815,-0.03809910651418621
5-day MOM of Price,2011,244,-0.041851654004921586,-0.011762145662933352
5-day MOM of Price,2012,243,-0.06278556795632774,-0.01537414076838153
5-day MOM of Price,2013,238,-0.06980804906150066,-0.014860771909875595
5-day MOM of Price,2014,245,-0.0748160611448137,0.008283454924663964
5-day MOM of Price,2015,244,-0.04359283889824543,0.04328598832155671
5-day MOM of Price,2016,244,-0.05406715107270553,0.11567605779173792
5-day MOM of Price,2017,244,-0.04450176653345426,0.12240725620750116
5-day MOM of Price,2018,243,-0.056119218943953345,0.009546463147465222
5-day MOM of Price,2019,244,-0.05442260152236331,0.018300225805221896
5-day MOM of Price,2020,243,-0.023503199437541065,0.03420456889948492
5-day MOM of Price,2021,243,-0.03750496651305128,0.011101597492597214
5-day MOM of Price,2022,242,-0.03818737658396924,-0.006064418920181894
5-day MOM of Price,2023,242,-0.031357266598381846,-0.00039547937468095517
5-day MOM of Price,2024,242,-0.018125245131371193,0.0013355463160815702
5-day MOM of Price,2025,243,-0.05207655910951813,-0.0030269338777021318
5-day MOM of Price,2026,180,-0.011969834342361972,0.017314179375150687
20-day MOM of Volume,2010,222,-0.05007214542372298,-0.02761317059066438
20-day MOM of Volume,2011,244,-0.04406775316777161,-0.023370234766568063
20-day MOM of Volume,2012,243,-0.06462696548661148,-0.03481177091323375
20-day MOM of Volume,2013,238,-0.05754880009665939,-0.019810743131200254
20-day MOM of Volume,2014,245,-0.03413162398052428,-0.010311670851714324
20-day MOM of Volume,2015,244,-0.0386456845696792,-0.00974766689144051
20-day MOM of Volume,2016,244,-0.058406868232467865,-0.004567489074127942
20-day MOM of Volume,2017,244,-0.04509732884429771,-0.0029215135179959492
20-day MOM of Volume,2018,243,-0.05760988344766733,-0.018084729039432645
20-day MOM of Volume,2019,244,-0.06713549031841365,-0.018149389636730642
20-day MOM of Volume,2020,243,-0.03806915880915569,-0.01315142004325501
20-day MOM of Volume,2021,243,-0.024849082461529295,-0.009392076969784505
20-day MOM of Volume,2022,242,-0.03599684842607358,-0.027301518267968755
20-day MOM of Volume,2023,242,-0.035445576461046666,-0.014683535816164859
20-day MOM of Volume,2024,242,-0.053118375636839736,-0.03188738743710751
20-day MOM of Volume,2025,243,-0.054334197997741605,-0.03137373492627903
20-day MOM of Volume,2026,180,-0.042687173841641245,-0.019977107479938843
5-day SMA of Price,2010,238,-0.010227880837523927,-0.005310548768159778
5-day SMA of Price,2011,244,-0.00448861981453452,-0.005369093538392515
5-day SMA of Price,2012,243,-0.010219781542298632,-0.006079122490674808
5-day SMA of Price,2013,238,-0.0265839642843967,-0.01388376770037324
5-day SMA of Price,2014,245,-0.025625217306557667,-0.01456270918961486
5-day SMA of Price,2015,244,-0.042381914771689844,-0.03067556085987438
5-day SMA of Price,2016,244,-0.03357727862074837,-0.020645269102506466
5-day SMA of Price,2017,244,-0.007923505243186909,0.0012011713347430575
5-day SMA of Price,2018,243,-0.011083435509684046,-0.004807202263903959
5-day SMA of Price,2019,244,-0.00463703403629579,0.00232079661146782
5-day SMA of Price,2020,243,0.0034621341891246326,0.005632940775866663
5-day SMA of Price,2021,243,-0.013760079585991646,-0.005382811766768106
5-day SMA of Price,2022,242,-0.01019076746327091,-0.0051015643649978465
5-day SMA of Price,2023,242,-0.020177968570931227,-0.00462599230045597
5-day SMA of Price,2024,242,-0.0070268391633143655,-0.0009630699211816188
5-day SMA of Price,2025,243,-0.018987215413889157,-0.001128393592237847
5-day SMA of Price,2026,180,-0.01909696747040337,-0.004203104969803948
10-day SMA of Volume,2010,233,-0.03233744600871685,-0.01595127927365805
10-day SMA of Volume,2011,244,-0.03536595506908855,-0.011064586661573552
10-day SMA of Volume,2012,243,-0.032572793887557835,-0.012545251837037039
10-day SMA of Volume,2013,238,-0.0331924418213542,-0.01199737761948589
10-day SMA of Volume,2014,245,-0.0244999597343018,0.0008670098263385497
10-day SMA of Volume,2015,244,-0.03885673880476871,-0.026009763405565735
10-day SMA of Volume,2016,244,-0.04672987027611636,-0.01656695448054926
10-day SMA of Volume,2017,244,-0.027967995210662087,-0.006338358746781657
10-day SMA of Volume,2018,243,-0.03619363322855205,-0.013497394810158457
10-day SMA of Volume,2019,244,-0.04563907049538057,-0.015199792317125716
10-day SMA of Volume,2020,243,-0.03955909906922874,-0.00423594570853009
10-day SMA of Volume,2021,243,-0.04015684492286009,-0.007526752024619808
10-day SMA of Volume,2022,242,-0.04997040925239433,-0.018906336475404496
10-day SMA of Volume,2023,242,-0.05506545878441217,-0.016289868476592584
10-day SMA of Volume,2024,242,-0.038006961538223326,-0.01433893731988497
10-day SMA of Volume,2025,243,-0.04800715746538653,-0.012302667088907161
10-day SMA of Volume,2026,180,-0.038699810351591625,-0.005385176136445377
10-day SMA of Price,2010,233,-0.008115455425918358,-0.003170685515757508
10-day SMA of Price,2011,244,-0.004120679750251272,-0.005366011863217115
10-day SMA of Price,2012,243,-0.008679289499690197,-0.005939528198583595
10-day SMA of Price,2013,238,-0.024684417658251884,-0.0136245928544214
10-day SMA of Price,2014,245,-0.023796524806769335,-0.013801523286669176
10-day SMA of Price,2015,244,-0.03825575633447724,-0.02773003652268251
10-day SMA of Price,2016,244,-0.029413650947288147,-0.016557646683239023
10-day SMA of Price,2017,244,-0.004050493384095811,0.005580104430527545
10-day SMA of Price,2018,243,-0.009518251609705179,-0.004191670778573258
10-day SMA of Price,2019,244,-0.003585654982835994,0.0026273809082853136
10-day SMA of Price,2020,243,0.003615715385653374,0.005645749813278584
10-day SMA of Price,2021,243,-0.013620325868011842,-0.005486403683743673
10-day SMA of Price,2022,242,-0.009552589410212779,-0.005014320147745702
10-day SMA of Price,2023,242,-0.01989009334694826,-0.0047617050781833935
10-day SMA of Price,2024,242,-0.005539606717955512,-0.0006360629031106097
10-day SMA of Price,2025,243,-0.01777012825439019,-0.0010650104009816423
10-day SMA of Price,2026,180,-0.01888699106031195,-0.004284749423253214
20-day SMA of Price,2010,223,-0.009526382166147191,-0.0033793329271459495
20-day SMA of Price,2011,244,-0.003980249216384771,-0.005397237672357783
20-day SMA of Price,2012,243,-0.00812502919504335,-0.005504592948825812
20-day SMA of Price,2013,238,-0.023650855269086855,-0.013738586141811998
20-day SMA of Price,2014,245,-0.023286982865633087,-0.014040959799093283
20-day SMA of Price,2015,244,-0.03244311328848808,-0.022986978404690987
20-day SMA of Price,2016,244,-0.025953313194119167,-0.012993335577850271
20-day SMA of Price,2017,244,-0.002770611100139469,0.007076688643199514
20-day SMA of Price,2018,243,-0.008588212581893564,-0.0036724021341610702
20-day SMA of Price,2019,244,-0.002703942662292792,0.0027794358892399593
20-day SMA of Price,2020,243,0.003739584274442282,0.005539031427419705
20-day SMA of Price,2021,243,-0.013575058603428027,-0.005536058817926252
20-day SMA of Price,2022,242,-0.008764146868644459,-0.004912310627776642
20-day SMA of Price,2023,242,-0.019362837004547422,-0.004984235870755453
20-day SMA of Price,2024,242,-0.0045470753599284024,-0.0007733651878337285
20-day SMA of Price,2025,243,-0.01620337879495547,-0.0009865062186678562
20-day SMA of Price,2026,180,-0.017664531619466423,-0.0040962138885424675
5-day STD of Price,2010,238,-0.020684490279733493,-8.543612402963461e-05
5-day STD of Price,2011,244,-0.023702693761547468,-0.008314966458694388
5-day STD of Price,2012,243,-0.026247118867421437,-0.0028481149136724533
5-day STD of Price,2013,238,-0.03442204772707312,-0.004066656428119487
5-day STD of Price,2014,245,-0.035841547706552256,0.006508799483643967
5-day STD of Price,2015,244,-0.03790684957500404,-0.004153673127015735
5-day STD of Price,2016,244,-0.044567844702293344,0.02439700378156035
5-day STD of Price,2017,244,-0.01771166287779454,0.037171922096841975
5-day STD of Price,2018,243,-0.030615598554793295,-0.00860266121285945
5-day STD of Price,2019,244,-0.0319570764289154,0.0040949526530132995
5-day STD of Price,2020,243,-0.01665182830240159,0.00825855166364174
5-day STD of Price,2021,243,-0.03306663347029618,-0.0037089391769709375
5-day STD of Price,2022,242,-0.031959635315769785,-0.00535779448852172
5-day STD of Price,2023,242,-0.04791931289350118,-0.0067444825837998145
5-day STD of Price,2024,242,-0.034649915935489245,-0.001543933181627626
5-day STD of Price,2025,243,-0.04968824838769943,0.0017612317258276083
5-day STD of Price,2026,180,-0.03515365844752583,0.00012515285568015353
10-day STD of Price,2010,233,-0.015579443001611631,-0.0002493365373116709
10-day STD of Price,2011,244,-0.01749876670813281,-0.006931538044202171
10-day STD of Price,2012,243,-0.019062137967947278,-0.002740121857760077
10-day STD of Price,2013,238,-0.0367487050813504,-0.009788225173049406
10-day STD of Price,2014,245,-0.0383569203536987,-0.004886000933737951
10-day STD of Price,2015,244,-0.0438284625709956,-0.013406824848573426
10-day STD of Price,2016,244,-0.042976341839442114,0.0180396914269601
10-day STD of Price,2017,244,-0.018227110412498557,0.022232534249594205
10-day STD of Price,2018,243,-0.023661563114561496,-0.005452625385094149
10-day STD of Price,2019,244,-0.02747225242182915,-4.106647210352048e-05
10-day STD of Price,2020,243,-0.01667685915818856,0.004447689521797859
10-day STD of Price,2021,243,-0.032178770946087835,-0.0043351925398153295
10-day STD of Price,2022,242,-0.03454781038700609,-0.007845596412779727
10-day STD of Price,2023,242,-0.044873608782879236,-0.006608225249774199
10-day STD of Price,2024,242,-0.031039824130087164,-0.0013168424007110144
10-day STD of Price,2025,243,-0.04789471207508576,0.00039521805466795145
10-day STD of Price,2026,180,-0.03472607152358453,-0.0020368454991701104
20-day STD of Price,2010,223,-0.0115500277666852,0.0010262105419396048
20-day STD of Price,2011,244,-0.014580192113319623,-0.004848712953657346
20-day STD of Price,2012,243,-0.015160880733368489,-0.0038956180195705765
20-day STD of Price,2013,238,-0.033394930016920725,-0.010652492800027537
20-day STD of Price,2014,245,-0.039418184451258914,-0.009106130074209016
20-day STD of Price,2015,244,-0.03718934957526219,-0.012137262707211152
20-day STD of Price,2016,244,-0.03766461496140092,-0.008838131886432026
20-day STD of Price,2017,244,-0.016658577736778042,0.006465448262442141
20-day STD of Price,2018,243,-0.01526328791956227,-0.0034045450425029553
20-day STD of Price,2019,244,-0.02071953442694935,0.00015429788185796116
20-day STD of Price,2020,243,-0.014205140338738804,0.0033224204423285496
20-day STD of Price,2021,243,-0.03055352288164528,-0.004023060465495431
20-day STD of Price,2022,242,-0.03053164442204805,-0.007520593924222003
20-day STD of Price,2023,242,-0.041143165853874904,-0.005749384126668195
20-day STD of Price,2024,242,-0.02517823353427146,-0.0010529350901357184
20-day STD of Price,2025,243,-0.04019633242318576,0.0005897327161702126
20-day STD of Price,2026,180,-0.028250487875646373,-0.0011416956309792876
5-day SMA of Volume,2010,238,-0.04581648223202766,-0.021699922853324782
5-day SMA of Volume,2011,244,-0.04492723641178692,-0.014138671539236414
5-day SMA of Volume,2012,243,-0.043476665243421184,-0.017566691165303048
5-day SMA of Volume,2013,238,-0.04317558280370318,-0.014433823617647503
5-day SMA of Volume,2014,245,-0.03356159192500761,-0.001777815315337696
5-day SMA of Volume,2015,244,-0.052709537840192895,-0.030258173066150848
5-day SMA of Volume,2016,244,-0.05950724921749673,-0.022905703102479955
5-day SMA of Volume,2017,244,-0.041186254379431,-0.012093307129165823
5-day SMA of Volume,2018,243,-0.04471460832558686,-0.01867440861917467
5-day SMA of Volume,2019,244,-0.05389357392558249,-0.018380316858891632
5-day SMA of Volume,2020,243,-0.045392006507613686,-0.007175977237557393
5-day SMA of Volume,2021,243,-0.04514080326958655,-0.009796296458605481
5-day SMA of Volume,2022,242,-0.05445858786302785,-0.02314161157363875
5-day SMA of Volume,2023,242,-0.059164664942840076,-0.018830719676319215
5-day SMA of Volume,2024,242,-0.04334242039515178,-0.018108845697749648
5-day SMA of Volume,2025,243,-0.05387650997720356,-0.01538244749139317
5-day SMA of Volume,2026,180,-0.04202800985347967,-0.0071464243834913
20-day SMA of Volume,2010,223,-0.026305849943955482,-0.014688638762515551
20-day SMA of Volume,2011,244,-0.030398730891434,-0.010719665190191595
20-day SMA of Volume,2012,243,-0.0262128439437024,-0.011129034598807045
20-day SMA of Volume,2013,238,-0.026094282691512333,-0.010232559691275324
20-day SMA of Volume,2014,245,-0.019336538498507066,0.0016628832886817816
20-day SMA of Volume,2015,244,-0.03130010608238616,-0.024342657797888387
20-day SMA of Volume,2016,244,-0.03580169819534411,-0.011408980860578597
20-day SMA of Volume,2017,244,-0.0191260844755442,-0.002776779191497227
20-day SMA of Volume,2018,243,-0.02965723795649979,-0.010763060312363869
20-day SMA of Volume,2019,244,-0.036581449342509245,-0.008898807743738323
20-day SMA of Volume,2020,243,-0.03358299748782079,-0.0033983570776953877
20-day SMA of Volume,2021,243,-0.037877986037835806,-0.007174313259681543
20-day SMA of Volume,2022,242,-0.045555729500835876,-0.016036471578897142
20-day SMA of Volume,2023,242,-0.049741800585740126,-0.013953594061561493
20-day SMA of Volume,2024,242,-0.03193360706004567,-0.01030138199625406
20-day SMA of Volume,2025,243,-0.0404572529665228,-0.008946916822554912
20-day SMA of Volume,2026,180,-0.03394517169402488,-0.003458034494542131
5-day STD of Volume,2010,238,-0.05561641656822359,-0.02520582634847499
5-day STD of Volume,2011,244,-0.055040579724347186,-0.016234846365398847
5-day STD of Volume,2012,243,-0.05561697115451624,-0.020207029263280614
5-day STD of Volume,2013,238,-0.05273332764226637,-0.01567219531317618
5-day STD of Volume,2014,245,-0.04322097939387181,-0.0017132232502503765
5-day STD of Volume,2015,244,-0.06059246064013772,-0.030875356679895487
5-day STD of Volume,2016,244,-0.0724075170777631,-0.025595854467225
5-day STD of Volume,2017,244,-0.05704445368073375,-0.01721469248456886
5-day STD of Volume,2018,243,-0.0610456142253367,-0.02846504724341245
5-day STD of Volume,2019,244,-0.06557045469160645,-0.02571244563878564
5-day STD of Volume,2020,243,-0.052576036114835696,-0.013606362854919665
5-day STD of Volume,2021,243,-0.048571042646267805,-0.011201385671804686
5-day STD of Volume,2022,242,-0.058837655137665874,-0.02328056946014932
5-day STD of Volume,2023,242,-0.06609309828974479,-0.018920324456864993
5-day STD of Volume,2024,242,-0.05237326886152613,-0.02256897576478024
5-day STD of Volume,2025,243,-0.062402386343940554,-0.01633210695525525
5-day STD of Volume,2026,180,-0.049919359300577365,-0.012696045840358232
10-day STD of Volume,2010,233,-0.04128492921529252,-0.019832916254231257
10-day STD of Volume,2011,244,-0.046048307471457,-0.012720666841976954
10-day STD of Volume,2012,243,-0.04398434468330108,-0.013859813209544325
10-day STD of Volume,2013,238,-0.044576694460250164,-0.014268284956614122
10-day STD of Volume,2014,245,-0.03325265137851863,0.0003837261621275638
10-day STD of Volume,2015,244,-0.05103954954286344,-0.028729984150532736
10-day STD of Volume,2016,244,-0.05932182036142995,-0.02050420761625818
10-day STD of Volume,2017,244,-0.04202070741138776,-0.011129650490900785
10-day STD of Volume,2018,243,-0.05293429043881886,-0.021810000329705696
10-day STD of Volume,2019,244,-0.05881079611076435,-0.023145590884013335
10-day STD of Volume,2020,243,-0.0488276807564046,-0.010499771619730786
10-day STD of Volume,2021,243,-0.04412382443913371,-0.008824985563969637
10-day STD of Volume,2022,242,-0.05697527494133127,-0.021837558700736545
10-day STD of Volume,2023,242,-0.06251074365383893,-0.01695622286929579
10-day STD of Volume,2024,242,-0.04701923771617837,-0.020924785680823302
10-day STD of Volume,2025,243,-0.06013284095323335,-0.016223870067888127
10-day STD of Volume,2026,180,-0.048170592729802626,-0.010634123644560114
20-day STD of Volume,2010,223,-0.03497984265568625,-0.016891583450054544
20-day STD of Volume,2011,244,-0.04066362515263148,-0.014436919422315491
20-day STD of Volume,2012,243,-0.038282467099570686,-0.013690972767948742
20-day STD of Volume,2013,238,-0.036999632099615085,-0.012949868937751609
20-day STD of Volume,2014,245,-0.028643284058041667,0.0010088376507442186
20-day STD of Volume,2015,244,-0.04269387743846595,-0.026867813294088737
20-day STD of Volume,2016,244,-0.04682896071232694,-0.015232856283032087
20-day STD of Volume,2017,244,-0.0323537032031644,-0.007324558534683179
20-day STD of Volume,2018,243,-0.044526906949164925,-0.01719391254396137
20-day STD of Volume,2019,244,-0.04897395936956608,-0.016552388890926577
20-day STD of Volume,2020,243,-0.04330870696303613,-0.008948206574123645
20-day STD of Volume,2021,243,-0.04200589530289368,-0.0081901833055572
20-day STD of Volume,2022,242,-0.05280186271015321,-0.020148498627218035
20-day STD of Volume,2023,242,-0.055673142538408944,-0.016068715539259835
20-day STD of Volume,2024,242,-0.04082054787238484,-0.01805663491910405
20-day STD of Volume,2025,243,-0.05197095797269599,-0.014170343266879305
20-day STD of Volume,2026,180,-0.04240923077203427,-0.007839002331801563
