gate,variant,kind,top_n,sort_axis,n_rebal,factor_coverage,universe,ann_return,ann_return_gross,ann_vol,sharpe,max_drawdown,one_way_turnover,avg_amount_20d,avg_blocked_limit_up,excess_univ_ew_ann,excess_univ_ew_ir,excess_univ_ew_days,excess_sh000300_ann,excess_sh000300_ir,excess_sh000300_days
dated,参照·不剔除,参照,50,"ts_std(volume,20)",569,3981.5384615384614,3573.7412587412587,0.16883927606977522,0.21580087509937584,0.26742593993371344,0.6313496593173618,-0.5114762783050537,0.3112478031634447,105154290.67135325,6.182776801405975,0.008600443747127429,0.07288895662283786,2851,0.12164696977717826,0.7398519714096371,2848
dated,单条·量能水平,单条,50,"ts_std(volume,20)",569,3981.5384615384614,3573.7412587412587,0.16883927606977522,0.21580087509937584,0.26742593993371344,0.6313496593173618,-0.5114762783050537,0.3112478031634447,105154290.67135325,6.182776801405975,0.008600443747127429,0.07288895662283786,2851,0.12164696977717826,0.7398519714096371,2848
dated,单条·量能波动,单条,50,"ts_std(volume,20)",569,3981.5384615384614,3573.7412587412587,0.16883927606977522,0.21580087509937584,0.26742593993371344,0.6313496593173618,-0.5114762783050537,0.3112478031634447,105154290.67135325,6.182776801405975,0.008600443747127429,0.07288895662283786,2851,0.12164696977717826,0.7398519714096371,2848
dated,单条·量能动量,单条,50,"ts_std(volume,20)",569,3981.5384615384614,3573.7412587412587,0.16539644286967814,0.23136014537885785,0.2706926169707118,0.6110120206476617,-0.504386305809021,0.43718804920913884,108139248.75219683,6.182776801405975,0.0051576151308836415,0.04592832865045459,2851,0.1182005143074038,0.7121855765261322,2848
dated,单条·量能比,单条,50,"ts_std(volume,20)",569,3981.5384615384614,3573.7412587412587,0.15243264567106962,0.21109357313252985,0.2690600472351645,0.566537645545866,-0.5197678804397583,0.38878734622144107,106868158.50263621,6.182776801405975,-0.007806168316164985,-0.06855095355031965,2851,0.10522307239131427,0.6372765537563517,2848
dated,并集(命中>=1),并集,50,"ts_std(volume,20)",569,3981.5384615384614,3573.7412587412587,0.15561423590406775,0.22748065064661205,0.27058028595400657,0.5751129848776905,-0.5108712911605835,0.4763093145869947,109152359.94376099,6.182776801405975,-0.004624593668268062,-0.041664381478314534,2851,0.10840800035580297,0.6546679600624749,2848
dated,并集(命中>=2),并集,50,"ts_std(volume,20)",569,3981.5384615384614,3573.7412587412587,0.15811078576371074,0.20986138936132193,0.268750345979842,0.5883184454600482,-0.5100830793380737,0.3429876977152899,105514450.98066784,6.182776801405975,-0.002128022493707249,-0.01848531996711709,2851,0.11090719856115264,0.6728059190797353,2848
dated,并集(命中>=3),并集,50,"ts_std(volume,20)",569,3981.5384615384614,3573.7412587412587,0.16883927606977522,0.21580087509937584,0.26742593993371344,0.6313496593173618,-0.5114762783050537,0.3112478031634447,105154290.67135325,6.182776801405975,0.008600443747127429,0.07288895662283786,2851,0.12164696977717826,0.7398519714096371,2848
dated,并集(命中>=4),并集,50,"ts_std(volume,20)",569,3981.5384615384614,3573.7412587412587,0.16883927606977522,0.21580087509937584,0.26742593993371344,0.6313496593173618,-0.5114762783050537,0.3112478031634447,105154290.67135325,6.182776801405975,0.008600443747127429,0.07288895662283786,2851,0.12164696977717826,0.7398519714096371,2848
dated,留一·去掉量能水平,留一,50,"ts_std(volume,20)",569,3981.5384615384614,3573.7412587412587,0.15561423590406775,0.22748065064661205,0.27058028595400657,0.5751129848776905,-0.5108712911605835,0.4763093145869947,109152359.94376099,6.182776801405975,-0.004624593668268062,-0.041664381478314534,2851,0.10840800035580297,0.6546679600624749,2848
dated,留一·去掉量能波动,留一,50,"ts_std(volume,20)",569,3981.5384615384614,3573.7412587412587,0.15561423590406775,0.22748065064661205,0.27058028595400657,0.5751129848776905,-0.5108712911605835,0.4763093145869947,109152359.94376099,6.182776801405975,-0.004624593668268062,-0.041664381478314534,2851,0.10840800035580297,0.6546679600624749,2848
dated,留一·去掉量能动量,留一,50,"ts_std(volume,20)",569,3981.5384615384614,3573.7412587412587,0.15243264567106962,0.21109357313252985,0.2690600472351645,0.566537645545866,-0.5197678804397583,0.38878734622144107,106868158.50263621,6.182776801405975,-0.007806168316164985,-0.06855095355031965,2851,0.10522307239131427,0.6372765537563517,2848
dated,留一·去掉量能比,留一,50,"ts_std(volume,20)",569,3981.5384615384614,3573.7412587412587,0.16539644286967814,0.23136014537885785,0.2706926169707118,0.6110120206476617,-0.504386305809021,0.43718804920913884,108139248.75219683,6.182776801405975,0.0051576151308836415,0.04592832865045459,2851,0.11820051430225341,0.7121855764964942,2848
