name,status,n_days,span,rank_ic_full,rank_icir_full,pearson_ic_full,roll_last,roll_min,roll_max,roll_same_pct,roll_n,n_years,year_same_pct,lo_ic_year,lo_ic,hi_ic_year,hi_ic,fold_same_pct,fold_min,fold_last,fold_n,slope_per_yr,drift_ratio,recent_ic,recent_sign_ok,expr
5-day VWAP of Price,ok,4062,2010-01-08~2026-09-29,-0.015701354716372153,-0.16863839201686817,-0.006675598757784129,-0.016209063182907046,-0.04313976811795691,0.007318493319875622,0.9490947257937549,3811,17,0.9411764705882353,2015,-0.04263606159588883,2020,0.003118107461165228,0.88,-0.04013288400319448,-0.019743474298439367,25,0.00041529997952029343,-0.4149437065253393,-0.01607339122171172,True,"ts_sum(volume*close,5)/ts_sum(volume,5)"
20-day MAX of Price,ok,4047,2010-01-29~2026-09-29,-0.014616972983897783,-0.15793602113147076,-0.00505163249139066,-0.015915478297313775,-0.03370555761879986,0.005224908897423239,0.964172813487882,3796,17,0.9411764705882353,2015,-0.03355858145451529,2020,0.0011944661969868556,0.96,-0.032961790896320134,-0.018344942202000378,25,0.00019340390703045853,-0.2065593162319939,-0.01578285720824177,True,"max(df,20)"
5-day MAX of Price,ok,4062,2010-01-08~2026-09-29,-0.015994067500993952,-0.1724103313280082,-0.006421010487397118,-0.01685767951781667,-0.04244326631475062,0.00685994284476388,0.9546050905274206,3811,17,0.9411764705882353,2015,-0.041813588148250064,2020,0.0026964575030146297,0.88,-0.039640034337961934,-0.020247940992801205,25,0.000361084193633603,-0.35417177702900754,-0.016724723811612684,True,"max(df,5)"
20-day Momentum of Price,ok,4046,2010-02-01~2026-09-29,-0.04044671455668157,-0.25357317657247025,-0.00893821648631315,-0.03627570325395728,-0.07212220717372132,-0.01364831955393747,1.0,3795,17,1.0,2016,-0.061534518244047126,2011,-0.024065766027651737,1.0,-0.06325364263747582,-0.03272211664979422,25,0.00018726803507166978,-0.0722418461493137,-0.04195954611453948,True,"close/delay(close,20)-1"
5-day Simple Moving Average of Volume over 20-day Simple Moving Average of Volume,ok,4047,2010-01-29~2026-09-29,-0.03780766064268367,-0.36329471440821404,-0.023467799434313628,-0.0336388174351152,-0.055940339803894346,-0.017831694766125696,1.0,3796,17,1.0,2019,-0.054005702406375845,2021,-0.022243873531991358,1.0,-0.055403754120045286,-0.030087580221989905,25,0.0006051779972587701,-0.24988507179682562,-0.03784050855076828,True,"(ts_mean(volume,5))/(ts_mean(volume,20))"
5-day MOM of Volume,ok,4061,2010-01-11~2026-09-29,-0.04291220998806595,-0.4611060061088421,-0.01943112891510182,-0.02257518855957094,-0.06559663860121022,-0.019449963465016894,1.0,3810,17,1.0,2012,-0.0631914603249561,2022,-0.02387642165558666,1.0,-0.06986150936178723,-0.023212425678847168,25,0.0016202281329559891,-0.5920143665094559,-0.03647146495593434,True,"volume/delay(volume,5)-1"
20-day MIN of Price,ok,4047,2010-01-29~2026-09-29,-0.011543140849203607,-0.1224639877939967,-0.0053459514502822575,-0.012516156716580623,-0.032185586613816076,0.009699448917753067,0.9030558482613277,3796,17,0.9411764705882353,2015,-0.03194541177816793,2020,0.005484714875592374,0.96,-0.028403528755324682,-0.015781802786454847,25,0.00039855110857666857,-0.5390102387460032,-0.011922289986542534,True,"min(df,20)"
5-day MOM of Price,ok,4061,2010-01-11~2026-09-29,-0.04716152153282206,-0.3062752101416068,0.017347127004899397,-0.01612201503916344,-0.08267860552452402,-0.008303307883521117,1.0,3810,17,1.0,2010,-0.07871800334185815,2026,-0.011969834342361972,1.0,-0.08693266921975512,-0.009577964344773968,25,0.0023407712081437246,-0.7782302671527489,-0.031214273235532112,True,"close/delay(close,5)-1"
20-day MOM of Volume,ok,4046,2010-02-01~2026-09-29,-0.047211157480527136,-0.47150535979918917,-0.018570618598047317,-0.04401504378867828,-0.0702809769888221,-0.02082634690798876,1.0,3795,17,1.0,2019,-0.06713549031841365,2021,-0.024849082461529295,1.0,-0.06632349267640227,-0.04358865268575385,25,0.0005978820337418765,-0.19759651800948547,-0.0488786686064469,True,"volume/delay(volume,20)-1"
5-day SMA of Price,ok,4062,2010-01-08~2026-09-29,-0.015389855871229936,-0.16533771662301663,-0.006723677489875853,-0.015842799515090662,-0.042868193810241394,0.007651539186348379,0.9448963526633429,3811,17,0.9411764705882353,2015,-0.042381914771689844,2020,0.0034621341891246326,0.88,-0.0396773910842141,-0.01943040761675278,25,0.00043894090903749894,-0.4474411303718077,-0.01555431136584995,True,"ma(df,5)"
10-day SMA of Volume,ok,4057,2010-01-15~2026-09-29,-0.039003882661353254,-0.36096951554651546,-0.012284071143051621,-0.04181639926117405,-0.05587679546113342,-0.023033209806903338,1.0,3806,17,1.0,2023,-0.05506545878441217,2014,-0.0244999597343018,1.0,-0.06016243976840279,-0.03948571506825672,25,-0.001074674209052871,0.43172033609878124,-0.04356930292399485,True,"ts_mean(volume,10)"
10-day SMA of Price,ok,4057,2010-01-15~2026-09-29,-0.01380640349478733,-0.14849277930803695,-0.005779790287597016,-0.015418454762975422,-0.03841788226754409,0.007795484138094078,0.9374671571203363,3806,17,0.9411764705882353,2015,-0.03825575633447724,2020,0.003615715385653374,0.88,-0.033214519268633294,-0.019267203449442098,25,0.00034856225020253286,-0.39557907474902376,-0.014517079039004404,True,"ma(df,10)"
20-day SMA of Price,ok,4047,2010-01-29~2026-09-29,-0.012722953954680895,-0.13688654493486146,-0.0051749650885584775,-0.014107791418264707,-0.03236510984388359,0.007842951916926131,0.928872497365648,3796,17,0.9411764705882353,2015,-0.03244311328848808,2020,0.003739584274442282,0.96,-0.03025470959429809,-0.01718040521025539,25,0.00032410344515098477,-0.3976790204974989,-0.01332842143364256,True,"ma(df,20)"
5-day STD of Price,ok,4062,2010-01-08~2026-09-29,-0.03248156200201919,-0.31331044214729575,0.0022297482339463347,-0.03733409826636994,-0.05841901625433818,-0.011353216086918552,1.0,3811,17,1.0,2025,-0.04968824838769943,2020,-0.01665182830240159,1.0,-0.05170855147484111,-0.033488764390189066,25,-0.0008754245811884322,0.42281095237942945,-0.04046322330269597,True,"std(df,5)"
10-day STD of Price,ok,4057,2010-01-15~2026-09-29,-0.03087228732200479,-0.28951917277148326,-0.0011785843362989098,-0.03579621376611562,-0.05737539296252705,-0.008037173131838757,1.0,3806,17,1.0,2025,-0.04789471207508576,2010,-0.015579443001611631,1.0,-0.05240410077940414,-0.03384391725337265,25,-0.000905466200332148,0.45955443029116155,-0.038553736794341646,True,"std(df,10)"
20-day STD of Price,ok,4047,2010-01-29~2026-09-29,-0.02660834189790825,-0.24396850128548586,-0.0036312959425391493,-0.02848687720428787,-0.05023536749540384,-0.002581935117931888,1.0,3796,17,1.0,2023,-0.041143165853874904,2010,-0.0115500277666852,1.0,-0.05108622690844149,-0.026147524391120145,25,-0.0007557490828740736,0.44340113953026355,-0.032010045518493055,True,"std(df,20)"
5-day SMA of Volume,ok,4062,2010-01-08~2026-09-29,-0.047517971491622,-0.4479516916490512,-0.016097382573297056,-0.04530399033648294,-0.06053560816492765,-0.03219925001852942,1.0,3811,17,1.0,2016,-0.05950724921749673,2014,-0.03356159192500761,1.0,-0.06526658909101309,-0.04266811289200483,25,-0.0005353929409662045,0.17675802711122318,-0.04867295016111407,True,"ts_mean(volume,5)"
20-day SMA of Volume,ok,4047,2010-01-29~2026-09-29,-0.03258450507705782,-0.29902378741637675,-0.009865916945017953,-0.0359528682340949,-0.05068394587883617,-0.017401004246374193,1.0,3796,17,1.0,2023,-0.049741800585740126,2017,-0.0191260844755442,1.0,-0.057424708919993434,-0.03346745910465755,25,-0.0011657241379221452,0.558498034001684,-0.037463831415908415,True,"ts_mean(volume,20)"
5-day STD of Volume,ok,4062,2010-01-08~2026-09-29,-0.05715433261157345,-0.599701055734693,-0.019238578231029976,-0.052944935648377746,-0.07504940670181587,-0.040722720762685884,1.0,3811,17,1.0,2016,-0.0724075170777631,2014,-0.04322097939387181,1.0,-0.06992474870768584,-0.04887383641055981,25,-0.00023871647880512034,0.06552358322511878,-0.05671782967917336,True,"ts_std(volume,5)"
10-day STD of Volume,ok,4057,2010-01-15~2026-09-29,-0.04950901964088377,-0.4928013867115988,-0.01604021923492947,-0.05166110888190321,-0.06534154578100117,-0.031932247742678985,1.0,3806,17,1.0,2023,-0.06251074365383893,2014,-0.03325265137851863,1.0,-0.06536020751082362,-0.04795552408160261,25,-0.0008708414476969266,0.2756057573956618,-0.05344878244055686,True,"ts_std(volume,10)"
20-day STD of Volume,ok,4047,2010-01-29~2026-09-29,-0.04261915569211579,-0.40997413363635016,-0.013808058997694423,-0.0447652722797187,-0.05732025187461456,-0.02672129731826769,1.0,3796,17,1.0,2023,-0.055673142538408944,2014,-0.028643284058041667,1.0,-0.06215630190960159,-0.0408920893180893,25,-0.0009351511608032242,0.34254210622553255,-0.04678558284480443,True,"ts_std(volume,20)"
