gate,variant,kind,rules,min_hits,n_rebal,avg_candidates,avg_kept,avg_excluded,keep_ratio,ann_return,ann_return_pool,gain_ann,gain_ir,gain_days,gain_2015_2020,gain_2021_2026
board,参照·不剔除,参照,量能水平、量能波动、量能动量、量能比,9,569,3565.3163444639717,3565.3163444639717,0.0,1.0,0.13371077213460156,0.13371077213460156,0.0,,2845,0.0,0.0
board,单条·量能水平,单条,量能水平,1,569,3565.3163444639717,2851.6485061511426,713.6678383128292,0.7998304303569097,0.16875704279067805,0.13371077213460156,0.03504627065607651,1.9256496588280612,2845,0.03913241552707354,0.0307388544021735
board,单条·量能波动,单条,量能波动,1,569,3565.3163444639717,2851.6485061511426,713.6678383128292,0.7998304303569097,0.17745669120567487,0.13371077213460156,0.0437459190710733,2.5538992996435743,2845,0.04959974212855467,0.03757510198520848
board,单条·量能动量,单条,量能动量,1,569,3565.3163444639717,2851.6485061511426,713.6678383128292,0.7998304303569097,0.1570626587704834,0.13371077213460156,0.02335188663588183,1.5497173407713671,2845,0.0285058846097848,0.017918791298771115
board,单条·量能比,单条,量能比,1,569,3565.3163444639717,2851.6485061511426,713.6678383128292,0.7998304303569097,0.1575259328399366,0.13371077213460156,0.02381516070533503,1.3507246411125862,2845,0.029337814289638494,0.017993446457621624
board,并集(命中>=1),并集,量能水平、量能波动、量能动量、量能比,1,569,3565.3163444639717,1943.493848857645,1621.8224956063268,0.5451111938146516,0.1982855040562132,0.13371077213460156,0.06457473192161166,2.186457494252346,2845,0.07988112138710016,0.04843947660059127
board,并集(命中>=2),并集,量能水平、量能波动、量能动量、量能比,2,569,3565.3163444639717,2703.555360281195,861.7609841827766,0.7582932618248948,0.18186592261320458,0.13371077213460156,0.04815515047860301,2.4679872071760163,2845,0.057292408932140736,0.03852309463588454
board,并集(命中>=3),并集,量能水平、量能波动、量能动量、量能比,3,569,3565.3163444639717,3256.8207381370826,308.4956063268892,0.9134731461330481,0.15873425787184264,0.13371077213460156,0.0250234857372411,2.5436519611542603,2845,0.026887056138589473,0.023058999971198767
board,并集(命中>=4),并集,量能水平、量能波动、量能动量、量能比,4,569,3565.3163444639717,3502.7240773286467,62.59226713532507,0.9824441196550441,0.1401288617198499,0.13371077213460156,0.006418089585248323,1.9465437630011766,2845,0.0061071664533313835,0.006745849709868346
board,留一·去掉量能水平,留一,量能波动、量能动量、量能比,1,569,3565.3163444639717,2160.0755711775046,1405.2407732864672,0.6058580396467629,0.18722648928108554,0.13371077213460156,0.05351571714648397,2.0560786328674867,2845,0.06485250118311628,0.04156502783710983
board,留一·去掉量能波动,留一,量能水平、量能动量、量能比,1,569,3565.3163444639717,1980.3321616871706,1584.9841827768012,0.5554436045379597,0.19577949550962503,0.13371077213460156,0.06206872337502347,2.1591708751293766,2845,0.07591851041699302,0.047468947865077216
board,留一·去掉量能动量,留一,量能水平、量能波动、量能比,1,569,3565.3163444639717,2222.010544815466,1343.3057996485059,0.6232295622983588,0.19105541051809552,0.13371077213460156,0.05734463838349394,2.1024225019085248,2845,0.070687320405377,0.04327942845428869
board,留一·去掉量能比,留一,量能水平、量能波动、量能动量,1,569,3565.3163444639717,2171.6186291739896,1393.6977152899822,0.6090956367857681,0.19853843499688853,0.13371077213460156,0.06482766286228697,2.5274684938604195,2845,0.07971439743322699,0.0491347874301047
