gate,list_scheme,variant,kind,top_n,sort_axis,n_rebal,factor_coverage,universe,ann_return,ann_return_gross,ann_vol,sharpe,max_drawdown,one_way_turnover,avg_amount_20d,avg_blocked_limit_up,n_list_short,excess_univ_ew_ann,excess_univ_ew_ir,excess_univ_ew_days,excess_sh000300_ann,excess_sh000300_ir,excess_sh000300_days
board,quota,参照·不剔除,参照,50,"ts_mean(volume,20)",570,3981.5384615384614,3573.7412587412587,0.1607493250630796,0.1944512373302132,0.2844362089392936,0.5651507087038551,-0.4907494783401489,0.22305263157894736,77240124.15438597,5.43859649122807,0,0.0010937088864011457,0.010325293862371238,2852,0.11297041343991326,0.6369862087674527,2848
board,quota,单条·量能水平,单条,50,"ts_mean(volume,20)",570,3981.5384615384614,3573.7412587412587,0.164761524181813,0.19844753597863019,0.2840281034661256,0.5800888087169978,-0.4907494783401489,0.22294736842105264,77152023.45263158,5.43859649122807,0,0.005105896430904977,0.04820728345436303,2852,0.11698823253017661,0.6612354117516945,2848
board,quota,单条·量能波动,单条,50,"ts_mean(volume,20)",570,3981.5384615384614,3573.7412587412587,0.16260940139181912,0.19657638506032526,0.28374596012277187,0.5730809394483041,-0.4904729127883911,0.22480701754385962,77289150.6877193,5.43859649122807,0,0.002953789913590299,0.027940489821182073,2852,0.11483309901383333,0.648702874285497,2848
board,quota,单条·量能动量,单条,50,"ts_mean(volume,20)",570,3981.5384615384614,3573.7412587412587,0.14113459875807166,0.2035496507305652,0.28693235847844495,0.4918741110500231,-0.5190239548683167,0.41308771929824556,79942785.95087719,5.43859649122807,0,-0.018521039077313617,-0.1794396243320983,2852,0.09260326003639563,0.5165315297629872,2848
board,quota,单条·量能比,单条,50,"ts_mean(volume,20)",570,3981.5384615384614,3573.7412587412587,0.1388555068988353,0.19145743106491864,0.2843430679278113,0.4883379359685596,-0.49875885248184204,0.34814035087719297,79640216.99649122,5.43859649122807,0,-0.020800118101760745,-0.19946900199348966,2852,0.09042953241272596,0.5110768166882287,2848
board,quota,并集(命中>=1),并集,50,"ts_mean(volume,20)",570,3981.5384615384614,3573.7412587412587,0.13179801567457616,0.20209117862395942,0.28749206203601607,0.4584405382923753,-0.5291001796722412,0.4652280701754385,80922295.46315789,5.43859649122807,0,-0.02785760015831329,-0.2748968132482049,2852,0.08305341617836644,0.4648403374632694,2848
board,quota,并集(命中>=2),并集,50,"ts_mean(volume,20)",570,3981.5384615384614,3573.7412587412587,0.15306913387030363,0.196303216740489,0.28513772338291843,0.536825264837874,-0.5076658725738525,0.2861403508771929,78188337.76140352,5.43859649122807,0,-0.0065864957141457126,-0.06321741571782771,2852,0.10503104455960566,0.5889965641168134,2848
board,quota,并集(命中>=3),并集,50,"ts_mean(volume,20)",570,3981.5384615384614,3573.7412587412587,0.16250059171579778,0.19634034228511155,0.28375858590432834,0.5726719817055553,-0.4904729127883911,0.22396491228070178,77317448.91929825,5.43859649122807,0,0.002844964652467752,0.026879829409737578,2852,0.11472412421351016,0.6482759825222043,2848
board,quota,并集(命中>=4),并集,50,"ts_mean(volume,20)",570,3981.5384615384614,3573.7412587412587,0.16083181975409389,0.19454964715987444,0.2843929205453856,0.5655268051175947,-0.4907494783401489,0.2231578947368421,77251878.40701754,5.43859649122807,0,0.0011761971600208199,0.011102581832094132,2852,0.11305301785498445,0.6375914858165939,2848
board,quota,留一·去掉量能水平,留一,50,"ts_mean(volume,20)",570,3981.5384615384614,3573.7412587412587,0.13101921533234417,0.20131767354905605,0.28780992421805895,0.45522827500929947,-0.5291001796722412,0.4652631578947367,81083861.68070175,5.43859649122807,0,-0.028636409668251872,-0.2821885402220113,2852,0.08227350892827039,0.45960614874556316,2848
board,quota,留一·去掉量能波动,留一,50,"ts_mean(volume,20)",570,3981.5384615384614,3573.7412587412587,0.1328446890693158,0.20310077047906816,0.28757340518604396,0.46195053740582404,-0.5291001796722412,0.46498245614035083,80924751.48421052,5.43859649122807,0,-0.026810924930032343,-0.26462327157847343,2852,0.08410156135569256,0.47065359697605597,2848
board,quota,留一·去掉量能动量,留一,50,"ts_mean(volume,20)",570,3981.5384615384614,3573.7412587412587,0.13956216839142144,0.19216409255750477,0.28355057097868447,0.4921949827493482,-0.49875885248184204,0.34814035087719297,79388377.31929825,5.43859649122807,0,-0.020093465776881203,-0.192938811045627,2852,0.09113717629717918,0.5160188335545489,2848
board,quota,留一·去掉量能比,留一,50,"ts_mean(volume,20)",570,3981.5384615384614,3573.7412587412587,0.1431437786668539,0.2056701632682234,0.2865378545498109,0.49956323883192266,-0.5190239548683167,0.41382456140350876,79621799.95087719,5.43859649122807,0,-0.016511855501448736,-0.160203254370893,2852,0.09461526317390104,0.5285731881641326,2848
