date,pool_n,池_主板,池占比_主板,名单_主板,池_创业板,池占比_创业板,名单_创业板,池_科创板,池占比_科创板,名单_科创板,池_北交所,池占比_北交所,名单_北交所,year
2015-01-05,1794,1526,0.850613154960981,43,268,0.14938684503901895,7,0,0.0,0,0,0.0,0,2015
2015-01-12,1865,1593,0.8541554959785522,45,272,0.14584450402144772,5,0,0.0,0,0,0.0,0,2015
2015-01-19,1824,1573,0.862390350877193,44,251,0.13760964912280702,6,0,0.0,0,0,0.0,0,2015
2015-01-26,1865,1598,0.8568364611260053,45,267,0.14316353887399463,5,0,0.0,0,0,0.0,0,2015
2015-02-02,1882,1610,0.8554729011689692,45,272,0.14452709883103082,5,0,0.0,0,0,0.0,0,2015
2015-02-09,1834,1587,0.8653217011995638,46,247,0.1346782988004362,4,0,0.0,0,0,0.0,0,2015
2015-02-16,1851,1598,0.8633171258779039,46,253,0.13668287412209618,4,0,0.0,0,0,0.0,0,2015
2015-03-02,1870,1602,0.8566844919786096,47,268,0.14331550802139037,3,0,0.0,0,0,0.0,0,2015
2015-03-09,1933,1646,0.851526125193999,45,287,0.14847387480600102,5,0,0.0,0,0,0.0,0,2015
2015-03-16,1936,1650,0.8522727272727273,43,286,0.14772727272727273,7,0,0.0,0,0,0.0,0,2015
2015-03-23,1934,1638,0.8469493278179938,43,296,0.15305067218200621,7,0,0.0,0,0,0.0,0,2015
2015-03-30,1906,1619,0.8494228751311648,44,287,0.15057712486883526,6,0,0.0,0,0,0.0,0,2015
2015-04-07,1883,1604,0.8518321826872013,44,279,0.14816781731279874,6,0,0.0,0,0,0.0,0,2015
2015-04-14,1833,1556,0.8488816148390617,46,277,0.15111838516093834,4,0,0.0,0,0,0.0,0,2015
2015-04-21,1796,1520,0.8463251670378619,42,276,0.15367483296213807,8,0,0.0,0,0,0.0,0,2015
2015-04-28,1820,1543,0.8478021978021978,43,277,0.15219780219780218,7,0,0.0,0,0,0.0,0,2015
2015-05-06,1811,1546,0.853672004417449,40,265,0.14632799558255108,10,0,0.0,0,0,0.0,0,2015
2015-05-13,1830,1562,0.853551912568306,41,268,0.146448087431694,9,0,0.0,0,0,0.0,0,2015
2015-05-20,1860,1577,0.8478494623655914,43,283,0.1521505376344086,7,0,0.0,0,0,0.0,0,2015
2015-05-27,1802,1512,0.8390677025527192,43,290,0.1609322974472808,7,0,0.0,0,0,0.0,0,2015
2015-06-03,1808,1529,0.8456858407079646,43,279,0.1543141592920354,7,0,0.0,0,0,0.0,0,2015
2015-06-10,1748,1477,0.8449656750572082,41,271,0.15503432494279176,9,0,0.0,0,0,0.0,0,2015
2015-06-17,1778,1510,0.8492688413948256,40,268,0.15073115860517436,10,0,0.0,0,0,0.0,0,2015
2015-06-25,1773,1493,0.8420755781161873,38,280,0.15792442188381275,12,0,0.0,0,0,0.0,0,2015
2015-07-02,1753,1504,0.8579577866514546,35,249,0.14204221334854536,15,0,0.0,0,0,0.0,0,2015
2015-07-09,975,848,0.8697435897435898,43,127,0.13025641025641024,7,0,0.0,0,0,0.0,0,2015
2015-07-16,1103,970,0.8794197642792384,41,133,0.12058023572076156,9,0,0.0,0,0,0.0,0,2015
2015-07-23,1061,919,0.8661639962299718,38,142,0.13383600377002827,12,0,0.0,0,0,0.0,0,2015
2015-07-30,1089,955,0.8769513314967861,39,134,0.12304866850321396,11,0,0.0,0,0,0.0,0,2015
2015-08-06,1127,981,0.870452528837622,41,146,0.129547471162378,9,0,0.0,0,0,0.0,0,2015
2015-08-13,1737,1452,0.8359240069084629,41,285,0.16407599309153714,9,0,0.0,0,0,0.0,0,2015
2015-08-20,1853,1543,0.8327037236913114,41,310,0.16729627630868862,9,0,0.0,0,0,0.0,0,2015
2015-08-27,1847,1530,0.828370330265295,37,317,0.17162966973470492,13,0,0.0,0,0,0.0,0,2015
2015-09-07,1862,1542,0.8281417830290011,38,320,0.17185821697099893,12,0,0.0,0,0,0.0,0,2015
2015-09-14,1928,1600,0.8298755186721992,40,328,0.17012448132780084,10,0,0.0,0,0,0.0,0,2015
2015-09-21,1937,1629,0.8409912235415591,43,308,0.1590087764584409,7,0,0.0,0,0,0.0,0,2015
2015-09-28,1971,1637,0.8305428716387621,42,334,0.16945712836123794,8,0,0.0,0,0,0.0,0,2015
2015-10-12,1989,1631,0.8200100553041729,45,358,0.17998994469582705,5,0,0.0,0,0,0.0,0,2015
2015-10-19,1950,1603,0.8220512820512821,47,347,0.17794871794871794,3,0,0.0,0,0,0.0,0,2015
2015-10-26,1964,1623,0.8263747454175153,46,341,0.17362525458248473,4,0,0.0,0,0,0.0,0,2015
2015-11-02,2016,1666,0.8263888888888888,47,350,0.1736111111111111,3,0,0.0,0,0,0.0,0,2015
2015-11-09,1980,1607,0.8116161616161616,48,373,0.18838383838383838,2,0,0.0,0,0,0.0,0,2015
2015-11-16,2008,1648,0.8207171314741036,49,360,0.17928286852589642,1,0,0.0,0,0,0.0,0,2015
2015-11-23,2026,1673,0.8257650542941757,48,353,0.1742349457058243,2,0,0.0,0,0,0.0,0,2015
2015-11-30,2064,1708,0.8275193798449613,49,356,0.17248062015503876,1,0,0.0,0,0,0.0,0,2015
2015-12-07,2068,1701,0.8225338491295938,50,367,0.17746615087040618,0,0,0.0,0,0,0.0,0,2015
2015-12-14,2086,1719,0.824065196548418,50,367,0.17593480345158197,0,0,0.0,0,0,0.0,0,2015
2015-12-21,2103,1734,0.8245363766048502,48,369,0.1754636233951498,2,0,0.0,0,0,0.0,0,2015
2015-12-28,2148,1784,0.8305400372439479,45,364,0.16945996275605213,5,0,0.0,0,0,0.0,0,2015
2016-01-05,2143,1763,0.8226784881007932,45,380,0.17732151189920672,5,0,0.0,0,0,0.0,0,2016
2016-01-12,2130,1749,0.8211267605633803,46,381,0.17887323943661973,4,0,0.0,0,0,0.0,0,2016
2016-01-19,2143,1793,0.836677554829678,47,350,0.163322445170322,3,0,0.0,0,0,0.0,0,2016
2016-01-26,2134,1763,0.8261480787253983,47,371,0.1738519212746017,3,0,0.0,0,0,0.0,0,2016
2016-02-02,2186,1820,0.8325709057639524,47,366,0.16742909423604757,3,0,0.0,0,0,0.0,0,2016
2016-02-16,2155,1777,0.8245939675174014,47,378,0.17540603248259862,3,0,0.0,0,0,0.0,0,2016
2016-02-23,2165,1797,0.8300230946882217,47,368,0.16997690531177828,3,0,0.0,0,0,0.0,0,2016
2016-03-01,2173,1801,0.8288080994017487,48,372,0.17119190059825126,2,0,0.0,0,0,0.0,0,2016
2016-03-08,2134,1748,0.8191190253045924,47,386,0.18088097469540768,3,0,0.0,0,0,0.0,0,2016
2016-03-15,2164,1807,0.8350277264325323,47,357,0.16497227356746766,3,0,0.0,0,0,0.0,0,2016
2016-03-22,2179,1802,0.8269848554382745,48,377,0.17301514456172556,2,0,0.0,0,0,0.0,0,2016
2016-03-29,2177,1804,0.8286632981166743,47,373,0.17133670188332567,3,0,0.0,0,0,0.0,0,2016
2016-04-06,2137,1775,0.8306036499766027,49,362,0.16939635002339729,1,0,0.0,0,0,0.0,0,2016
2016-04-13,2088,1730,0.828544061302682,50,358,0.171455938697318,0,0,0.0,0,0,0.0,0,2016
2016-04-20,2128,1770,0.831766917293233,50,358,0.16823308270676693,0,0,0.0,0,0,0.0,0,2016
2016-04-27,2070,1726,0.8338164251207729,50,344,0.16618357487922705,0,0,0.0,0,0,0.0,0,2016
2016-05-05,2067,1736,0.8398645379777455,50,331,0.16013546202225448,0,0,0.0,0,0,0.0,0,2016
2016-05-12,2116,1759,0.8312854442344045,50,357,0.16871455576559546,0,0,0.0,0,0,0.0,0,2016
2016-05-19,2096,1766,0.8425572519083969,50,330,0.15744274809160305,0,0,0.0,0,0,0.0,0,2016
2016-05-26,2097,1759,0.8388173581306628,50,338,0.16118264186933715,0,0,0.0,0,0,0.0,0,2016
2016-06-02,2188,1841,0.8414076782449725,50,347,0.1585923217550274,0,0,0.0,0,0,0.0,0,2016
2016-06-13,2167,1812,0.8361790493770189,50,355,0.16382095062298108,0,0,0.0,0,0,0.0,0,2016
2016-06-20,2148,1793,0.8347299813780261,50,355,0.16527001862197394,0,0,0.0,0,0,0.0,0,2016
2016-06-27,2179,1832,0.8407526388251492,50,347,0.15924736117485086,0,0,0.0,0,0,0.0,0,2016
2016-07-04,2238,1851,0.8270777479892761,50,387,0.17292225201072386,0,0,0.0,0,0,0.0,0,2016
2016-07-11,2234,1850,0.8281110116383169,50,384,0.1718889883616831,0,0,0.0,0,0,0.0,0,2016
2016-07-18,2240,1855,0.828125,50,385,0.171875,0,0,0.0,0,0,0.0,0,2016
2016-07-25,2197,1815,0.8261265361857077,50,382,0.17387346381429222,0,0,0.0,0,0,0.0,0,2016
2016-08-01,2283,1877,0.8221638195356986,49,406,0.17783618046430136,1,0,0.0,0,0,0.0,0,2016
2016-08-08,2223,1831,0.8236617183985605,49,392,0.1763382816014395,1,0,0.0,0,0,0.0,0,2016
2016-08-15,2242,1841,0.8211418376449598,49,401,0.17885816235504015,1,0,0.0,0,0,0.0,0,2016
2016-08-22,2293,1890,0.8242477104230266,49,403,0.1757522895769734,1,0,0.0,0,0,0.0,0,2016
2016-08-29,2319,1932,0.833117723156533,48,387,0.16688227684346701,2,0,0.0,0,0,0.0,0,2016
2016-09-05,2300,1899,0.8256521739130435,47,401,0.1743478260869565,3,0,0.0,0,0,0.0,0,2016
2016-09-12,2305,1908,0.827765726681128,47,397,0.172234273318872,3,0,0.0,0,0,0.0,0,2016
2016-09-21,2248,1857,0.826067615658363,48,391,0.17393238434163702,2,0,0.0,0,0,0.0,0,2016
2016-09-28,2284,1885,0.8253064798598949,48,399,0.17469352014010509,2,0,0.0,0,0,0.0,0,2016
2016-10-12,2269,1873,0.8254737769942706,48,396,0.1745262230057294,2,0,0.0,0,0,0.0,0,2016
2016-10-19,2241,1839,0.820615796519411,48,402,0.17938420348058903,2,0,0.0,0,0,0.0,0,2016
2016-10-26,2261,1848,0.8173374613003096,48,413,0.1826625386996904,2,0,0.0,0,0,0.0,0,2016
2016-11-02,2298,1886,0.8207136640557006,48,412,0.17928633594429938,2,0,0.0,0,0,0.0,0,2016
2016-11-09,2307,1885,0.8170784568703945,48,422,0.18292154312960554,2,0,0.0,0,0,0.0,0,2016
2016-11-16,2343,1920,0.8194622279129321,49,423,0.18053777208706787,1,0,0.0,0,0,0.0,0,2016
2016-11-23,2332,1903,0.8160377358490566,48,429,0.18396226415094338,2,0,0.0,0,0,0.0,0,2016
2016-11-30,2318,1898,0.818809318377912,48,420,0.181190681622088,2,0,0.0,0,0,0.0,0,2016
2016-12-07,2323,1900,0.8179078777442962,50,423,0.18209212225570384,0,0,0.0,0,0,0.0,0,2016
2016-12-14,2340,1913,0.8175213675213675,47,427,0.18247863247863247,3,0,0.0,0,0,0.0,0,2016
2016-12-21,2307,1874,0.8123103597745991,48,433,0.18768964022540097,2,0,0.0,0,0,0.0,0,2016
2016-12-28,2343,1915,0.8173282116944088,48,428,0.1826717883055911,2,0,0.0,0,0,0.0,0,2016
2017-01-05,2358,1913,0.8112807463952502,49,445,0.18871925360474978,1,0,0.0,0,0,0.0,0,2017
2017-01-12,2383,1932,0.8107427612253462,48,451,0.1892572387746538,2,0,0.0,0,0,0.0,0,2017
2017-01-19,2447,1984,0.8107887208827135,48,463,0.18921127911728647,2,0,0.0,0,0,0.0,0,2017
2017-01-26,2401,1949,0.8117451062057476,47,452,0.1882548937942524,3,0,0.0,0,0,0.0,0,2017
2017-02-09,2393,1940,0.8106978687839532,47,453,0.1893021312160468,3,0,0.0,0,0,0.0,0,2017
2017-02-16,2381,1922,0.8072238555228896,47,459,0.19277614447711044,3,0,0.0,0,0,0.0,0,2017
2017-02-23,2407,1948,0.8093061902783548,47,459,0.1906938097216452,3,0,0.0,0,0,0.0,0,2017
2017-03-02,2455,1998,0.8138492871690428,44,457,0.18615071283095724,6,0,0.0,0,0,0.0,0,2017
2017-03-09,2467,2013,0.8159708147547629,43,454,0.18402918524523712,7,0,0.0,0,0,0.0,0,2017
2017-03-16,2438,1985,0.8141919606234619,45,453,0.18580803937653814,5,0,0.0,0,0,0.0,0,2017
2017-03-23,2468,2006,0.8128038897893031,48,462,0.18719611021069693,2,0,0.0,0,0,0.0,0,2017
2017-03-30,2444,1960,0.8019639934533551,49,484,0.19803600654664485,1,0,0.0,0,0,0.0,0,2017
2017-04-10,2371,1910,0.8055672711935892,48,461,0.1944327288064108,2,0,0.0,0,0,0.0,0,2017
2017-04-17,2418,1941,0.8027295285359801,47,477,0.19727047146401985,3,0,0.0,0,0,0.0,0,2017
2017-04-24,2449,1971,0.8048182931808902,44,478,0.19518170681910985,6,0,0.0,0,0,0.0,0,2017
2017-05-02,2421,1945,0.8033870301528294,41,476,0.19661296984717058,9,0,0.0,0,0,0.0,0,2017
2017-05-09,2418,1957,0.8093465674110836,44,461,0.19065343258891645,6,0,0.0,0,0,0.0,0,2017
2017-05-16,2385,1948,0.8167714884696017,45,437,0.18322851153039832,5,0,0.0,0,0,0.0,0,2017
2017-05-23,2393,1944,0.8123694107814459,47,449,0.1876305892185541,3,0,0.0,0,0,0.0,0,2017
2017-06-01,2353,1907,0.8104547386315342,45,446,0.18954526136846578,5,0,0.0,0,0,0.0,0,2017
2017-06-08,2350,1918,0.8161702127659575,46,432,0.18382978723404256,4,0,0.0,0,0,0.0,0,2017
2017-06-15,2392,1948,0.81438127090301,48,444,0.18561872909698995,2,0,0.0,0,0,0.0,0,2017
2017-06-22,2359,1899,0.8050021195421789,48,460,0.1949978804578211,2,0,0.0,0,0,0.0,0,2017
2017-06-29,2393,1925,0.8044295862933556,49,468,0.19557041370664438,1,0,0.0,0,0,0.0,0,2017
2017-07-06,2393,1943,0.8119515252820727,48,450,0.1880484747179273,2,0,0.0,0,0,0.0,0,2017
2017-07-13,2412,1940,0.8043117744610282,48,472,0.1956882255389718,2,0,0.0,0,0,0.0,0,2017
2017-07-20,2428,1946,0.8014827018121911,48,482,0.1985172981878089,2,0,0.0,0,0,0.0,0,2017
2017-07-27,2424,1976,0.8151815181518152,48,448,0.1848184818481848,2,0,0.0,0,0,0.0,0,2017
2017-08-03,2376,1908,0.803030303030303,47,468,0.19696969696969696,3,0,0.0,0,0,0.0,0,2017
2017-08-10,2425,1966,0.8107216494845361,46,459,0.1892783505154639,4,0,0.0,0,0,0.0,0,2017
2017-08-17,2483,2034,0.8191703584373742,48,449,0.18082964156262585,2,0,0.0,0,0,0.0,0,2017
2017-08-24,2502,2027,0.8101518784972023,49,475,0.18984812150279776,1,0,0.0,0,0,0.0,0,2017
2017-08-31,2548,2036,0.7990580847723705,49,512,0.20094191522762953,1,0,0.0,0,0,0.0,0,2017
2017-09-07,2589,2094,0.8088064889918888,49,495,0.19119351100811124,1,0,0.0,0,0,0.0,0,2017
2017-09-14,2604,2076,0.7972350230414746,49,528,0.20276497695852536,1,0,0.0,0,0,0.0,0,2017
2017-09-21,2635,2121,0.8049335863377609,48,514,0.1950664136622391,2,0,0.0,0,0,0.0,0,2017
2017-09-28,2634,2117,0.8037205770690964,48,517,0.19627942293090356,2,0,0.0,0,0,0.0,0,2017
2017-10-12,2622,2121,0.8089244851258581,49,501,0.19107551487414187,1,0,0.0,0,0,0.0,0,2017
2017-10-19,2592,2076,0.8009259259259259,49,516,0.19907407407407407,1,0,0.0,0,0,0.0,0,2017
2017-10-26,2579,2047,0.7937184955409073,49,532,0.20628150445909268,1,0,0.0,0,0,0.0,0,2017
2017-11-02,2615,2080,0.7954110898661568,49,535,0.2045889101338432,1,0,0.0,0,0,0.0,0,2017
2017-11-09,2559,2039,0.7967956232903478,49,520,0.20320437670965222,1,0,0.0,0,0,0.0,0,2017
2017-11-16,2506,1993,0.795291300877893,50,513,0.20470869912210693,0,0,0.0,0,0,0.0,0,2017
2017-11-23,2537,2019,0.795821836815136,48,518,0.204178163184864,2,0,0.0,0,0,0.0,0,2017
2017-11-30,2429,1930,0.7945656648826678,48,499,0.20543433511733222,2,0,0.0,0,0,0.0,0,2017
2017-12-07,2424,1932,0.7970297029702971,47,492,0.20297029702970298,3,0,0.0,0,0,0.0,0,2017
2017-12-14,2261,1820,0.804953560371517,47,441,0.19504643962848298,3,0,0.0,0,0,0.0,0,2017
2017-12-21,2142,1715,0.8006535947712419,50,427,0.19934640522875818,0,0,0.0,0,0,0.0,0,2017
2017-12-28,2123,1692,0.7969853980216675,48,431,0.20301460197833254,2,0,0.0,0,0,0.0,0,2017
2018-01-05,2158,1730,0.8016682113067656,48,428,0.19833178869323448,2,0,0.0,0,0,0.0,0,2018
2018-01-12,2225,1802,0.8098876404494382,47,423,0.1901123595505618,3,0,0.0,0,0,0.0,0,2018
2018-01-19,2281,1826,0.8005260850504164,47,455,0.19947391494958353,3,0,0.0,0,0,0.0,0,2018
2018-01-26,2351,1900,0.8081667375584858,43,451,0.19183326244151425,7,0,0.0,0,0,0.0,0,2018
2018-02-02,2353,1892,0.80407989800255,47,461,0.19592010199745005,3,0,0.0,0,0,0.0,0,2018
2018-02-09,2268,1826,0.8051146384479718,49,442,0.1948853615520282,1,0,0.0,0,0,0.0,0,2018
2018-02-23,2219,1790,0.8066696710229834,49,429,0.19333032897701669,1,0,0.0,0,0,0.0,0,2018
2018-03-02,2191,1764,0.805111821086262,49,427,0.19488817891373802,1,0,0.0,0,0,0.0,0,2018
2018-03-09,2175,1738,0.799080459770115,48,437,0.20091954022988506,2,0,0.0,0,0,0.0,0,2018
2018-03-16,2282,1803,0.7900964066608238,49,479,0.20990359333917616,1,0,0.0,0,0,0.0,0,2018
2018-03-23,2436,1916,0.7865353037766831,48,520,0.2134646962233169,2,0,0.0,0,0,0.0,0,2018
2018-03-30,2498,1996,0.7990392313851081,47,502,0.20096076861489193,3,0,0.0,0,0,0.0,0,2018
2018-04-10,2531,2003,0.7913868036349269,46,528,0.20861319636507308,4,0,0.0,0,0,0.0,0,2018
2018-04-17,2544,2003,0.7873427672955975,50,541,0.2126572327044025,0,0,0.0,0,0,0.0,0,2018
2018-04-24,2472,1914,0.7742718446601942,49,558,0.22572815533980584,1,0,0.0,0,0,0.0,0,2018
2018-05-03,2473,1927,0.7792155276991508,47,546,0.22078447230084916,3,0,0.0,0,0,0.0,0,2018
2018-05-10,2426,1890,0.7790601813685079,47,536,0.22093981863149217,3,0,0.0,0,0,0.0,0,2018
2018-05-17,2439,1882,0.7716277162771628,49,557,0.22837228372283722,1,0,0.0,0,0,0.0,0,2018
2018-05-24,2430,1878,0.7728395061728395,47,552,0.2271604938271605,3,0,0.0,0,0,0.0,0,2018
2018-05-31,2450,1891,0.7718367346938776,47,559,0.22816326530612244,3,0,0.0,0,0,0.0,0,2018
2018-06-07,2396,1863,0.7775459098497496,47,533,0.22245409015025042,3,0,0.0,0,0,0.0,0,2018
2018-06-14,2366,1851,0.7823330515638208,46,515,0.2176669484361792,4,0,0.0,0,0,0.0,0,2018
2018-06-22,2340,1823,0.7790598290598291,46,517,0.22094017094017093,4,0,0.0,0,0,0.0,0,2018
2018-06-29,2209,1737,0.7863286555002263,47,472,0.21367134449977365,3,0,0.0,0,0,0.0,0,2018
2018-07-06,2201,1714,0.7787369377555656,45,487,0.22126306224443434,5,0,0.0,0,0,0.0,0,2018
2018-07-13,2216,1734,0.7824909747292419,47,482,0.21750902527075813,3,0,0.0,0,0,0.0,0,2018
2018-07-20,2138,1641,0.7675397567820393,45,497,0.23246024321796072,5,0,0.0,0,0,0.0,0,2018
2018-07-27,2313,1777,0.7682663207955037,48,536,0.23173367920449633,2,0,0.0,0,0,0.0,0,2018
2018-08-03,2356,1813,0.7695246179966044,48,543,0.2304753820033956,2,0,0.0,0,0,0.0,0,2018
2018-08-10,2343,1829,0.7806231327358087,48,514,0.2193768672641912,2,0,0.0,0,0,0.0,0,2018
2018-08-17,2332,1829,0.7843053173241853,47,503,0.21569468267581476,3,0,0.0,0,0,0.0,0,2018
2018-08-24,2124,1667,0.7848399246704332,47,457,0.21516007532956685,3,0,0.0,0,0,0.0,0,2018
2018-08-31,2076,1629,0.7846820809248555,45,447,0.2153179190751445,5,0,0.0,0,0,0.0,0,2018
2018-09-07,1935,1530,0.7906976744186046,47,405,0.20930232558139536,3,0,0.0,0,0,0.0,0,2018
2018-09-14,1912,1482,0.7751046025104602,48,430,0.22489539748953974,2,0,0.0,0,0,0.0,0,2018
2018-09-21,1935,1494,0.772093023255814,48,441,0.22790697674418606,2,0,0.0,0,0,0.0,0,2018
2018-10-08,1959,1519,0.7753956100051046,47,440,0.22460438999489535,3,0,0.0,0,0,0.0,0,2018
2018-10-15,2016,1581,0.7842261904761905,47,435,0.21577380952380953,3,0,0.0,0,0,0.0,0,2018
2018-10-22,2045,1594,0.7794621026894866,45,451,0.22053789731051346,5,0,0.0,0,0,0.0,0,2018
2018-10-29,2035,1586,0.7793611793611793,45,449,0.22063882063882065,5,0,0.0,0,0,0.0,0,2018
2018-11-05,2169,1704,0.7856154910096819,44,465,0.2143845089903181,6,0,0.0,0,0,0.0,0,2018
2018-11-12,2272,1798,0.7913732394366197,46,474,0.20862676056338028,4,0,0.0,0,0,0.0,0,2018
2018-11-19,2515,1966,0.7817097415506958,48,549,0.21829025844930416,2,0,0.0,0,0,0.0,0,2018
2018-11-26,2677,2116,0.7904370564064251,48,561,0.20956294359357489,2,0,0.0,0,0,0.0,0,2018
2018-12-03,2654,2103,0.792388847023361,49,551,0.20761115297663904,1,0,0.0,0,0,0.0,0,2018
2018-12-10,2696,2139,0.7933976261127597,48,557,0.20660237388724034,2,0,0.0,0,0,0.0,0,2018
2018-12-17,2482,1962,0.790491539081386,49,520,0.20950846091861403,1,0,0.0,0,0,0.0,0,2018
2018-12-24,2304,1815,0.7877604166666666,50,489,0.21223958333333334,0,0,0.0,0,0,0.0,0,2018
2019-01-02,2219,1733,0.7809824245155476,49,486,0.21901757548445244,1,0,0.0,0,0,0.0,0,2019
2019-01-09,2193,1700,0.7751937984496124,47,493,0.2248062015503876,3,0,0.0,0,0,0.0,0,2019
2019-01-16,2271,1772,0.7802730074856892,47,499,0.21972699251431088,3,0,0.0,0,0,0.0,0,2019
2019-01-23,2341,1818,0.7765912003417343,47,523,0.2234087996582657,3,0,0.0,0,0,0.0,0,2019
2019-01-30,2403,1891,0.7869330004161464,47,512,0.21306699958385353,3,0,0.0,0,0,0.0,0,2019
2019-02-13,2345,1829,0.7799573560767591,46,516,0.22004264392324094,4,0,0.0,0,0,0.0,0,2019
2019-02-20,2536,1993,0.7858832807570978,46,543,0.2141167192429022,4,0,0.0,0,0,0.0,0,2019
2019-02-27,2900,2268,0.7820689655172414,45,632,0.21793103448275863,5,0,0.0,0,0,0.0,0,2019
2019-03-06,3073,2425,0.7891311422063131,46,648,0.21086885779368694,4,0,0.0,0,0,0.0,0,2019
2019-03-13,3203,2528,0.7892600686856073,45,675,0.21073993131439275,5,0,0.0,0,0,0.0,0,2019
2019-03-20,3194,2506,0.7845961177207263,45,688,0.21540388227927365,5,0,0.0,0,0,0.0,0,2019
2019-03-27,3197,2526,0.7901157335001564,48,671,0.2098842664998436,2,0,0.0,0,0,0.0,0,2019
2019-04-03,3164,2479,0.7835018963337548,45,685,0.21649810366624525,5,0,0.0,0,0,0.0,0,2019
2019-04-11,3151,2479,0.7867343700412568,43,672,0.21326562995874326,7,0,0.0,0,0,0.0,0,2019
2019-04-18,3103,2442,0.7869803416048985,46,661,0.2130196583951015,4,0,0.0,0,0,0.0,0,2019
2019-04-25,3088,2421,0.7840025906735751,46,667,0.21599740932642486,4,0,0.0,0,0,0.0,0,2019
2019-05-07,3119,2434,0.7803783263866624,45,685,0.21962167361333762,5,0,0.0,0,0,0.0,0,2019
2019-05-14,3022,2380,0.7875579086697552,46,642,0.21244209133024486,4,0,0.0,0,0,0.0,0,2019
2019-05-21,2906,2293,0.7890571231933929,46,613,0.21094287680660703,4,0,0.0,0,0,0.0,0,2019
2019-05-28,2759,2178,0.7894164552374049,48,581,0.21058354476259514,2,0,0.0,0,0,0.0,0,2019
2019-06-04,2679,2100,0.7838745800671892,47,579,0.21612541993281076,3,0,0.0,0,0,0.0,0,2019
2019-06-12,2620,2044,0.7801526717557252,48,576,0.2198473282442748,2,0,0.0,0,0,0.0,0,2019
2019-06-19,2620,2047,0.7812977099236641,48,573,0.21870229007633588,2,0,0.0,0,0,0.0,0,2019
2019-06-26,2703,2110,0.780614132445431,48,593,0.219385867554569,2,0,0.0,0,0,0.0,0,2019
2019-07-03,2717,2131,0.784320942215679,48,586,0.21567905778432095,2,0,0.0,0,0,0.0,0,2019
2019-07-10,2763,2151,0.7785016286644951,49,612,0.22149837133550487,1,0,0.0,0,0,0.0,0,2019
2019-07-17,2719,2116,0.7782272894446488,48,603,0.22177271055535122,2,0,0.0,0,0,0.0,0,2019
2019-07-24,2599,2009,0.7729896113889958,47,590,0.22701038861100423,3,0,0.0,0,0,0.0,0,2019
2019-07-31,2468,1888,0.7649918962722853,50,580,0.23500810372771475,0,0,0.0,0,0,0.0,0,2019
2019-08-07,2425,1847,0.7616494845360825,50,578,0.23835051546391753,0,0,0.0,0,0,0.0,0,2019
2019-08-14,2321,1781,0.7673416630762603,50,540,0.23265833692373977,0,0,0.0,0,0,0.0,0,2019
2019-08-21,2396,1830,0.7637729549248747,49,566,0.2362270450751252,1,0,0.0,0,0,0.0,0,2019
2019-08-28,2479,1898,0.7656313029447358,49,581,0.23436869705526422,1,0,0.0,0,0,0.0,0,2019
2019-09-04,2531,1952,0.7712366653496642,50,579,0.22876333465033583,0,0,0.0,0,0,0.0,0,2019
2019-09-11,2728,2109,0.7730938416422287,48,619,0.22690615835777125,2,0,0.0,0,0,0.0,0,2019
2019-09-19,2761,2141,0.7754436798261499,48,620,0.22455632017385005,2,0,0.0,0,0,0.0,0,2019
2019-09-26,2793,2158,0.7726459004654493,50,635,0.22735409953455066,0,0,0.0,0,0,0.0,0,2019
2019-10-10,2751,2125,0.7724463831334061,50,626,0.22755361686659398,0,0,0.0,0,0,0.0,0,2019
2019-10-17,2692,2057,0.7641158989598811,50,635,0.23588410104011887,0,0,0.0,0,0,0.0,0,2019
2019-10-24,2588,1975,0.7631375579598145,49,606,0.23415765069551778,1,7,0.002704791344667697,0,0,0.0,0,2019
2019-10-31,2542,1912,0.7521636506687648,50,608,0.23918174665617625,0,22,0.00865460267505901,0,0,0.0,0,2019
2019-11-07,2566,1935,0.7540919719407638,49,608,0.23694466095089634,1,23,0.008963367108339828,0,0,0.0,0,2019
2019-11-14,2485,1888,0.7597585513078471,50,579,0.2329979879275654,0,18,0.007243460764587525,0,0,0.0,0,2019
2019-11-21,2436,1853,0.7606732348111659,50,558,0.229064039408867,0,25,0.010262725779967159,0,0,0.0,0,2019
2019-11-28,2366,1794,0.7582417582417582,49,549,0.2320371935756551,1,23,0.009721048182586645,0,0,0.0,0,2019
2019-12-05,2267,1708,0.7534186149095721,50,533,0.23511248345831495,0,26,0.011468901632112925,0,0,0.0,0,2019
2019-12-12,2292,1750,0.7635253054101222,48,533,0.2325479930191972,2,9,0.003926701570680628,0,0,0.0,0,2019
2019-12-19,2495,1886,0.7559118236472946,49,582,0.23326653306613226,1,27,0.010821643286573146,0,0,0.0,0,2019
2019-12-26,2587,1977,0.7642056436026285,50,588,0.22729029764205644,0,22,0.008504058755315036,0,0,0.0,0,2019
2020-01-03,2779,2125,0.7646635480388629,50,623,0.22418136020151133,0,31,0.011155091759625764,0,0,0.0,0,2020
2020-01-10,2993,2300,0.7684597393919145,49,665,0.2221850985633144,1,28,0.009355162044771133,0,0,0.0,0,2020
2020-01-17,2963,2294,0.7742153223084711,49,664,0.2240971987850152,1,5,0.0016874789065136687,0,0,0.0,0,2020
2020-02-03,3027,2323,0.7674264948794186,48,682,0.22530558308556325,2,22,0.00726792203501817,0,0,0.0,0,2020
2020-02-10,3042,2334,0.7672583826429981,48,669,0.21992110453648916,2,39,0.01282051282051282,0,0,0.0,0,2020
2020-02-17,2956,2231,0.7547361299052774,47,683,0.2310554803788904,3,42,0.014208389715832206,0,0,0.0,0,2020
2020-02-24,3057,2311,0.755969905135754,48,691,0.2260385999345764,2,55,0.017991494929669612,0,0,0.0,0,2020
2020-03-02,3162,2392,0.756483238456673,47,717,0.22675521821631878,3,53,0.016761543327008223,0,0,0.0,0,2020
2020-03-09,3236,2456,0.7589616810877626,46,720,0.22249690976514216,4,60,0.018541409147095178,0,0,0.0,0,2020
2020-03-16,3189,2437,0.764189401066165,45,696,0.21825023518344308,5,56,0.017560363750391973,0,0,0.0,0,2020
2020-03-23,3196,2436,0.7622027534418022,46,698,0.21839799749687108,4,62,0.01939924906132666,0,0,0.0,0,2020
2020-03-30,3190,2430,0.7617554858934169,47,695,0.21786833855799373,3,65,0.02037617554858934,0,0,0.0,0,2020
2020-04-07,3075,2307,0.7502439024390244,47,699,0.22731707317073171,3,69,0.0224390243902439,0,0,0.0,0,2020
2020-04-14,2998,2259,0.7535023348899266,50,672,0.22414943295530354,0,67,0.022348232154769845,0,0,0.0,0,2020
2020-04-21,2949,2213,0.7504238724991522,48,667,0.22617836554764326,2,69,0.023397761953204477,0,0,0.0,0,2020
2020-04-28,2934,2202,0.7505112474437627,48,672,0.22903885480572597,2,60,0.02044989775051125,0,0,0.0,0,2020
2020-05-08,2880,2153,0.7475694444444444,48,666,0.23125,2,61,0.021180555555555557,0,0,0.0,0,2020
2020-05-15,2862,2156,0.753319357092942,47,640,0.2236198462613557,3,66,0.023060796645702306,0,0,0.0,0,2020
2020-05-22,2887,2168,0.7509525458953932,47,649,0.22480083131278145,3,70,0.024246622791825424,0,0,0.0,0,2020
2020-05-29,2794,2101,0.7519685039370079,45,618,0.2211882605583393,5,75,0.026843235504652826,0,0,0.0,0,2020
2020-06-05,2916,2178,0.7469135802469136,47,661,0.2266803840877915,3,77,0.026406035665294925,0,0,0.0,0,2020
2020-06-12,2932,2200,0.7503410641200545,49,646,0.2203274215552524,1,86,0.029331514324693043,0,0,0.0,0,2020
2020-06-19,2939,2217,0.754338210275604,49,644,0.21912215039128954,1,78,0.026539639333106498,0,0,0.0,0,2020
2020-06-30,2939,2212,0.7526369513439946,49,654,0.22252466825450834,1,73,0.024838380401497107,0,0,0.0,0,2020
2020-07-07,3100,2283,0.7364516129032258,49,728,0.23483870967741935,1,89,0.02870967741935484,0,0,0.0,0,2020
2020-07-14,3298,2485,0.7534869617950273,48,733,0.22225591267434808,2,80,0.02425712553062462,0,0,0.0,0,2020
2020-07-21,3379,2547,0.753773305711749,45,739,0.21870375850843446,5,93,0.027522935779816515,0,0,0.0,0,2020
2020-07-28,3367,2549,0.7570537570537571,45,729,0.2165132165132165,5,89,0.026433026433026433,0,0,0.0,0,2020
2020-08-04,3309,2502,0.7561196736174071,45,726,0.21940163191296463,5,81,0.024478694469628286,0,0,0.0,0,2020
2020-08-11,3325,2484,0.7470676691729323,45,742,0.2231578947368421,5,99,0.029774436090225564,0,0,0.0,0,2020
2020-08-18,3323,2499,0.7520312970207643,45,732,0.2202828769184472,5,92,0.027685826060788444,0,0,0.0,0,2020
2020-08-25,3354,2580,0.7692307692307693,46,675,0.20125223613595708,4,99,0.029516994633273702,0,0,0.0,0,2020
2020-09-01,3329,2554,0.7671973565635326,48,679,0.20396515470111146,2,96,0.02883748873535596,0,0,0.0,0,2020
2020-09-08,3264,2568,0.7867647058823529,47,590,0.18075980392156862,3,106,0.032475490196078434,0,0,0.0,0,2020
2020-09-15,3294,2540,0.7710989678202793,47,650,0.1973284760170006,3,104,0.031572556162720096,0,0,0.0,0,2020
2020-09-22,3208,2391,0.7453241895261845,46,723,0.22537406483790523,4,94,0.029301745635910224,0,0,0.0,0,2020
2020-09-29,3192,2376,0.7443609022556391,48,722,0.2261904761904762,2,94,0.02944862155388471,0,0,0.0,0,2020
2020-10-14,3048,2267,0.743766404199475,48,677,0.22211286089238846,2,104,0.03412073490813648,0,0,0.0,0,2020
2020-10-21,2962,2151,0.7261985145172181,48,696,0.2349763673193788,2,115,0.03882511816340311,0,0,0.0,0,2020
2020-10-28,2920,2135,0.7311643835616438,48,680,0.2328767123287671,2,105,0.03595890410958904,0,0,0.0,0,2020
2020-11-04,2966,2147,0.7238705327039784,47,713,0.2403910991233985,3,106,0.03573836817262306,0,0,0.0,0,2020
2020-11-11,3005,2128,0.708153078202995,48,766,0.2549084858569052,2,111,0.03693843594009984,0,0,0.0,0,2020
2020-11-18,3030,2134,0.7042904290429043,49,774,0.25544554455445545,1,122,0.04026402640264026,0,0,0.0,0,2020
2020-11-25,3132,2215,0.7072158365261814,47,794,0.25351213282247764,3,123,0.039272030651340994,0,0,0.0,0,2020
2020-12-02,3144,2231,0.7096055979643766,47,789,0.25095419847328243,3,124,0.039440203562340966,0,0,0.0,0,2020
2020-12-09,3149,2252,0.7151476659256907,47,781,0.24801524293426486,3,116,0.03683709114004446,0,0,0.0,0,2020
2020-12-16,3160,2276,0.720253164556962,47,772,0.24430379746835443,3,112,0.035443037974683546,0,0,0.0,0,2020
2020-12-23,3113,2209,0.7096048827497591,47,775,0.24895599100546098,3,129,0.04143912624477995,0,0,0.0,0,2020
2020-12-30,3083,2166,0.7025624391826143,48,785,0.25462212131041195,2,132,0.042815439506973724,0,0,0.0,0,2020
2021-01-07,3138,2214,0.7055449330783938,47,790,0.2517527087316762,3,134,0.042702358189929894,0,0,0.0,0,2021
2021-01-14,3075,2170,0.7056910569105691,46,778,0.2530081300813008,4,127,0.04130081300813008,0,0,0.0,0,2021
2021-01-21,3086,2173,0.7041477640959171,46,770,0.24951393389500973,4,143,0.04633830200907323,0,0,0.0,0,2021
2021-01-28,3113,2211,0.7102473498233216,46,768,0.24670735624799228,4,134,0.043045293928686154,0,0,0.0,0,2021
2021-02-04,3061,2142,0.6997713165632147,47,778,0.2541653054557334,3,141,0.046063377981051944,0,0,0.0,0,2021
2021-02-18,2933,2027,0.6911012615069895,46,775,0.2642345721104671,4,131,0.044664166382543474,0,0,0.0,0,2021
2021-02-25,2976,2074,0.6969086021505376,47,764,0.2567204301075269,3,138,0.046370967741935484,0,0,0.0,0,2021
2021-03-04,2974,2086,0.7014122394082044,45,753,0.2531943510423672,5,135,0.04539340954942838,0,0,0.0,0,2021
2021-03-11,3054,2151,0.7043222003929273,45,760,0.24885396201702684,5,143,0.04682383759004584,0,0,0.0,0,2021
2021-03-18,3097,2197,0.7093961898611559,44,753,0.24313852114949952,6,147,0.047465288989344524,0,0,0.0,0,2021
2021-03-25,3101,2207,0.7117059013221542,46,749,0.24153498871331827,4,145,0.04675910996452757,0,0,0.0,0,2021
2021-04-01,3095,2193,0.708562197092084,39,772,0.2494345718901454,11,130,0.0420032310177706,0,0,0.0,0,2021
2021-04-09,3102,2230,0.7188910380399742,39,744,0.23984526112185686,11,128,0.041263700838168924,0,0,0.0,0,2021
2021-04-16,3186,2289,0.7184557438794726,39,765,0.2401129943502825,11,132,0.04143126177024482,0,0,0.0,0,2021
2021-04-23,3203,2323,0.725257571027162,43,751,0.23446768654386513,7,129,0.04027474242897284,0,0,0.0,0,2021
2021-04-30,3187,2279,0.7150925635393788,45,768,0.24097897709444618,5,140,0.043928459366175086,0,0,0.0,0,2021
2021-05-12,3144,2216,0.7048346055979644,46,761,0.24204834605597964,4,167,0.05311704834605598,0,0,0.0,0,2021
2021-05-19,3141,2250,0.7163323782234957,44,735,0.23400191021967526,6,156,0.049665711556829036,0,0,0.0,0,2021
2021-05-26,3110,2201,0.7077170418006431,44,751,0.2414790996784566,6,158,0.05080385852090032,0,0,0.0,0,2021
2021-06-02,3192,2296,0.7192982456140351,46,758,0.237468671679198,4,138,0.043233082706766915,0,0,0.0,0,2021
2021-06-09,3267,2316,0.7089072543617998,45,758,0.2320171411080502,5,193,0.05907560453014998,0,0,0.0,0,2021
2021-06-17,3298,2371,0.7189205579138872,47,751,0.22771376591873863,3,176,0.053365676167374164,0,0,0.0,0,2021
2021-06-24,3326,2363,0.7104630186410102,48,766,0.23030667468430546,2,197,0.059230306674684305,0,0,0.0,0,2021
2021-07-01,3306,2310,0.6987295825771325,47,807,0.2441016333938294,3,189,0.05716878402903811,0,0,0.0,0,2021
2021-07-08,3319,2314,0.6971979511901175,47,808,0.24344682133172643,3,197,0.059355227478156074,0,0,0.0,0,2021
2021-07-15,3335,2283,0.6845577211394303,47,835,0.25037481259370314,3,217,0.06506746626686656,0,0,0.0,0,2021
2021-07-22,3281,2279,0.6946053032612008,46,802,0.24443767144163364,4,200,0.0609570252971655,0,0,0.0,0,2021
2021-07-29,3341,2311,0.6917090691409757,47,824,0.2466327446872194,3,206,0.06165818617180485,0,0,0.0,0,2021
2021-08-05,3394,2368,0.6977018267530937,47,805,0.237183264584561,3,221,0.06511490866234532,0,0,0.0,0,2021
2021-08-12,3355,2298,0.6849478390461997,47,823,0.24530551415797316,3,234,0.06974664679582712,0,0,0.0,0,2021
2021-08-19,3384,2305,0.681146572104019,47,834,0.24645390070921985,3,245,0.07239952718676122,0,0,0.0,0,2021
2021-08-26,3478,2364,0.679700977573318,47,874,0.25129384703852786,3,240,0.06900517538815411,0,0,0.0,0,2021
2021-09-02,3492,2355,0.6743986254295533,44,880,0.2520045819014891,6,257,0.07359679266895762,0,0,0.0,0,2021
2021-09-09,3621,2486,0.6865506766086716,44,872,0.2408174537420602,6,263,0.07263186964926815,0,0,0.0,0,2021
2021-09-16,3674,2544,0.6924333151878062,45,871,0.23707131192161132,5,259,0.07049537289058247,0,0,0.0,0,2021
2021-09-27,3696,2569,0.6950757575757576,41,879,0.23782467532467533,8,248,0.0670995670995671,1,0,0.0,0,2021
2021-10-11,3593,2479,0.6899526857779015,43,875,0.2435290843306429,7,239,0.0665182298914556,0,0,0.0,0,2021
2021-10-18,3496,2453,0.7016590389016019,45,836,0.2391304347826087,5,207,0.05921052631578947,0,0,0.0,0,2021
2021-10-25,3361,2359,0.7018744421303184,45,814,0.24218982445700685,5,188,0.0559357334126748,0,0,0.0,0,2021
2021-11-01,3306,2332,0.705384150030248,45,804,0.24319419237749546,5,170,0.0514216575922565,0,0,0.0,0,2021
2021-11-08,3288,2306,0.7013381995133819,47,777,0.2363138686131387,3,205,0.06234793187347932,0,0,0.0,0,2021
2021-11-15,3373,2343,0.694633857100504,49,815,0.24162466646901867,1,215,0.06374147643047733,0,0,0.0,0,2021
2021-11-22,3431,2349,0.6846400466336345,49,853,0.24861556397551735,1,229,0.06674438939084815,0,0,0.0,0,2021
2021-11-29,3547,2455,0.6921341979137299,48,845,0.23822948970961375,2,247,0.06963631237665632,0,0,0.0,0,2021
2021-12-06,3628,2446,0.6742006615214995,47,907,0.25,3,275,0.07579933847850055,0,0,0.0,0,2021
2021-12-13,3642,2464,0.6765513454146074,47,909,0.24958813838550248,2,269,0.07386051619989017,1,0,0.0,0,2021
2021-12-20,3753,2556,0.6810551558752997,46,921,0.2454036770583533,3,276,0.07354116706634692,1,0,0.0,0,2021
2021-12-27,3852,2638,0.6848390446521287,46,942,0.24454828660436137,3,272,0.07061266874350987,1,0,0.0,0,2021
2022-01-04,3846,2666,0.6931877275091004,46,922,0.23972958918356735,3,258,0.06708268330733229,1,0,0.0,0,2022
2022-01-11,3871,2674,0.6907775768535263,45,935,0.24153965383621803,4,262,0.06768276931025574,1,0,0.0,0,2022
2022-01-18,3861,2704,0.7003367003367004,43,895,0.2318052318052318,6,262,0.06785806785806786,1,0,0.0,0,2022
2022-01-25,3896,2685,0.6891683778234087,46,936,0.2402464065708419,4,275,0.07058521560574949,0,0,0.0,0,2022
2022-02-08,3837,2623,0.6836069846234037,45,942,0.24550430023455824,5,272,0.07088871514203805,0,0,0.0,0,2022
2022-02-15,3772,2566,0.6802757158006363,47,925,0.24522799575821846,3,269,0.07131495227995759,0,12,0.003181336161187699,0,2022
2022-02-22,3690,2547,0.6902439024390243,46,868,0.23523035230352304,4,263,0.07127371273712738,0,12,0.0032520325203252032,0,2022
2022-03-01,3731,2572,0.6893594210667381,47,903,0.24202626641651032,3,246,0.06593406593406594,0,10,0.002680246582685607,0,2022
2022-03-08,3737,2578,0.6898581750066899,46,892,0.2386941396842387,4,257,0.06877174203906877,0,10,0.002675943270002676,0,2022
2022-03-15,3772,2595,0.6879639448568399,48,922,0.24443266171792152,2,244,0.06468716861081654,0,11,0.0029162248144220574,0,2022
2022-03-22,3747,2585,0.6898852415265546,49,899,0.23992527355217508,1,255,0.06805444355484387,0,8,0.0021350413664264745,0,2022
2022-03-29,3781,2580,0.682359164242264,46,939,0.24834699814863792,4,254,0.06717799523935467,0,8,0.0021158423697434543,0,2022
2022-04-07,3727,2551,0.6844647169305071,46,920,0.24684733029246042,3,248,0.0665414542527502,1,8,0.0021464985242822645,0,2022
2022-04-14,3686,2536,0.6880086814975583,45,924,0.25067824199674443,4,221,0.059956592512208355,1,5,0.0013564839934888768,0,2022
2022-04-21,3691,2555,0.6922243294500136,44,913,0.24735843944730426,5,220,0.059604443240314275,1,3,0.000812787862367922,0,2022
2022-04-28,3693,2608,0.7062009206607095,46,891,0.2412672623883022,3,191,0.051719469266179256,1,3,0.0008123476848090983,0,2022
2022-05-10,3616,2511,0.6944137168141593,45,897,0.2480641592920354,4,203,0.05613938053097345,1,5,0.0013827433628318584,0,2022
2022-05-17,3598,2514,0.6987215119510839,46,868,0.24124513618677043,3,211,0.058643690939410784,1,5,0.0013896609227348527,0,2022
2022-05-24,3649,2517,0.6897780213757194,44,892,0.2444505343929844,5,234,0.06412715812551384,1,6,0.001644286105782406,0,2022
2022-05-31,3588,2481,0.6914715719063546,43,901,0.25111482720178374,6,201,0.056020066889632104,1,5,0.0013935340022296545,0,2022
2022-06-08,3720,2572,0.6913978494623656,45,919,0.24704301075268817,4,225,0.06048387096774194,1,4,0.001075268817204301,0,2022
2022-06-15,3693,2494,0.6753317086379638,44,907,0.24559978337395072,5,289,0.07825616030327646,1,3,0.0008123476848090983,0,2022
2022-06-22,3765,2584,0.6863213811420983,45,886,0.2353253652058433,4,293,0.07782204515272244,1,2,0.0005312084993359894,0,2022
2022-06-29,3880,2602,0.6706185567010309,40,958,0.24690721649484537,9,317,0.08170103092783505,1,3,0.0007731958762886598,0,2022
2022-07-06,3878,2614,0.6740587931923672,43,973,0.2509025270758123,6,288,0.07426508509541001,1,3,0.0007735946364105209,0,2022
2022-07-13,3836,2565,0.6686652763295099,43,978,0.25495307612095935,6,289,0.07533889468196038,1,4,0.0010427528675703858,0,2022
2022-07-20,3928,2660,0.6771894093686355,44,967,0.24618126272912425,5,297,0.07561099796334013,1,4,0.0010183299389002036,0,2022
2022-07-27,3851,2615,0.6790444040508958,45,961,0.24954557257855103,4,272,0.07063100493378344,1,3,0.0007790184367696703,0,2022
2022-08-03,3889,2653,0.6821805091283106,47,970,0.24942144510156852,2,262,0.0673695037284649,1,4,0.0010285420416559527,0,2022
2022-08-10,3866,2635,0.681583031557165,49,964,0.24935333678220384,0,263,0.06802897051215727,1,4,0.0010346611484738748,0,2022
2022-08-17,3886,2583,0.6646937725167267,49,968,0.24909933093154915,0,331,0.08517756047349459,1,4,0.001029336078229542,0,2022
2022-08-24,3955,2631,0.6652338811630847,49,990,0.2503160556257901,0,331,0.08369152970922883,1,3,0.0007585335018963338,0,2022
2022-08-31,3966,2645,0.6669188098840141,48,975,0.245839636913767,1,344,0.08673726676752395,1,2,0.0005042864346949068,0,2022
2022-09-07,3920,2604,0.6642857142857143,48,994,0.25357142857142856,1,320,0.08163265306122448,1,2,0.0005102040816326531,0,2022
2022-09-15,3940,2643,0.6708121827411168,48,980,0.24873096446700507,1,315,0.0799492385786802,1,2,0.0005076142131979696,0,2022
2022-09-22,3824,2610,0.6825313807531381,47,932,0.24372384937238495,2,279,0.0729602510460251,1,3,0.0007845188284518828,0,2022
2022-09-29,3752,2590,0.6902985074626866,48,892,0.23773987206823027,1,267,0.07116204690831557,1,3,0.0007995735607675906,0,2022
2022-10-13,3646,2544,0.6977509599561162,49,861,0.23614920460778935,0,238,0.06527701590784421,1,3,0.0008228195282501371,0,2022
2022-10-20,3643,2537,0.6964040625857809,49,865,0.23744166895415866,1,236,0.06478177326379357,0,5,0.001372495196266813,0,2022
2022-10-27,3669,2528,0.6890160806759335,50,851,0.23194330880348868,0,287,0.0782229490324339,0,3,0.0008176614881439084,0,2022
2022-11-03,3788,2570,0.6784582893347413,50,919,0.24260823653643082,0,299,0.07893347412882788,0,0,0.0,0,2022
2022-11-10,3839,2569,0.6691846835113311,49,929,0.24199010158895545,1,341,0.08882521489971347,0,0,0.0,0,2022
2022-11-17,3947,2638,0.6683557131998986,50,952,0.24119584494552826,0,357,0.0904484418545731,0,0,0.0,0,2022
2022-11-24,3967,2641,0.6657423745903706,48,963,0.24275270985631459,2,363,0.09150491555331484,0,0,0.0,0,2022
2022-12-01,3924,2582,0.6580020387359837,49,984,0.25076452599388377,1,355,0.09046890927624873,0,3,0.0007645259938837921,0,2022
2022-12-08,4031,2691,0.6675762838005458,46,984,0.2441081617464649,3,352,0.08732324485239394,1,4,0.0009923096005953857,0,2022
2022-12-15,3999,2715,0.6789197299324832,45,947,0.23680920230057514,5,333,0.08327081770442611,0,4,0.001000250062515629,0,2022
2022-12-22,3938,2664,0.6764855256475368,45,937,0.23793803961401727,5,334,0.08481462671406806,0,3,0.0007618080243778568,0,2022
2022-12-29,3805,2598,0.6827858081471748,44,897,0.235742444152431,6,307,0.08068331143232589,0,3,0.0007884362680683311,0,2022
2023-01-06,3736,2564,0.6862955032119914,45,870,0.2328693790149893,5,299,0.08003211991434689,0,3,0.0008029978586723769,0,2023
2023-01-13,3702,2536,0.6850351161534306,47,861,0.2325769854132901,3,303,0.08184764991896272,0,2,0.0005402485143165856,0,2023
2023-01-20,3710,2523,0.6800539083557952,48,872,0.23504043126684637,2,313,0.08436657681940701,0,2,0.0005390835579514825,0,2023
2023-02-03,3933,2680,0.6814136791253496,48,909,0.2311212814645309,2,342,0.08695652173913043,0,2,0.0005085176709890668,0,2023
2023-02-10,3970,2694,0.6785894206549118,49,926,0.2332493702770781,1,347,0.08740554156171285,0,3,0.0007556675062972292,0,2023
2023-02-17,4112,2719,0.6612354085603113,49,991,0.24100194552529183,0,398,0.0967898832684825,1,4,0.0009727626459143969,0,2023
2023-02-24,4165,2736,0.6569027611044418,48,1027,0.24657863145258102,1,396,0.095078031212485,1,6,0.0014405762304921968,0,2023
2023-03-03,4115,2693,0.6544349939246659,47,1037,0.2520048602673147,2,380,0.09234507897934387,1,5,0.001215066828675577,0,2023
2023-03-10,4128,2755,0.6673934108527132,46,996,0.24127906976744187,3,373,0.09035852713178294,1,4,0.0009689922480620155,0,2023
2023-03-17,4059,2693,0.6634639073663464,46,1017,0.25055432372505543,3,345,0.08499630450849963,1,4,0.0009854644000985464,0,2023
2023-03-24,4066,2715,0.6677324151500246,45,986,0.24249877029021152,4,362,0.08903098868666995,1,3,0.0007378258730939498,0,2023
2023-03-31,4115,2693,0.6544349939246659,45,1025,0.24908869987849333,4,394,0.09574726609963548,1,3,0.0007290400972053463,0,2023
2023-04-10,4109,2719,0.6617181796057435,45,1037,0.252372840107082,4,349,0.0849355074227306,1,4,0.0009734728644439036,0,2023
2023-04-17,4062,2626,0.6464795667159035,46,1032,0.25406203840472674,3,399,0.0982274741506647,1,5,0.0012309207287050715,0,2023
2023-04-24,4043,2650,0.6554538708879545,47,998,0.2468464011872372,3,389,0.09621568142468465,0,6,0.0014840465001236705,0,2023
2023-05-04,4009,2582,0.6440508855076079,49,995,0.24819156896981792,1,426,0.10626091294587178,0,6,0.0014966325767024195,0,2023
2023-05-11,3925,2528,0.6440764331210191,47,971,0.24738853503184713,3,420,0.1070063694267516,0,6,0.0015286624203821656,0,2023
2023-05-18,3943,2613,0.6626933806746133,44,932,0.23636824752726351,4,389,0.09865584580268831,1,9,0.002282525995434948,1,2023
2023-05-25,3928,2577,0.6560590631364562,45,954,0.24287169042769857,4,388,0.09877800407331976,1,9,0.002291242362525458,0,2023
2023-06-01,3882,2549,0.6566202988150438,43,954,0.24574961360123648,7,369,0.09505409582689335,0,10,0.002575991756826378,0,2023
2023-06-08,3882,2521,0.64940752189593,45,986,0.2539927872230809,5,369,0.09505409582689335,0,6,0.0015455950540958269,0,2023
2023-06-15,3950,2559,0.6478481012658228,46,1017,0.25746835443037974,3,369,0.09341772151898735,1,5,0.0012658227848101266,0,2023
2023-06-26,3960,2586,0.6530303030303031,47,1007,0.2542929292929293,3,363,0.09166666666666666,0,4,0.00101010101010101,0,2023
2023-07-03,4019,2612,0.6499129136601145,47,1022,0.25429211246578753,2,380,0.09455088330430456,1,5,0.001244090569793481,0,2023
2023-07-10,4002,2627,0.6564217891054472,44,979,0.24462768615692154,4,388,0.09695152423788106,1,8,0.001999000499750125,1,2023
2023-07-17,3972,2590,0.6520644511581067,46,972,0.24471299093655588,3,401,0.10095669687814703,0,9,0.0022658610271903325,1,2023
2023-07-24,4026,2611,0.648534525583706,46,1010,0.250869349230005,3,398,0.09885742672627919,0,7,0.0017386984600099354,1,2023
2023-07-31,4035,2594,0.6428748451053283,46,1036,0.2567534076827757,3,398,0.098636926889715,0,7,0.001734820322180917,1,2023
2023-08-07,4087,2664,0.6518228529483729,48,1038,0.25397602153168586,2,380,0.09297773427942256,0,5,0.001223391240518718,0,2023
2023-08-14,4069,2679,0.6583927254853772,47,1023,0.25141312361759643,3,361,0.08871958712214303,0,6,0.0014745637748832638,0,2023
2023-08-21,4097,2717,0.6631681718330485,46,1011,0.24676592628752747,4,364,0.08884549670490603,0,5,0.00122040517451794,0,2023
2023-08-28,4122,2691,0.6528384279475983,46,1042,0.2527899078117419,4,384,0.09315866084425037,0,5,0.0012130033964095099,0,2023
2023-09-04,4276,2782,0.6506080449017774,46,1091,0.25514499532273155,3,398,0.0930776426566885,1,5,0.0011693171188026192,0,2023
2023-09-11,4239,2780,0.6558150507195093,46,1064,0.2510025949516395,3,386,0.09105921207832036,1,9,0.0021231422505307855,0,2023
2023-09-18,4246,2713,0.6389543099387659,47,1096,0.2581252943947244,2,428,0.10080075365049458,1,9,0.002119642016015073,0,2023
2023-09-25,4148,2661,0.6415139826422372,47,1064,0.25650916104146576,2,412,0.09932497589199614,1,11,0.002651880424300868,0,2023
2023-10-10,4073,2646,0.6496439970537687,45,1025,0.2516572550945249,4,396,0.09722563221212865,1,6,0.0014731156395777069,0,2023
2023-10-17,4041,2623,0.6490967582281614,45,1031,0.25513486760702797,4,381,0.09428359317000742,1,6,0.0014847809948032665,0,2023
2023-10-24,4084,2612,0.6395690499510284,46,1071,0.2622428991185113,3,396,0.0969637610186092,1,5,0.0012242899118511264,0,2023
2023-10-31,4203,2705,0.643587913395194,47,1097,0.2610040447299548,2,396,0.09421841541755889,1,5,0.0011896264572924102,0,2023
2023-11-07,4169,2682,0.6433197409450707,47,1076,0.2580954665387383,2,405,0.09714559846485968,1,6,0.0014391940513312545,0,2023
2023-11-14,4234,2712,0.6405290505432215,48,1087,0.2567312234293812,1,428,0.10108644307982995,1,7,0.0016532829475673122,0,2023
2023-11-21,4310,2734,0.634338747099768,47,1119,0.2596287703016241,1,445,0.10324825986078887,1,12,0.0027842227378190253,1,2023
2023-11-28,4420,2759,0.6242081447963801,42,1112,0.2515837104072398,1,469,0.10610859728506787,1,80,0.01809954751131222,6,2023
2023-12-05,4431,2712,0.6120514556533514,42,1124,0.2536673437147371,1,447,0.1008801624915369,1,148,0.033401038140374636,6,2023
2023-12-12,4462,2749,0.6160914388166742,41,1138,0.25504258180188255,0,396,0.08874943971313312,0,179,0.04011653966831018,9,2023
2023-12-19,4494,2720,0.6052514463729417,41,1136,0.25278148642634624,0,444,0.09879839786381843,0,194,0.04316866933689364,9,2023
2023-12-26,4467,2751,0.615849563465413,40,1112,0.2489366465189165,1,420,0.09402283411685695,0,184,0.04119095589881352,9,2023
2024-01-03,4489,2740,0.6103809311650702,42,1128,0.25128090888839383,0,417,0.09289374025395411,0,204,0.04544441969258187,8,2024
2024-01-10,4417,2696,0.610369028752547,42,1102,0.24949060448268054,0,404,0.09146479510980303,0,215,0.048675571654969434,8,2024
2024-01-17,4454,2725,0.6118096093399191,40,1112,0.24966322406825325,0,408,0.0916030534351145,1,209,0.04692411315671307,9,2024
2024-01-24,4630,2819,0.6088552915766738,36,1180,0.2548596112311015,0,426,0.09200863930885529,1,205,0.04427645788336933,13,2024
2024-01-31,4522,2802,0.6196373286156568,38,1156,0.2556390977443609,1,392,0.08668730650154799,1,172,0.03803626713843432,10,2024
2024-02-07,4703,2952,0.6276844567297469,39,1169,0.24856474590686795,1,428,0.09100574101637253,1,154,0.032745056347012545,9,2024
2024-02-22,4667,2905,0.6224555388900793,38,1150,0.24641097064495393,2,465,0.09963574030426398,0,147,0.03149775016070281,10,2024
2024-02-29,4592,2873,0.6256533101045296,35,1150,0.25043554006968644,1,428,0.09320557491289198,0,141,0.030705574912891987,14,2024
2024-03-07,4523,2790,0.6168472252929471,34,1135,0.2509396418306434,1,461,0.10192350210037586,0,137,0.030289630776033607,15,2024
2024-03-14,4544,2829,0.6225792253521126,34,1155,0.254181338028169,1,431,0.09485035211267606,1,129,0.028389084507042254,14,2024
2024-03-21,4492,2803,0.6239982190560998,36,1131,0.2517809439002671,1,433,0.09639358860195904,1,125,0.02782724844167409,12,2024
2024-03-28,4474,2795,0.6247206079570854,41,1146,0.2561466249441216,1,433,0.0967814036656236,1,100,0.022351363433169423,7,2024
2024-04-08,4492,2787,0.6204363312555654,40,1181,0.2629118432769368,1,438,0.097506678539626,1,86,0.01914514692787177,8,2024
2024-04-15,4543,2847,0.6266784063394233,40,1196,0.2632621615672463,1,420,0.09244992295839753,1,80,0.017609509134932862,8,2024
2024-04-22,4554,2886,0.6337285902503293,42,1176,0.25823451910408435,1,427,0.0937637241985068,1,65,0.01427316644707949,6,2024
2024-04-29,4396,2792,0.635122838944495,42,1150,0.26160145586897177,1,389,0.08848953594176524,1,65,0.014786169244767972,6,2024
2024-05-09,4403,2816,0.6395639336815807,39,1102,0.2502838973427209,2,413,0.09379968203497616,1,72,0.016352486940722236,8,2024
2024-05-16,4372,2764,0.6322049405306496,41,1120,0.2561756633119854,2,429,0.09812442817932296,1,59,0.013494967978042087,6,2024
2024-05-23,4334,2775,0.640286109829257,44,1095,0.25265343793262574,1,406,0.09367789570835255,1,58,0.01338255652976465,4,2024
2024-05-30,4262,2773,0.6506335053965274,43,1062,0.24917878930079776,1,371,0.08704833411543876,1,56,0.01313937118723604,5,2024
2024-06-06,4387,2844,0.6482790061545475,43,1129,0.2573512651014361,1,366,0.08342831091862321,1,48,0.010941417825393207,5,2024
2024-06-14,4145,2721,0.6564535585042219,44,1103,0.2661037394451146,1,280,0.06755126658624849,1,41,0.009891435464414958,4,2024
2024-06-21,4112,2686,0.6532101167315175,44,1054,0.25632295719844356,2,342,0.08317120622568093,1,30,0.007295719844357977,3,2024
2024-06-28,4042,2614,0.6467095497278575,48,1030,0.25482434438396834,1,398,0.09846610588817417,1,0,0.0,0,2024
2024-07-05,3915,2496,0.6375478927203065,48,1034,0.2641123882503193,1,385,0.0983397190293742,1,0,0.0,0,2024
2024-07-12,3862,2441,0.6320559295701709,49,1040,0.26929052304505435,1,381,0.09865354738477473,0,0,0.0,0,2024
2024-07-19,3750,2422,0.6458666666666667,49,1027,0.27386666666666665,1,301,0.08026666666666667,0,0,0.0,0,2024
2024-07-26,3796,2394,0.6306638566912539,46,1002,0.26396206533192834,1,334,0.08798735511064278,0,66,0.01738672286617492,3,2024
2024-08-02,3818,2389,0.6257202723939235,45,1002,0.26244106862231537,1,349,0.09140911471974857,0,78,0.020429544264012573,4,2024
2024-08-09,3816,2373,0.6218553459119497,47,1025,0.26860587002096437,0,342,0.08962264150943396,0,76,0.019916142557651992,3,2024
2024-08-16,3796,2429,0.6398840885142255,46,979,0.25790305584826134,0,333,0.08772391991570073,0,55,0.014488935721812434,4,2024
2024-08-23,3815,2429,0.636697247706422,43,1020,0.2673656618610747,2,322,0.08440366972477065,0,44,0.011533420707732634,5,2024
2024-08-30,3838,2425,0.6318394997394476,47,1058,0.2756644085461178,1,321,0.083637311099531,0,34,0.008858780614903595,2,2024
2024-09-06,3708,2326,0.6272923408845739,47,1038,0.27993527508090615,1,312,0.08414239482200647,0,32,0.008629989212513484,2,2024
2024-09-13,3662,2315,0.6321682140906608,46,1027,0.2804478427089022,2,294,0.08028399781540142,0,26,0.0070999453850355,2,2024
2024-09-24,3740,2359,0.6307486631016043,45,1040,0.27807486631016043,2,315,0.08422459893048129,0,26,0.006951871657754011,3,2024
2024-10-08,4551,2865,0.6295319709953856,42,1214,0.26675455943748627,1,396,0.08701384311140409,0,76,0.016699626455724016,7,2024
2024-10-15,4532,2877,0.6348190644307149,32,1149,0.2535304501323919,1,384,0.08473080317740513,0,122,0.026919682259488084,17,2024
2024-10-22,4700,2915,0.6202127659574468,24,1170,0.24893617021276596,1,435,0.0925531914893617,0,180,0.03829787234042553,25,2024
2024-10-29,4799,2843,0.5924150864763492,25,1218,0.25380287559908316,1,503,0.10481350281308606,0,235,0.04896853511148156,24,2024
2024-11-05,4695,2747,0.5850905218317359,28,1218,0.2594249201277955,1,486,0.10351437699680512,0,244,0.05197018104366347,21,2024
2024-11-12,4800,2870,0.5979166666666667,31,1226,0.2554166666666667,1,458,0.09541666666666666,1,246,0.05125,17,2024
2024-11-19,4745,2820,0.5943097997892518,31,1192,0.2512118018967334,1,494,0.10410958904109589,1,239,0.05036880927291886,17,2024
2024-11-26,4758,2827,0.5941572089113073,33,1192,0.2505254308532997,1,499,0.10487599831862127,1,240,0.05044136191677175,15,2024
2024-12-03,4737,2800,0.5910914080641756,32,1187,0.2505805362043487,1,505,0.10660755752586025,1,245,0.05172049820561537,16,2024
2024-12-10,4737,2809,0.5929913447329533,32,1204,0.25416930546759553,1,477,0.10069664344521849,1,247,0.05214270635423263,16,2024
2024-12-17,4786,2834,0.5921437526117844,30,1219,0.2547012118679482,2,487,0.10175511909736733,1,246,0.05139991642290013,17,2024
2024-12-24,4703,2824,0.600467786519243,27,1195,0.2540931320433766,1,437,0.09291941314054859,1,247,0.05251966829683181,21,2024
2024-12-31,4699,2829,0.6020429878697595,25,1201,0.2555862949563737,1,442,0.09406256650351139,1,227,0.0483081506703554,23,2024
2025-01-08,4692,2817,0.600383631713555,25,1230,0.26214833759590794,1,435,0.09271099744245524,1,210,0.04475703324808184,23,2025
2025-01-15,4586,2791,0.608591365023986,26,1174,0.25599651112080246,1,422,0.09201918883558657,1,199,0.04339293501962495,22,2025
2025-01-22,4532,2784,0.6142983230361871,28,1171,0.2583848190644307,1,381,0.08406884377758164,0,196,0.04324801412180053,21,2025
2025-02-06,4536,2825,0.6227954144620811,33,1169,0.25771604938271603,1,360,0.07936507936507936,0,182,0.040123456790123455,16,2025
2025-02-13,4583,2811,0.6133536984507965,35,1158,0.2526729216670303,2,412,0.08989744708706088,1,202,0.04407593279511237,12,2025
2025-02-20,4644,2851,0.6139104220499569,33,1155,0.2487080103359173,2,427,0.09194659776055125,1,211,0.0454349698535745,14,2025
2025-02-27,4710,2863,0.6078556263269639,31,1187,0.25201698513800425,1,433,0.09193205944798301,1,227,0.048195329087048835,17,2025
2025-03-06,4770,2874,0.6025157232704402,35,1205,0.2526205450733753,1,456,0.09559748427672957,0,235,0.049266247379454925,14,2025
2025-03-13,4820,2859,0.5931535269709544,37,1211,0.2512448132780083,1,504,0.1045643153526971,0,246,0.05103734439834025,12,2025
2025-03-20,4795,2855,0.5954118873826904,35,1204,0.2510948905109489,1,494,0.10302398331595412,1,242,0.05046923879040667,13,2025
2025-03-27,4851,2887,0.5951350237064523,35,1225,0.25252525252525254,1,493,0.10162853019995877,1,246,0.05071119356833643,13,2025
2025-04-03,4766,2841,0.5960973562736047,32,1219,0.25577003776751994,1,459,0.09630717582878724,1,247,0.051825430130088126,16,2025
2025-04-11,4819,2881,0.5978418759078648,31,1247,0.25876737912429965,2,454,0.09421041709898319,1,237,0.04918032786885246,16,2025
2025-04-18,4764,2822,0.5923593618807724,30,1212,0.25440806045340053,1,489,0.1026448362720403,1,241,0.05058774139378673,18,2025
2025-04-25,4720,2799,0.5930084745762711,29,1202,0.25466101694915255,1,477,0.10105932203389831,1,242,0.05127118644067796,19,2025
2025-05-07,4687,2780,0.5931299338596117,30,1206,0.25730744612758694,2,463,0.09878387027949648,1,238,0.05077874973330489,17,2025
2025-05-14,4591,2729,0.5944238727945981,31,1171,0.2550642561533435,2,461,0.10041385319102591,0,230,0.050098017861032455,17,2025
2025-05-21,4610,2771,0.6010845986984815,31,1141,0.2475054229934924,1,472,0.10238611713665943,0,226,0.049023861171366596,18,2025
2025-05-28,4625,2766,0.5980540540540541,30,1151,0.24886486486486487,1,475,0.10270270270270271,1,233,0.05037837837837838,18,2025
2025-06-05,4733,2854,0.6030002112824847,30,1186,0.25058102683287553,1,458,0.09676737798436509,1,235,0.04965138390027467,18,2025
2025-06-12,4694,2841,0.6052407328504473,30,1162,0.2475500639113762,1,462,0.09842351938645079,1,229,0.04878568385172561,18,2025
2025-06-19,4728,2875,0.6080795262267343,27,1167,0.2468274111675127,1,455,0.0962351945854484,1,231,0.04885786802030457,21,2025
2025-06-26,4668,2817,0.6034704370179949,27,1166,0.24978577549271636,1,462,0.09897172236503857,1,223,0.04777206512425022,21,2025
2025-07-03,4791,2876,0.6002922145689835,25,1194,0.24921728240450847,1,489,0.10206637445209768,1,232,0.04842412857441035,23,2025
2025-07-10,4766,2830,0.5937893411665968,25,1202,0.2522031053294167,1,507,0.10637851447754931,1,227,0.04762903902643727,23,2025
2025-07-17,4815,2880,0.5981308411214953,25,1231,0.25565939771547247,2,479,0.09948078920041536,0,225,0.04672897196261682,23,2025
2025-07-24,4783,2801,0.5856157223499896,22,1238,0.2588333681789672,2,518,0.10830022998118335,0,226,0.04725067948985992,26,2025
2025-07-31,4779,2892,0.6051475204017577,23,1185,0.24795982423101068,1,475,0.09939317848922369,0,227,0.04749947687800795,26,2025
2025-08-07,4801,2911,0.6063320141637158,21,1184,0.24661528848156633,1,482,0.10039575088523224,0,224,0.046656946469485525,28,2025
2025-08-14,4824,2857,0.5922470978441128,20,1221,0.2531094527363184,1,517,0.10717247097844113,0,229,0.047470978441127694,29,2025
2025-08-21,4881,2896,0.593321040770334,21,1245,0.2550706822372465,1,512,0.10489653759475517,0,228,0.04671173939766441,28,2025
2025-08-28,4854,2930,0.603625875566543,19,1245,0.2564894932014833,1,445,0.09167696744952616,0,234,0.048207663782447466,30,2025
2025-09-04,4827,2848,0.5900145017609281,20,1262,0.2614460327325461,1,486,0.10068365444375388,0,231,0.04785581106277191,29,2025
2025-09-11,4807,2860,0.5949656750572082,22,1221,0.2540045766590389,1,489,0.10172664863740379,0,237,0.049303099646349074,27,2025
2025-09-18,4854,2862,0.5896168108776267,21,1250,0.25751957148743304,1,504,0.103831891223733,0,238,0.04903172641120725,28,2025
2025-09-25,4810,2885,0.5997920997920998,22,1223,0.25426195426195425,1,464,0.09646569646569647,0,238,0.04948024948024948,27,2025
2025-10-10,4616,2852,0.6178509532062392,48,1272,0.2755632582322357,2,492,0.10658578856152513,0,0,0.0,0,2025
2025-10-17,4684,2881,0.6150725875320239,48,1270,0.27113578138343297,2,533,0.11379163108454313,0,0,0.0,0,2025
2025-10-24,4591,2838,0.6181659769113483,48,1233,0.26856893922892616,2,520,0.11326508385972554,0,0,0.0,0,2025
2025-10-31,4654,2899,0.6229050279329609,48,1253,0.2692307692307692,2,488,0.10485603781693167,0,14,0.0030081650193382035,0,2025
2025-11-07,4640,2858,0.615948275862069,48,1236,0.2663793103448276,2,525,0.11314655172413793,0,21,0.004525862068965518,0,2025
2025-11-14,4643,2874,0.6189963385741977,49,1236,0.26620719362481154,1,510,0.1098427740684902,0,23,0.004953693732500539,0,2025
2025-11-21,4674,2893,0.6189559264013693,49,1219,0.26080445014976467,1,535,0.11446298673513051,0,27,0.005776636713735558,0,2025
2025-11-28,4572,2869,0.6275153105861767,49,1203,0.2631233595800525,1,472,0.10323709536307961,0,28,0.006124234470691163,0,2025
2025-12-05,4581,2837,0.6192970967037764,49,1228,0.2680637415411482,1,495,0.10805500982318271,0,21,0.0045841519318926,0,2025
2025-12-12,4585,2875,0.6270447110141767,49,1234,0.26913849509269355,1,455,0.09923664122137404,0,21,0.004580152671755725,0,2025
2025-12-19,4586,2835,0.61818578281727,47,1240,0.2703881378107283,3,487,0.10619276057566507,0,24,0.005233318796336677,0,2025
2025-12-26,4537,2843,0.626625523473661,47,1208,0.2662552347366101,3,462,0.10182940268900155,0,24,0.005289839100727353,0,2025
2026-01-06,4773,2842,0.5954326419442698,47,1240,0.25979467839932957,3,483,0.10119421747328725,0,208,0.04357846218311335,0,2026
2026-01-13,4816,2913,0.604858803986711,49,1201,0.24937707641196014,1,485,0.10070598006644518,0,217,0.04505813953488372,0,2026
2026-01-20,4924,2914,0.5917952883834281,49,1262,0.2562956945572705,1,515,0.10458976441917141,0,233,0.047319252640129976,0,2026
2026-01-27,4869,2871,0.589648798521257,49,1259,0.25857465598685564,0,502,0.10310125282398849,1,237,0.04867529266789895,0,2026
2026-02-03,4927,2871,0.5827075299370814,48,1270,0.25776334483458496,1,535,0.10858534605236453,1,251,0.05094377917596915,0,2026
2026-02-10,4843,2854,0.5893041503200496,49,1217,0.25129052240346894,0,537,0.11088168490604997,1,235,0.04852364237043155,0,2026
2026-02-25,4812,2856,0.5935162094763092,49,1241,0.2578969243557772,0,506,0.10515378221113882,1,209,0.04343308395677473,0,2026
2026-03-04,4864,2881,0.5923108552631579,48,1266,0.2602796052631579,1,522,0.10731907894736842,1,195,0.04009046052631579,0,2026
2026-03-11,4746,2863,0.6032448377581121,47,1191,0.2509481668773704,2,500,0.10535187526337969,1,192,0.040455120101137804,0,2026
2026-03-18,4816,2869,0.5957225913621262,47,1248,0.2591362126245847,2,512,0.10631229235880399,1,187,0.03882890365448505,0,2026
2026-03-25,4884,2911,0.596027846027846,46,1270,0.26003276003276005,3,513,0.10503685503685503,1,190,0.038902538902538905,0,2026
2026-04-01,4802,2875,0.5987088713036235,46,1262,0.26280716368179924,3,498,0.10370678883798418,1,167,0.03477717617659309,0,2026
2026-04-09,4811,2903,0.6034088547079609,45,1253,0.26044481396799,4,504,0.10475992517148203,1,151,0.031386406152567034,0,2026
2026-04-16,4748,2896,0.6099410278011794,46,1213,0.2554759898904802,3,492,0.10362257792754845,1,147,0.030960404380791912,0,2026
2026-04-23,4790,2885,0.6022964509394572,47,1237,0.2582463465553236,3,511,0.10668058455114822,0,157,0.03277661795407098,0,2026
2026-04-30,4748,2834,0.5968828980623421,48,1275,0.2685341196293176,2,475,0.10004212299915755,0,164,0.03454085930918281,0,2026
2026-05-12,4768,2866,0.6010906040268457,49,1241,0.2602768456375839,1,492,0.10318791946308725,0,169,0.03544463087248322,0,2026
2026-05-19,4737,2854,0.6024910280768419,48,1229,0.2594469073253114,2,467,0.09858560270213215,0,187,0.03947646189571459,0,2026
2026-05-26,4754,2844,0.5982330668910392,48,1243,0.26146403029028187,2,486,0.10222970130416491,0,181,0.03807320151451409,0,2026
2026-06-02,4843,2881,0.5948792071030353,48,1261,0.26037580012389017,2,522,0.10778443113772455,0,179,0.03696056163534999,0,2026
2026-06-09,4816,2895,0.6011212624584718,48,1251,0.2597591362126246,2,509,0.10568936877076412,0,161,0.03343023255813953,0,2026
2026-06-16,4798,2874,0.5989995831596499,49,1257,0.26198416006669445,1,502,0.10462692788661943,0,165,0.03438932888703627,0,2026
2026-06-24,4819,2882,0.5980493878398008,50,1257,0.26084249844366053,0,509,0.10562357335546795,0,171,0.03548454036107076,0,2026
2026-07-01,4777,2906,0.6083315888633033,50,1237,0.25894913125392505,0,465,0.09734142767427256,0,169,0.03537785220849906,0,2026
2026-07-08,4829,2909,0.602402153655001,50,1262,0.2613377510871816,0,496,0.10271277697245806,0,162,0.033547318285359284,0,2026
2026-07-15,4838,2907,0.600868127325341,50,1275,0.2635386523356759,0,502,0.10376188507647788,0,154,0.031831335262505166,0,2026
2026-07-22,4850,2931,0.6043298969072165,49,1262,0.2602061855670103,1,506,0.1043298969072165,0,151,0.0311340206185567,0,2026
2026-07-29,4777,2852,0.5970274230688717,49,1237,0.25894913125392505,1,543,0.11366966715511828,0,145,0.03035377852208499,0,2026
2026-08-05,4754,2865,0.6026503996634414,49,1238,0.26041228439209085,1,509,0.1070677324358435,0,142,0.029869583508624318,0,2026
2026-08-12,4732,2833,0.5986897717666948,49,1247,0.26352493660185966,1,505,0.10672020287404903,0,147,0.03106508875739645,0,2026
2026-08-19,4721,2860,0.6058038551154417,50,1236,0.2618089387841559,0,483,0.10230883287439102,0,142,0.030078373226011437,0,2026
2026-08-26,4768,2849,0.5975251677852349,49,1243,0.26069630872483224,1,533,0.11178691275167785,0,143,0.029991610738255032,0,2026
2026-09-02,4826,2863,0.5932449233319519,50,1280,0.2652300041442188,0,537,0.1112722751761293,0,146,0.030252797347699957,0,2026
2026-09-09,4734,2803,0.5920997042670046,50,1258,0.2657372201098437,0,504,0.10646387832699619,0,169,0.03569919729615547,0,2026
2026-09-16,4690,2819,0.6010660980810234,48,1255,0.267590618336887,2,453,0.09658848614072495,0,163,0.03475479744136461,0,2026
