year,名单_主板,名单_创业板,名单_科创板,名单_北交所,池_创业板只数,池_科创板只数,池_北交所只数,池_总只数,池占比_主板,池占比_创业板,池占比_科创板,池占比_北交所,名单占池_创业,名单占池_科创,名单占池_北交
2015,43.48979591836735,6.510204081632653,0.0,0.0,285.81632653061223,0.0,0.0,1813.8979591836735,0.8441897455415013,0.15581025445849875,0.0,0.0,0.8263240970790316,,
2016,48.44897959183673,1.5510204081632653,0.0,0.0,383.3469387755102,0.0,0.0,2213.3061224489797,0.8269777184561528,0.17302228154384727,0.0,0.0,0.17910058060702988,,
2017,47.38775510204081,2.6122448979591835,0.0,0.0,472.9591836734694,0.0,0.0,2440.530612244898,0.806261731852538,0.1937382681474619,0.0,0.0,0.26959043656297466,,
2018,47.25,2.75,0.0,0.0,490.6458333333333,0.0,0.0,2296.2083333333335,0.78623641741692,0.21376358258308004,0.0,0.0,0.25739841195702945,,
2019,47.83673469387755,2.163265306122449,0.0,0.0,594.0204081632653,4.122448979591836,0.0,2664.816326530612,0.774818193007141,0.22350280084796326,0.0016790061448957061,0.0,0.19409113313790144,0.0,
2020,47.326530612244895,2.673469387755102,0.0,0.0,699.204081632653,81.3061224489796,0.0,3088.7551020408164,0.7471599427462072,0.2266091669477773,0.026230890306015414,0.0,0.23620263177802575,0.0,
2021,45.479166666666664,4.4375,0.08333333333333333,0.0,806.875,190.20833333333334,0.0,3308.4375,0.6991666473728421,0.24400030873934184,0.056833043887816015,0.0,0.36390249806351666,0.02898959474260679,
2022,46.30612244897959,3.0816326530612246,0.6122448979591837,0.0,928.3061224489796,278.16326530612247,3.9183673469387754,3806.816326530612,0.6822888392074635,0.24382514252399523,0.07284564475115937,0.0010403735173818672,0.2527444172207982,0.16757812149070928,0.0
2023,45.833333333333336,2.6666666666666665,0.5625,0.9375,1020.3333333333334,387.1458333333333,21.541666666666668,4088.125,0.6510600525081544,0.24939495045138474,0.09460157335177825,0.0049434236886827,0.21368833714472393,0.11879607705967819,3.5583293036750474
2024,39.08163265306123,1.0408163265306123,0.5714285714285714,9.306122448979592,1122.2244897959183,404.0204081632653,118.95918367346938,4353.2040816326535,0.6230168988372738,0.2583408239455585,0.09244274972804152,0.026199527489126077,0.08074829808262211,0.12313958103320129,6.810983226023297
2025,32.833333333333336,1.3333333333333333,0.3958333333333333,15.4375,1209.4166666666667,473.8541666666667,175.14583333333334,4705.8125,0.6052635280057009,0.25707230412798954,0.10067981465684027,0.03698435320946929,0.1037593881347757,0.07861986150802375,8.295484863803972
2026,48.371428571428574,1.3142857142857143,0.3142857142857143,0.0,1247.8285714285714,503.22857142857146,176.74285714285713,4800.114285714286,0.5984203115766035,0.25997224617610526,0.10482273222947111,0.03678471001782016,0.10111519766582275,0.059957142046053645,0.0
