slots,cap_industry,cap_board,cash_mode,avg_picked,shortfall_pct,avg_cash_left,avg_scan_depth,list_one_way_turnover,ann_return,excess_univ_ew_ann,excess_ir,max_drawdown,neg_years,years,ex_drop_best1
5,1,3,按槽位(余量现金),4.670175438596491,0.24736842105263157,0.06596491228070175,30.58421052631579,0.30701754385964913,0.25863199491380473,0.09897637158146527,0.41102154412641795,-0.5356757309087735,4,12,0.8060277948574124
5,1,3,满仓(不留现金),4.670175438596491,0.24736842105263157,0.06596491228070175,30.58421052631579,0.30701754385964913,0.27664897806141875,0.11699335472907928,0.47986384133800514,-0.535675730908773,4,12,1.034571970244333
10,1,3,按槽位(余量现金),5.535087719298246,1.0,0.44649122807017544,50.0,0.5835087719298246,0.0650860837179603,-0.09456953961437915,-0.4438549485343211,-0.48610246583186756,7,12,-1.1369588369744164
10,1,3,满仓(不留现金),5.535087719298246,1.0,0.44649122807017544,50.0,0.5835087719298246,0.1762181592996796,0.016562535967340187,0.07503837113498564,-0.5592862481561662,5,12,-0.09035122187013644
10,2,3,按槽位(余量现金),5.643859649122807,1.0,0.4356140350877193,50.0,0.578421052631579,0.07083705830006214,-0.08881856503227731,-0.42168373194302683,-0.47013030335049344,7,12,-1.1178398921454948
10,2,3,满仓(不留现金),5.643859649122807,1.0,0.4356140350877193,50.0,0.578421052631579,0.17424103888747994,0.014585415555140474,0.06691956133053799,-0.5708377428054829,6,12,-0.20164307518323699
10,2,5,按槽位(余量现金),8.04561403508772,0.6947368421052632,0.19543859649122808,43.45789473684211,0.3973684210526316,0.15813782242691024,-0.0015178009054292129,-0.00782919421549262,-0.5661000766365235,6,12,-0.2101707478402952
10,2,5,满仓(不留现金),8.04561403508772,0.6947368421052632,0.19543859649122808,43.45789473684211,0.3973684210526316,0.20433702829209507,0.04468140495975561,0.22996601657014612,-0.5522643878652392,6,12,0.28884855118450437
10,3,5,按槽位(余量现金),8.094736842105263,0.6701754385964912,0.19052631578947368,43.22456140350877,0.39263157894736844,0.1624274545897047,0.0027718312573652678,0.014302808056338536,-0.5624574264815456,6,12,-0.15564261031575854
10,3,5,满仓(不留现金),8.094736842105263,0.6701754385964912,0.19052631578947368,43.22456140350877,0.39263157894736844,0.20615993261035614,0.046504309278016714,0.23969924861286107,-0.552297143318174,6,12,0.3151069242404736
50,99,99,按槽位(余量现金),50.0,0.0,0.0,50.0,0.1858245614035088,0.17512321460079244,0.015467591268453023,0.12229154802904559,-0.524711875115828,4,12,0.2615791860662149
50,99,99,满仓(不留现金),50.0,0.0,0.0,50.0,0.1858245614035088,0.17512321460079244,0.015467591268453023,0.12229154802904559,-0.524711875115828,4,12,0.2615791860662149
