year,现状·全局前50｜5席,现状·全局前50｜10席,E-a 20/10/10/10 回填｜5席,E-a 20/10/10/10 回填｜10席,E-b 每段12·余2归主板 回填｜5席,E-b 每段12·余2归主板 回填｜10席,E-c 池内等比·每段≥3 回填｜5席,E-c 池内等比·每段≥3 回填｜10席,E-d 20/10/10/10 不回填｜5席,E-d 20/10/10/10 不回填｜10席
2015,-0.024010783331166907,-0.06482922875171604,0.03901013902207495,0.10843264872737635,0.03901013902207495,0.10843264872737635,-0.01922513724245234,0.08085639647108844,0.03901013902207495,0.10843264872737635
2016,0.11605656012153132,0.061274729751311874,0.15449498995547195,0.10229528362281082,0.15449498995547195,0.10229528362281082,0.15449498995547195,0.10229528362281082,0.15449498995547195,0.10229528362281082
2017,0.2751085936233135,0.2079422313152688,0.2875682809276905,0.11218920383116382,0.2875682809276905,0.11218920383116382,0.2875682809276905,0.11218920383116382,0.2875682809276905,0.11218920383116382
2018,0.03476008090131977,0.0012343282925262322,0.02038364054192987,-0.05824307943006246,0.02038364054192987,-0.05824307943006246,0.02038364054192987,-0.05824307943006246,0.02038364054192987,-0.05824307943006246
2019,0.35318623085410183,0.27857612290583766,0.40968292610018775,0.27204390136526313,0.40968292610018775,0.27204390136526313,0.40968292610018775,0.27204390136526313,0.40968292610018775,0.27204390136526313
2020,0.0367336014141999,-0.05828799057621503,0.044459973683279363,-0.08520487418407519,0.044459973683279363,-0.08520487418407519,0.044459973683279363,-0.08520487418407519,0.044459973683279363,-0.08520487418407519
2021,-0.18798850596788252,-0.46699902227297596,-0.17955447913753098,-0.4128424688198833,-0.17955447913753098,-0.4128424688198833,-0.17955447913753098,-0.4128424688198833,-0.17955447913753098,-0.4128424688198833
2022,-0.016377923561641028,-0.0831848514225828,-0.015431639888048965,-0.10945016041485411,-0.015431639888048965,-0.10945016041485411,-0.015431639888048965,-0.10945016041485411,-0.015431639888048965,-0.10945016041485411
2023,0.47979035491614974,0.3322094858569322,0.5303802837988609,0.120933153616678,0.5303802837988609,0.120933153616678,0.5303802837988609,0.120933153616678,0.5303802837988609,0.120933153616678
2024,0.1849944154949561,0.062386067722963956,0.18844501992917428,0.07861591853469463,0.18844501992917428,0.07861591853469463,0.18844501992917428,0.07861591853469463,0.18844501992917428,0.07861591853469463
2025,0.2881829458584231,0.03975103596821361,0.25453239383667325,0.1107132908309334,0.25453239383667325,0.1107132908309334,0.25453239383667325,0.1107132908309334,0.25453239383667325,0.1107132908309334
2026,-0.026073245162822056,-0.06821464480276873,-0.0031063672533457876,-0.055108644047826894,-0.0031063672533457876,-0.055108644047826894,-0.0031063672533457876,-0.055108644047826894,-0.0031063672533457876,-0.055108644047826894
