scheme,slots,cash_mode,名单主板只_均,名单创业板只_均,名单科创板只_均,名单北交所只_均,配额主板只_均,配额创业板只_均,配额科创板只_均,配额北交所只_均,配额主板未满天数,配额创业板未满天数,配额科创板未满天数,配额北交所未满天数,avg_list_len,list_lt_target_dates,单板块占比_中位,单板块占比_最差,avg_picked,凑满槽位天数占比,avg_cash_left,avg_scan_depth,list_one_way_turnover,ann_return,sharpe,excess_univ_ew_ann,excess_ir,max_drawdown,neg_years,years,ex_drop_best1
现状·全局前50,5,按槽位(余量现金),44.901754385964914,2.710526315789474,0.20877192982456141,2.1789473684210527,0.0,0.0,0.0,0.0,0,0,0,0,50.0,0,0.94,1.0,4.670175438596491,0.7526315789473684,0.06596491228070175,30.58421052631579,0.30701754385964913,0.25863199491380473,0.7491374976074567,0.09897637158146527,0.41102154412641795,-0.5356757309087735,4,12,0.8060277948574124
现状·全局前50,5,满仓(不留现金),44.901754385964914,2.710526315789474,0.20877192982456141,2.1789473684210527,0.0,0.0,0.0,0.0,0,0,0,0,50.0,0,0.94,1.0,4.670175438596491,0.7526315789473684,0.06596491228070175,30.58421052631579,0.30701754385964913,0.27664897806141875,0.7833415893428768,0.11699335472907928,0.47986384133800514,-0.535675730908773,4,12,1.034571970244333
现状·全局前50,10,按槽位(余量现金),44.901754385964914,2.710526315789474,0.20877192982456141,2.1789473684210527,0.0,0.0,0.0,0.0,0,0,0,0,50.0,0,0.94,1.0,5.535087719298246,0.0,0.44649122807017544,50.0,0.5835087719298246,0.0650860837179603,0.3081837817607281,-0.09456953961437915,-0.4438549485343211,-0.48610246583186756,7,12,-1.1369588369744164
现状·全局前50,10,满仓(不留现金),44.901754385964914,2.710526315789474,0.20877192982456141,2.1789473684210527,0.0,0.0,0.0,0.0,0,0,0,0,50.0,0,0.94,1.0,5.535087719298246,0.0,0.44649122807017544,50.0,0.5835087719298246,0.1762181592996796,0.5222300846957516,0.016562535967340187,0.07503837113498564,-0.5592862481561662,5,12,-0.09035122187013644
E-a 20/10/10/10 回填,5,按槽位(余量现金),37.60526315789474,9.685964912280701,0.5070175438596491,2.2017543859649122,20.0,10.0,10.0,10.0,0,58,570,494,50.0,0,0.8,0.96,5.0,1.0,0.0,28.319298245614036,0.26982456140350874,0.2900345386939082,0.8189313333986626,0.13037891536156876,0.5466545276444112,-0.5356757309087731,3,12,1.2004848777175563
E-a 20/10/10/10 回填,5,满仓(不留现金),37.60526315789474,9.685964912280701,0.5070175438596491,2.2017543859649122,20.0,10.0,10.0,10.0,0,58,570,494,50.0,0,0.8,0.96,5.0,1.0,0.0,28.319298245614036,0.26982456140350874,0.2900345386939082,0.8189313333986626,0.13037891536156876,0.5466545276444112,-0.5356757309087731,3,12,1.2004848777175563
E-a 20/10/10/10 回填,10,按槽位(余量现金),37.60526315789474,9.685964912280701,0.5070175438596491,2.2017543859649122,20.0,10.0,10.0,10.0,0,58,570,494,50.0,0,0.8,0.96,6.973684210526316,0.1280701754385965,0.3026315789473684,49.373684210526314,0.4880701754385965,0.09174564274891484,0.38876225670724507,-0.06790998058342461,-0.3368052268868928,-0.45322265945808526,6,12,-0.7654856594706219
E-a 20/10/10/10 回填,10,满仓(不留现金),37.60526315789474,9.685964912280701,0.5070175438596491,2.2017543859649122,20.0,10.0,10.0,10.0,0,58,570,494,50.0,0,0.8,0.96,6.973684210526316,0.1280701754385965,0.3026315789473684,49.373684210526314,0.4880701754385965,0.16280345161238904,0.49141203060304295,0.003147828280049633,0.015936959403033815,-0.5628120947094626,5,12,-0.08766972773304493
E-b 每段12·余2归主板 回填,5,按槽位(余量现金),35.747368421052634,11.41578947368421,0.5070175438596491,2.329824561403509,14.0,12.0,12.0,12.0,0,76,570,498,50.0,0,0.76,0.96,5.0,1.0,0.0,27.635087719298244,0.26982456140350874,0.2900345386939082,0.8189313333986626,0.13037891536156876,0.5466545276444112,-0.5356757309087731,3,12,1.2004848777175563
E-b 每段12·余2归主板 回填,5,满仓(不留现金),35.747368421052634,11.41578947368421,0.5070175438596491,2.329824561403509,14.0,12.0,12.0,12.0,0,76,570,498,50.0,0,0.76,0.96,5.0,1.0,0.0,27.635087719298244,0.26982456140350874,0.2900345386939082,0.8189313333986626,0.13037891536156876,0.5466545276444112,-0.5356757309087731,3,12,1.2004848777175563
E-b 每段12·余2归主板 回填,10,按槽位(余量现金),35.747368421052634,11.41578947368421,0.5070175438596491,2.329824561403509,14.0,12.0,12.0,12.0,0,76,570,498,50.0,0,0.76,0.96,6.973684210526316,0.1280701754385965,0.3026315789473684,49.25087719298246,0.4880701754385965,0.09174564274891484,0.38876225670724507,-0.06790998058342461,-0.3368052268868928,-0.45322265945808526,6,12,-0.7654856594706219
E-b 每段12·余2归主板 回填,10,满仓(不留现金),35.747368421052634,11.41578947368421,0.5070175438596491,2.329824561403509,14.0,12.0,12.0,12.0,0,76,570,498,50.0,0,0.76,0.96,6.973684210526316,0.1280701754385965,0.3026315789473684,49.25087719298246,0.4880701754385965,0.16280345161238904,0.49141203060304295,0.003147828280049633,0.015936959403033815,-0.5628120947094626,5,12,-0.08766972773304493
E-c 池内等比·每段≥3 回填,5,按槽位(余量现金),37.89824561403509,10.284210526315789,0.5052631578947369,1.312280701754386,32.84561403508772,10.685964912280701,3.468421052631579,3.0,0,68,568,482,50.0,0,0.76,0.96,4.9982456140350875,0.9982456140350877,0.00035087719298245617,28.126315789473683,0.2701754385964912,0.28485433060538023,0.8053055840120311,0.12519870727304078,0.5256251114974961,-0.5356757309087731,4,12,1.0934040226846484
E-c 池内等比·每段≥3 回填,5,满仓(不留现金),37.89824561403509,10.284210526315789,0.5052631578947369,1.312280701754386,32.84561403508772,10.685964912280701,3.468421052631579,3.0,0,68,568,482,50.0,0,0.76,0.96,4.9982456140350875,0.9982456140350877,0.00035087719298245617,28.126315789473683,0.2701754385964912,0.28724598315677957,0.8116546436987108,0.1275903598244401,0.5353973438463392,-0.5356757309087731,4,12,1.1422496014530288
E-c 池内等比·每段≥3 回填,10,按槽位(余量现金),37.89824561403509,10.284210526315789,0.5052631578947369,1.312280701754386,32.84561403508772,10.685964912280701,3.468421052631579,3.0,0,68,568,482,50.0,0,0.76,0.96,6.968421052631579,0.1280701754385965,0.3031578947368421,49.34035087719298,0.4885964912280702,0.08834017410511441,0.37467789039017585,-0.07131544922722503,-0.35367968288085594,-0.4532226594580867,6,12,-0.8232086518344999
E-c 池内等比·每段≥3 回填,10,满仓(不留现金),37.89824561403509,10.284210526315789,0.5052631578947369,1.312280701754386,32.84561403508772,10.685964912280701,3.468421052631579,3.0,0,68,568,482,50.0,0,0.76,0.96,6.968421052631579,0.1280701754385965,0.3031578947368421,49.34035087719298,0.4885964912280702,0.16154280074667865,0.4877795771610757,0.0018871774143392498,0.009558733375506306,-0.5628120947094635,5,12,-0.11524597998933284
E-d 20/10/10/10 不回填,5,按槽位(余量现金),20.0,9.654385964912281,0.5070175438596491,1.5210526315789474,20.0,10.0,10.0,10.0,0,58,570,494,31.682456140350876,570,0.6666666666666666,0.9090909090909091,5.0,1.0,0.0,18.44561403508772,0.26982456140350874,0.2900345386939082,0.8189313333986626,0.13037891536156876,0.5466545276444112,-0.5356757309087731,3,12,1.2004848777175563
E-d 20/10/10/10 不回填,5,满仓(不留现金),20.0,9.654385964912281,0.5070175438596491,1.5210526315789474,20.0,10.0,10.0,10.0,0,58,570,494,31.682456140350876,570,0.6666666666666666,0.9090909090909091,5.0,1.0,0.0,18.44561403508772,0.26982456140350874,0.2900345386939082,0.8189313333986626,0.13037891536156876,0.5466545276444112,-0.5356757309087731,3,12,1.2004848777175563
E-d 20/10/10/10 不回填,10,按槽位(余量现金),20.0,9.654385964912281,0.5070175438596491,1.5210526315789474,20.0,10.0,10.0,10.0,0,58,570,494,31.682456140350876,570,0.6666666666666666,0.9090909090909091,6.973684210526316,0.1280701754385965,0.3026315789473684,31.056140350877193,0.4880701754385965,0.09174564274891484,0.38876225670724507,-0.06790998058342461,-0.3368052268868928,-0.45322265945808526,6,12,-0.7654856594706219
E-d 20/10/10/10 不回填,10,满仓(不留现金),20.0,9.654385964912281,0.5070175438596491,1.5210526315789474,20.0,10.0,10.0,10.0,0,58,570,494,31.682456140350876,570,0.6666666666666666,0.9090909090909091,6.973684210526316,0.1280701754385965,0.3026315789473684,31.056140350877193,0.4880701754385965,0.16280345161238904,0.49141203060304295,0.003147828280049633,0.015936959403033815,-0.5628120947094626,5,12,-0.08766972773304493
