date,open,high,low,close,volume
2025-06-24,1.073,1.108,1.073,1.099,20906696.0
2025-06-25,1.102,1.166,1.102,1.158,42681900.0
2025-06-26,1.159,1.159,1.136,1.138,23024162.0
2025-06-27,1.14,1.176,1.137,1.138,24518428.0
2025-06-30,1.139,1.141,1.125,1.136,16640681.0
2025-07-01,1.137,1.137,1.121,1.13,11857238.0
2025-07-02,1.129,1.132,1.121,1.124,10388797.0
2025-07-03,1.126,1.135,1.125,1.131,10881542.0
2025-07-04,1.13,1.152,1.121,1.131,19266289.0
2025-07-07,1.127,1.137,1.125,1.132,9331740.0
2025-07-08,1.132,1.148,1.131,1.146,15761621.0
2025-07-09,1.146,1.156,1.138,1.141,17115891.0
2025-07-10,1.138,1.161,1.137,1.155,16752711.0
2025-07-11,1.159,1.206,1.155,1.181,36779841.0
2025-07-14,1.186,1.188,1.168,1.17,16838145.0
2025-07-15,1.172,1.18,1.158,1.164,17169638.0
2025-07-16,1.162,1.169,1.152,1.16,12897447.0
2025-07-17,1.16,1.168,1.156,1.166,15811061.0
2025-07-18,1.167,1.174,1.164,1.171,14043238.0
2025-07-21,1.169,1.19,1.165,1.187,20451479.0
2025-07-22,1.186,1.193,1.173,1.189,18917233.0
2025-07-23,1.192,1.222,1.192,1.199,32758746.0
2025-07-24,1.194,1.235,1.192,1.232,28843314.0
2025-07-25,1.233,1.24,1.224,1.227,19223255.0
2025-07-28,1.227,1.254,1.221,1.238,18354624.0
2025-07-29,1.233,1.244,1.213,1.243,21736847.0
2025-07-30,1.239,1.243,1.215,1.225,19269945.0
2025-07-31,1.218,1.231,1.192,1.198,22568785.0
2025-08-01,1.197,1.206,1.186,1.191,16868483.0
2025-08-04,1.186,1.194,1.184,1.193,13815735.0
2025-08-05,1.196,1.209,1.194,1.205,17915049.0
2025-08-06,1.204,1.212,1.2,1.21,16109217.0
2025-08-07,1.21,1.222,1.203,1.209,16880385.0
2025-08-08,1.207,1.208,1.196,1.199,13545394.0
2025-08-11,1.198,1.221,1.197,1.215,19062826.0
2025-08-12,1.216,1.222,1.211,1.221,16364320.0
2025-08-13,1.226,1.254,1.216,1.242,31809267.0
2025-08-14,1.243,1.268,1.238,1.241,28502828.0
2025-08-15,1.236,1.313,1.236,1.3,40839989.0
2025-08-18,1.309,1.34,1.286,1.317,36409793.0
2025-08-19,1.307,1.317,1.289,1.291,23604222.0
2025-08-20,1.284,1.304,1.271,1.303,26559561.0
2025-08-21,1.315,1.318,1.287,1.293,23434999.0
2025-08-22,1.288,1.34,1.287,1.338,38896501.0
2025-08-25,1.355,1.37,1.331,1.352,50151094.0
2025-08-26,1.343,1.351,1.332,1.335,24780371.0
2025-08-27,1.332,1.35,1.299,1.3,40850877.0
2025-08-28,1.3,1.327,1.288,1.326,32645938.0
2025-08-29,1.331,1.345,1.32,1.328,37030689.0
2025-09-01,1.331,1.334,1.308,1.314,25430714.0
2025-09-02,1.313,1.315,1.289,1.296,35071717.0
2025-09-03,1.303,1.305,1.242,1.25,36094726.0
2025-09-04,1.25,1.261,1.232,1.248,32349054.0
2025-09-05,1.25,1.26,1.236,1.257,29758825.0
2025-09-08,1.254,1.257,1.242,1.248,20712641.0
2025-09-09,1.248,1.261,1.244,1.247,26894591.0
2025-09-10,1.248,1.255,1.24,1.245,17386754.0
2025-09-11,1.241,1.285,1.238,1.284,42097901.0
2025-09-12,1.282,1.288,1.262,1.266,27118731.0
2025-09-15,1.266,1.275,1.257,1.262,22528199.0
2025-09-16,1.265,1.275,1.251,1.263,26694387.0
2025-09-17,1.263,1.28,1.26,1.269,30849870.0
2025-09-18,1.267,1.267,1.221,1.232,54237672.0
2025-09-19,1.226,1.232,1.218,1.221,25194490.0
2025-09-22,1.223,1.234,1.218,1.234,21264539.0
2025-09-23,1.226,1.227,1.2,1.212,30460009.0
2025-09-24,1.206,1.233,1.205,1.224,28094683.0
2025-09-25,1.222,1.233,1.22,1.224,21190864.0
2025-09-26,1.221,1.231,1.218,1.219,20049873.0
2025-09-29,1.216,1.309,1.215,1.28,62405166.0
2025-09-30,1.273,1.281,1.259,1.263,29421759.0
2025-10-09,1.258,1.276,1.244,1.267,36410876.0
2025-10-10,1.26,1.294,1.258,1.27,33290356.0
2025-10-13,1.241,1.258,1.24,1.254,31105215.0
2025-10-14,1.257,1.278,1.243,1.248,28210218.0
2025-10-15,1.252,1.265,1.238,1.265,30871277.0
2025-10-16,1.259,1.27,1.253,1.259,24991080.0
2025-10-17,1.259,1.269,1.231,1.233,30041883.0
2025-10-20,1.243,1.247,1.23,1.235,20318734.0
2025-10-21,1.237,1.263,1.236,1.246,32419043.0
2025-10-22,1.241,1.241,1.23,1.234,16983513.0
2025-10-23,1.234,1.246,1.221,1.245,23609790.0
2025-10-24,1.247,1.258,1.242,1.257,25882199.0
2025-10-27,1.27,1.279,1.262,1.272,38334719.0
2025-10-28,1.268,1.276,1.261,1.264,23491155.0
2025-10-29,1.263,1.297,1.262,1.292,40323989.0
2025-10-30,1.287,1.288,1.266,1.267,36915741.0
2025-10-31,1.272,1.274,1.254,1.254,27352959.0
2025-11-03,1.251,1.252,1.235,1.249,24839071.0
2025-11-04,1.245,1.25,1.237,1.243,25980766.0
2025-11-05,1.236,1.245,1.234,1.24,18070164.0
2025-11-06,1.242,1.262,1.242,1.254,23123822.0
2025-11-07,1.25,1.252,1.243,1.244,18242662.0
2025-11-10,1.243,1.265,1.24,1.26,28757322.0
2025-11-11,1.26,1.263,1.244,1.245,17551770.0
2025-11-12,1.245,1.246,1.231,1.238,17287311.0
2025-11-13,1.235,1.249,1.233,1.248,21062304.0
2025-11-14,1.24,1.245,1.232,1.232,15230318.0
2025-11-17,1.23,1.231,1.216,1.218,20904808.0
2025-11-18,1.218,1.229,1.217,1.22,14968246.0
2025-11-19,1.22,1.23,1.215,1.221,15724590.0
2025-11-20,1.243,1.247,1.216,1.217,43847118.0
2025-11-21,1.206,1.212,1.172,1.173,30989614.0
2025-11-24,1.178,1.182,1.169,1.175,15567490.0
2025-11-25,1.178,1.186,1.176,1.179,15183863.0
2025-11-26,1.179,1.182,1.173,1.176,14165949.0
2025-11-27,1.176,1.184,1.172,1.175,14878007.0
2025-11-28,1.173,1.181,1.168,1.18,17505857.0
2025-12-01,1.176,1.186,1.175,1.183,16398453.0
2025-12-02,1.181,1.183,1.171,1.172,11368754.0
2025-12-03,1.175,1.178,1.159,1.161,14552460.0
2025-12-04,1.161,1.171,1.157,1.164,11268462.0
2025-12-05,1.164,1.203,1.163,1.194,29988750.0
2025-12-08,1.21,1.236,1.21,1.217,41523951.0
2025-12-09,1.209,1.215,1.199,1.201,14188266.0
2025-12-10,1.199,1.209,1.191,1.206,16003041.0
2025-12-11,1.206,1.208,1.188,1.19,13540720.0
2025-12-12,1.191,1.205,1.185,1.196,15849408.0
2025-12-15,1.19,1.217,1.189,1.202,16925645.0
2025-12-16,1.2,1.206,1.192,1.193,14416904.0
2025-12-17,1.193,1.229,1.188,1.218,23218744.0
2025-12-18,1.217,1.217,1.204,1.206,14638282.0
2025-12-19,1.205,1.219,1.201,1.211,13847240.0
2025-12-22,1.209,1.215,1.206,1.211,12035128.0
2025-12-23,1.211,1.218,1.205,1.207,12737888.0
2025-12-24,1.205,1.219,1.204,1.218,15381709.0
2025-12-25,1.216,1.225,1.214,1.221,14588688.0
2025-12-26,1.219,1.242,1.219,1.229,20662641.0
2025-12-29,1.227,1.23,1.218,1.222,14071412.0
2025-12-30,1.218,1.227,1.215,1.216,14587223.0
2025-12-31,1.218,1.228,1.211,1.211,14727406.0
2026-01-05,1.215,1.235,1.214,1.235,23727225.0
2026-01-06,1.235,1.288,1.233,1.286,48860098.0
2026-01-07,1.287,1.287,1.258,1.267,27697761.0
2026-01-08,1.258,1.258,1.229,1.233,39147115.0
2026-01-09,1.233,1.243,1.228,1.237,25787852.0
2026-01-12,1.236,1.255,1.23,1.254,32651406.0
2026-01-13,1.259,1.272,1.241,1.246,24080055.0
2026-01-14,1.244,1.275,1.23,1.237,37458122.0
2026-01-15,1.231,1.239,1.214,1.218,27791543.0
2026-01-16,1.224,1.228,1.205,1.208,20938773.0
2026-01-19,1.205,1.208,1.198,1.203,19358900.0
2026-01-20,1.202,1.21,1.2,1.207,18310610.0
2026-01-21,1.204,1.209,1.198,1.201,17053347.0
2026-01-22,1.202,1.212,1.2,1.203,15547915.0
2026-01-23,1.205,1.208,1.197,1.2,18082820.0
2026-01-26,1.2,1.225,1.198,1.211,27500515.0
2026-01-27,1.209,1.209,1.189,1.197,18972020.0
2026-01-28,1.199,1.206,1.195,1.197,16848936.0
2026-01-29,1.194,1.214,1.182,1.212,26283193.0
2026-01-30,1.207,1.211,1.19,1.194,19104005.0
2026-02-02,1.192,1.207,1.175,1.178,21300487.0
2026-02-03,1.185,1.186,1.163,1.174,20322448.0
2026-02-04,1.171,1.193,1.17,1.191,20236356.0
2026-02-05,1.185,1.2,1.182,1.193,16099126.0
2026-02-06,1.186,1.195,1.183,1.186,11789196.0
2026-02-09,1.192,1.198,1.189,1.197,12417633.0
2026-02-10,1.198,1.2,1.194,1.196,8489313.0
2026-02-11,1.196,1.198,1.19,1.194,8566319.0
2026-02-12,1.193,1.194,1.184,1.185,9883566.0
2026-02-13,1.186,1.191,1.173,1.174,12759639.0
2026-02-24,1.178,1.18,1.171,1.172,9078967.0
2026-02-25,1.173,1.189,1.172,1.179,18185475.0
2026-02-26,1.178,1.179,1.163,1.166,16794068.0
2026-02-27,1.165,1.172,1.161,1.169,12764148.0
2026-03-02,1.16,1.162,1.145,1.154,17726436.0
2026-03-03,1.155,1.165,1.141,1.144,19560867.0
2026-03-04,1.137,1.137,1.114,1.115,21153015.0
2026-03-05,1.125,1.127,1.114,1.117,13107274.0
2026-03-06,1.114,1.135,1.113,1.131,13972002.0
2026-03-09,1.115,1.117,1.105,1.112,15558978.0
2026-03-10,1.118,1.126,1.116,1.12,11026324.0
2026-03-11,1.121,1.126,1.115,1.123,11003891.0
2026-03-12,1.119,1.126,1.116,1.121,8903370.0
2026-03-13,1.117,1.125,1.111,1.112,13273701.0
2026-03-16,1.11,1.112,1.1,1.106,15049265.0
2026-03-17,1.107,1.14,1.107,1.118,25726283.0
2026-03-18,1.116,1.118,1.108,1.114,13824389.0
2026-03-19,1.105,1.11,1.097,1.101,17865152.0
2026-03-20,1.102,1.104,1.081,1.083,16353804.0
2026-03-23,1.069,1.069,1.031,1.036,25432596.0
2026-03-24,1.045,1.055,1.033,1.047,15385659.0
2026-03-25,1.051,1.067,1.048,1.059,15273081.0
2026-03-26,1.055,1.058,1.033,1.035,13679893.0
2026-03-27,1.029,1.047,1.027,1.041,11393887.0
2026-03-30,1.029,1.039,1.025,1.037,11169139.0
2026-03-31,1.037,1.049,1.027,1.029,13969642.0
2026-04-01,1.04,1.046,1.035,1.045,13094173.0
2026-04-02,1.041,1.041,1.022,1.025,12401467.0
2026-04-03,1.028,1.031,1.016,1.016,10345095.0
2026-04-07,1.016,1.021,1.01,1.015,8176921.0
2026-04-08,1.032,1.056,1.031,1.054,23923838.0
2026-04-09,1.044,1.045,1.029,1.031,14245070.0
2026-04-10,1.043,1.091,1.043,1.068,40592794.0
2026-04-13,1.06,1.084,1.058,1.075,16911186.0
2026-04-14,1.083,1.086,1.067,1.081,14407832.0
2026-04-15,1.084,1.086,1.072,1.073,11711143.0
2026-04-16,1.077,1.089,1.075,1.081,15691048.0
2026-04-17,1.078,1.081,1.07,1.076,10839691.0
2026-04-20,1.078,1.08,1.072,1.075,11156460.0
2026-04-21,1.072,1.073,1.064,1.066,10777916.0
2026-04-22,1.062,1.085,1.062,1.075,17125787.0
2026-04-23,1.073,1.078,1.062,1.066,13837058.0
2026-04-24,1.063,1.064,1.05,1.056,12075920.0
2026-04-27,1.057,1.07,1.055,1.057,14783655.0
2026-04-28,1.058,1.082,1.058,1.07,19641610.0
2026-04-29,1.067,1.077,1.065,1.076,13515804.0
2026-04-30,1.074,1.095,1.074,1.078,19724462.0
2026-05-06,1.08,1.1,1.08,1.094,22488114.0
2026-05-07,1.1,1.101,1.082,1.089,20964495.0
2026-05-08,1.084,1.089,1.076,1.08,13321529.0
2026-05-11,1.077,1.104,1.073,1.097,30582998.0
2026-05-12,1.097,1.111,1.09,1.102,26256397.0
2026-05-13,1.097,1.102,1.084,1.095,18656631.0
2026-05-14,1.096,1.098,1.071,1.071,20033561.0
2026-05-15,1.07,1.072,1.044,1.048,22348192.0
2026-05-18,1.045,1.055,1.041,1.047,14563510.0
2026-05-19,1.047,1.059,1.039,1.056,15800418.0
2026-05-20,1.05,1.057,1.046,1.049,11650042.0
2026-05-21,1.056,1.092,1.052,1.054,36516566.0
2026-05-22,1.055,1.06,1.034,1.037,21989774.0
2026-05-25,1.041,1.052,1.034,1.045,16215017.0
2026-05-26,1.043,1.067,1.039,1.056,23501406.0
2026-05-27,1.051,1.065,1.037,1.043,20162458.0
2026-05-28,1.041,1.043,1.015,1.021,24319969.0
2026-05-29,1.023,1.048,1.022,1.033,27443454.0
2026-06-01,1.031,1.042,1.025,1.035,13396327.0
2026-06-02,1.033,1.042,1.025,1.037,19114995.0
2026-06-03,1.033,1.044,1.025,1.035,20051987.0
2026-06-04,1.028,1.04,1.015,1.022,18656620.0
2026-06-05,1.022,1.033,1.014,1.016,17579094.0
2026-06-08,1.006,1.017,0.996,1.001,21611112.0
2026-06-09,1.001,1.005,0.993,1.005,15277820.0
2026-06-10,1.0,1.021,0.997,1.018,22751616.0
2026-06-11,1.015,1.028,0.999,1.008,17363067.0
2026-06-12,1.009,1.048,1.005,1.045,34166330.0
2026-06-15,1.05,1.099,1.048,1.072,43103044.0
2026-06-16,1.063,1.088,1.06,1.082,21564858.0
2026-06-17,1.079,1.092,1.075,1.081,21201408.0
2026-06-18,1.076,1.079,1.048,1.05,25269337.0
2026-06-22,1.045,1.132,1.045,1.131,51127038.0
2026-06-23,1.127,1.16,1.123,1.131,43495644.0
2026-06-24,1.124,1.15,1.106,1.111,30889789.0
2026-06-25,1.109,1.157,1.1,1.149,36986371.0
2026-06-26,1.142,1.157,1.105,1.107,38578758.0
2026-06-29,1.114,1.137,1.107,1.123,27939493.0
2026-06-30,1.116,1.132,1.109,1.126,25896126.0
2026-07-01,1.122,1.191,1.119,1.176,48778629.0
2026-07-02,1.175,1.177,1.145,1.15,34543193.0
2026-07-03,1.154,1.159,1.139,1.155,26951203.0
2026-07-06,1.174,1.177,1.148,1.16,27755800.0
2026-07-07,1.157,1.157,1.12,1.123,29002156.0
2026-07-08,1.123,1.133,1.11,1.111,22128821.0
2026-07-09,1.114,1.136,1.108,1.132,26533286.0
2026-07-10,1.128,1.128,1.11,1.11,27410988.0
2026-07-13,1.107,1.115,1.094,1.098,24021880.0
2026-07-14,1.098,1.104,1.085,1.104,21511602.0
2026-07-15,1.102,1.139,1.1,1.13,29612314.0
2026-07-16,1.122,1.127,1.109,1.113,25317038.0
2026-07-17,1.11,1.123,1.094,1.097,35489247.0
2026-07-20,1.1,1.126,1.1,1.118,26962084.0
2026-07-21,1.123,1.131,1.106,1.123,26447643.0
2026-07-22,1.115,1.119,1.103,1.114,20764734.0
2026-07-23,1.115,1.131,1.111,1.128,21886635.0
2026-07-24,1.121,1.123,1.098,1.099,22147774.0
2026-07-27,1.102,1.106,1.087,1.104,14076547.0
2026-07-28,1.098,1.098,1.081,1.085,18025553.0
2026-07-29,1.087,1.111,1.084,1.106,23400378.0
2026-07-30,1.101,1.116,1.097,1.106,17170355.0
2026-07-31,1.107,1.116,1.105,1.107,16650942.0
2026-08-03,1.097,1.106,1.095,1.105,12074937.0
2026-08-04,1.107,1.11,1.1,1.104,15145331.0
2026-08-05,1.103,1.114,1.099,1.109,21663764.0
2026-08-06,1.104,1.108,1.092,1.096,19218907.0
2026-08-07,1.093,1.096,1.089,1.096,16343943.0
2026-08-10,1.097,1.105,1.096,1.099,13694954.0
2026-08-11,1.099,1.104,1.092,1.093,13836025.0
2026-08-12,1.092,1.099,1.088,1.097,14257459.0
2026-08-13,1.098,1.113,1.097,1.101,22820067.0
2026-08-14,1.099,1.105,1.086,1.087,22527241.0
2026-08-17,1.085,1.094,1.081,1.093,14578823.0
2026-08-18,1.091,1.092,1.073,1.077,20651875.0
2026-08-19,1.074,1.081,1.06,1.062,18813897.0
2026-08-20,1.065,1.068,1.057,1.063,12973458.0
2026-08-21,1.062,1.067,1.056,1.063,10604990.0
2026-08-24,1.063,1.073,1.061,1.067,14029461.0
2026-08-25,1.066,1.07,1.061,1.067,9525587.0
2026-08-26,1.066,1.098,1.065,1.096,29987294.0
2026-08-27,1.092,1.108,1.089,1.106,24453917.0
2026-08-28,1.105,1.109,1.099,1.104,17388624.0
2026-08-31,1.101,1.108,1.09,1.105,16823116.0
2026-09-01,1.103,1.117,1.1,1.113,18158225.0
2026-09-02,1.108,1.109,1.089,1.09,16709557.0
2026-09-03,1.092,1.111,1.09,1.098,17785690.0
2026-09-04,1.102,1.117,1.102,1.105,22388888.0
2026-09-07,1.106,1.11,1.09,1.091,15216121.0
2026-09-08,1.093,1.097,1.083,1.085,13947751.0
2026-09-09,1.084,1.086,1.078,1.085,11737738.0
2026-09-10,1.081,1.094,1.078,1.091,14719106.0
2026-09-11,1.085,1.086,1.054,1.058,22046653.0
