name,family,expr,rank_icir,max_vs_cand,cand_twin,cand_verdict,max_vs_library,library_twin,library_verdict,pearson_vs_cand,pearson_vs_library
水平·MA5,价格水平,"ma(df,5)",0.1266294760906311,0.9951708374495745,水平·MA20,必被丢（>=0.99，RD-Agent dedup 同值）,1.0,5-day SMA of Price,必被丢（>=0.99，RD-Agent dedup 同值）,0.9981003450999905,1.0
反转·1d,反转,"close/delay(close,1)-1",0.0234333383317548,0.8366400861257146,日内·当日涨跌,危险区 0.70~0.85（同簇，人工复核）,1.0,mogp_1,必被丢（>=0.99，RD-Agent dedup 同值）,0.8034249424269749,1.0
动量·20d,动量,"close/delay(close,20)-1",0.0903795214030479,0.8091785900809356,位置·C/MA20,危险区 0.70~0.85（同簇，人工复核）,1.0,momentum_20,必被丢（>=0.99，RD-Agent dedup 同值）,0.8479022922785717,1.0
位置·距20日高,趋势位置,"close/max(df,20)-1",0.1305222596095047,0.7984437563314783,位置·20日Donchian,危险区 0.70~0.85（同簇，人工复核）,1.0,1-day SMA of Price over 20-day MAX of Price,必被丢（>=0.99，RD-Agent dedup 同值）,0.7462434798565949,1.0
波动·STD5,波动,"ts_std(returns,5)",-0.0204243447697778,0.7243600295993358,波动·STD20,危险区 0.70~0.85（同簇，人工复核）,1.0,gp_0,必被丢（>=0.99，RD-Agent dedup 同值）,0.7373716464079482,1.0
RSV20,外部,"((close - ts_min(low, 20.0)) / ((ts_max(high, 20.0) - ts_min(low, 20.0)) + 1e-12))",0.1636272151892908,0.901229724139052,RSV30,会被判重复（>=0.85，本线跨源判重线）,0.9999999714306633,price_position_20,必被丢（>=0.99，RD-Agent dedup 同值）,0.9422456239815918,1.0
反转·5d,反转,"close/delay(close,5)-1",0.0675354873103156,0.7568933245147358,价量·VWAP偏离5d,危险区 0.70~0.85（同簇，人工复核）,0.9989518321113503,mom_5,必被丢（>=0.99，RD-Agent dedup 同值）,0.7841894912264318,0.9989264152602865
水平·MA20,价格水平,"ma(df,20)",0.1134565940649039,0.9951708374495745,水平·MA5,必被丢（>=0.99，RD-Agent dedup 同值）,0.9951953951409959,5-day SMA of Price,必被丢（>=0.99，RD-Agent dedup 同值）,0.9981003450999905,0.997713135457229
量能·水平MA20,量能,"ts_mean(volume,20)",-0.3472557162189331,0.9873791115564414,量能·水平MA5,会被判重复（>=0.85，本线跨源判重线）,0.9948633354631746,10-day SMA of Volume,必被丢（>=0.99，RD-Agent dedup 同值）,0.9862023528225078,0.9944837111459178
量能·水平MA5,量能,"ts_mean(volume,5)",-0.341172472580376,0.9873791115564414,量能·水平MA20,会被判重复（>=0.85，本线跨源判重线）,0.9947911302334926,10-day SMA of Volume,必被丢（>=0.99，RD-Agent dedup 同值）,0.9862023528225078,0.9942119054753096
量能·波动STD20,量能,"ts_std(volume,20)",-0.3234181728999228,0.9598319308985017,量能·水平MA20,会被判重复（>=0.85，本线跨源判重线）,0.9619573820702036,10-day SMA of Volume,会被判重复（>=0.85，本线跨源判重线）,0.9464639099871737,0.9560021746380695
量能·成交额MA20,量能,"ts_mean(df['amount'],20)",-0.3199785963417824,0.9617002226868859,量能·水平MA20,会被判重复（>=0.85，本线跨源判重线）,0.9511666428666212,10-day SMA of Volume,会被判重复（>=0.85，本线跨源判重线）,0.9368358416235838,0.7907323934167705
量能·波动STD5,量能,"ts_std(volume,5)",-0.302918372272993,0.94346338333477,量能·水平MA5,会被判重复（>=0.85，本线跨源判重线）,0.9435148786211548,10-day SMA of Volume,会被判重复（>=0.85，本线跨源判重线）,0.9088587508317097,0.904434778763612
量能·成交额STD20,量能,"ts_std(df['amount'],20)",-0.28169784459932,0.9606026441925983,量能·成交额MA20,会被判重复（>=0.85，本线跨源判重线）,0.91914677514107,10-day SMA of Volume,会被判重复（>=0.85，本线跨源判重线）,0.9368358416235838,0.7303370220220474
价量·Amihud20,价量交互,"ts_mean(abs(returns)/(df['amount']+1e-9),20)*1e9",0.2582247912470143,0.09531027716044384,波动·振幅MA20,可提名（<0.70）,0.9030947323266824,gp_6,会被判重复（>=0.85，本线跨源判重线）,0.1538978937610932,0.09209418360586816
RSV30,外部,"((close - ts_min(low, 30.0)) / ((ts_max(high, 30.0) - ts_min(low, 30.0)) + 1e-12))",0.1604212817724907,0.901229724139052,RSV20,会被判重复（>=0.85，本线跨源判重线）,0.898539169092971,price_position_20,会被判重复（>=0.85，本线跨源判重线）,0.899156185822642,0.8973054696363835
位置·20日Donchian,趋势位置,"(close-min(df,20))/(max(df,20)-min(df,20)+1e-9)",0.1514740371851863,0.9063037361649409,RANK20,会被判重复（>=0.85，本线跨源判重线）,0.8928975977048708,price_position_20,会被判重复（>=0.85，本线跨源判重线）,0.9422456239815918,0.9430865873950055
位置·C/MA20,趋势位置,"close/ma(df,20)-1",0.107923241824723,0.8302780221809116,位置·20日Donchian,危险区 0.70~0.85（同簇，人工复核）,0.8859734655666488,mogp_3,会被判重复（>=0.85，本线跨源判重线）,0.8479022922785717,0.8843115563425108
RANK20,外部,"rank(close, 20.0)",0.151556337738875,0.9309037994642285,RANK30,会被判重复（>=0.85，本线跨源判重线）,0.8404602671168387,price_position_20,危险区 0.70~0.85（同簇，人工复核）,0.9333745876102086,0.8793989420832597
日内·当日涨跌,日内隔夜,close/open-1,0.0503126145726571,0.8847868780183885,日内·收盘位置,会被判重复（>=0.85，本线跨源判重线）,0.8357847757955571,mogp_1,危险区 0.70~0.85（同簇，人工复核）,0.8246087420002629,0.8101443762471626
RANK30,外部,"rank(close, 30.0)",0.1515714904710676,0.9309037994642285,RANK20,会被判重复（>=0.85，本线跨源判重线）,0.8229588308713404,price_position_20,危险区 0.70~0.85（同簇，人工复核）,0.9333745876102086,0.8594780870542
RSV60,外部,"((close - ts_min(low, 60.0)) / ((ts_max(high, 60.0) - ts_min(low, 60.0)) + 1e-12))",0.1326666341708351,0.8629358836351867,RANK60,会被判重复（>=0.85，本线跨源判重线）,0.8210755923606841,1-day SMA of Price over 60-day SMA of Price,危险区 0.70~0.85（同簇，人工复核）,0.882715567690334,0.7300065119001522
RSV10,外部,"((close - ts_min(low, 10.0)) / ((ts_max(high, 10.0) - ts_min(low, 10.0)) + 1e-12))",0.1206080308345088,0.8207825595834672,RSV20,危险区 0.70~0.85（同簇，人工复核）,0.8176640849813209,price_position_20,危险区 0.70~0.85（同簇，人工复核）,0.8690492131954224,0.812379078153099
RANK60,外部,"rank(close, 60.0)",0.1257384724939662,0.8629358836351867,RSV60,会被判重复（>=0.85，本线跨源判重线）,0.8163713626211784,1-day SMA of Price over 60-day SMA of Price,危险区 0.70~0.85（同簇，人工复核）,0.882715567690334,0.6984134073863637
价量·VWAP偏离5d,价量交互,"close/(ts_sum(df['amount'],5)/ts_sum(volume,5))-1",0.0605698020799414,0.8173539286038138,反转·2d,危险区 0.70~0.85（同簇，人工复核）,0.7522790121223798,mom_5,危险区 0.70~0.85（同簇，人工复核）,0.8345105025297016,0.7792681687893087
RANK10,外部,"rank(close, 10.0)",0.0994750810402231,0.8583243819966283,RANK20,会被判重复（>=0.85，本线跨源判重线）,0.725257400569592,mom_5,危险区 0.70~0.85（同簇，人工复核）,0.8690492131954224,0.7110274851348434
日内·收盘位置,日内隔夜,(close-open)/(high-low+1e-9),0.0639031808665601,0.8847868780183885,日内·当日涨跌,会被判重复（>=0.85，本线跨源判重线）,0.7232630806314865,mogp_1,危险区 0.70~0.85（同簇，人工复核）,0.8246087420002629,0.6758180026551672
波动·STD20,波动,"ts_std(returns,20)",-0.0059071788240685,0.8515631495497776,波动·振幅MA20,会被判重复（>=0.85，本线跨源判重线）,0.713518304690711,gp_0,危险区 0.70~0.85（同簇，人工复核）,0.7971153167419076,0.627806539216679
STD5,外部,"(ts_std(close, 5.0) / close)",0.011181960335797,0.6987756628488363,波动·STD5,可提名（<0.70）,0.689182830281957,gp_0,可提名（<0.70）,0.7373716464079482,0.7272793232539653
量能·动量5d,量能,"volume/delay(volume,5)-1",-0.0026041846245877,0.3239202574366753,量能·比5/20,可提名（<0.70）,0.673291974857561,volume_ratio_20,可提名（<0.70）,0.30227771277038573,0.6141729449884495
RSV5,外部,"((close - ts_min(low, 5.0)) / ((ts_max(high, 5.0) - ts_min(low, 5.0)) + 1e-12))",0.0795361339368191,0.8166305658026725,RSV10,危险区 0.70~0.85（同簇，人工复核）,0.6621473201088715,mom_5,可提名（<0.70）,0.827967207419143,0.6271100646936686
反转·2d,反转,"close/delay(close,2)-1",0.0244957474587456,0.8173539286038138,价量·VWAP偏离5d,危险区 0.70~0.85（同簇，人工复核）,0.6358819109474122,mogp_1,可提名（<0.70）,0.8345105025297016,0.6693231580170808
波动·振幅MA20,波动,"ts_mean((high-low)/close,20)",-0.0385261970252066,0.8515631495497776,波动·STD20,会被判重复（>=0.85，本线跨源判重线）,0.6241673752100104,gp_0,可提名（<0.70）,0.6648135001585409,0.5640011286394312
RANK5,外部,"rank(close, 5.0)",0.0647397108656174,0.8297905704196966,RANK10,危险区 0.70~0.85（同簇，人工复核）,0.6110241842959143,mogp_1,可提名（<0.70）,0.827967207419143,0.5762655650508204
STD10,外部,"(ts_std(close, 10.0) / close)",0.0162696423526524,0.720575184892481,波动·归一STD20,危险区 0.70~0.85（同簇，人工复核）,0.5908594258488571,gp_0,可提名（<0.70）,0.6747928960509827,0.6114487954045494
波动·振幅当日,波动,(high-low)/close,-0.026400783060554,0.7163803532035558,波动·振幅MA20,危险区 0.70~0.85（同簇，人工复核）,0.5797722507394424,mogp_2,可提名（<0.70）,0.6648135001585409,0.6419516475964042
量能·比5/20,量能,"ts_mean(volume,5)/ts_mean(volume,20)",0.0214077240998266,0.3239202574366753,量能·动量5d,可提名（<0.70）,0.5649243030496653,volume_ratio_20,可提名（<0.70）,0.30227771277038573,0.5692603095524308
动量·120d,动量,"close/delay(close,120)-1",0.0255123136265829,0.8823471844646924,动量·120d跳20,会被判重复（>=0.85，本线跨源判重线）,0.5411720727418757,1-day SMA of Price over 60-day SMA of Price,可提名（<0.70）,0.8993757185125154,0.5898850332240809
波动·归一STD20,波动,"std(df,20)/ma(df,20)",0.0079505095084938,0.9980406834192866,STD20,必被丢（>=0.99，RD-Agent dedup 同值）,0.53481952302145,gp_0,可提名（<0.70）,0.9810602040935035,0.4801874975614009
STD20,外部,"(ts_std(close, 20.0) / close)",0.0033263810475062,0.9980406834192866,波动·归一STD20,必被丢（>=0.99，RD-Agent dedup 同值）,0.5303679406289137,gp_0,可提名（<0.70）,0.9810602040935035,0.4707131456690727
STD30,外部,"(ts_std(close, 30.0) / close)",0.0126690343384794,0.8437795996023685,STD20,危险区 0.70~0.85（同簇，人工复核）,0.5167140720026152,gp_0,可提名（<0.70）,0.8194924448125108,0.4108838505970951
STD60,外部,"(ts_std(close, 60.0) / close)",0.0039534604131661,0.7250284422644864,STD30,危险区 0.70~0.85（同簇，人工复核）,0.5151740400339622,gp_0,可提名（<0.70）,0.6780581462120496,0.34542802298252573
VWAP0,外部,"(df[""amount""] / df[""volume""] / close)",0.0354677333171206,0.04946373367673868,量能·波动STD20,可提名（<0.70）,0.3067101542515644,hybrid_0,可提名（<0.70）,0.0530025407900697,0.3016655931050489
价量·20日量价相关,价量交互,returns.rolling(20).corr(volume),0.0445227022073751,0.24917787142173628,动量·20d,可提名（<0.70）,0.2838325016331924,hybrid_1,可提名（<0.70）,0.23563257527013667,0.23324667801578675
隔夜·跳空,日内隔夜,"open/delay(close,1)-1",-0.0789031770399041,0.26097353780010807,反转·1d,可提名（<0.70）,0.2710940275970603,mogp_1,可提名（<0.70）,0.33332980689762354,0.34120026969213363
动量·120d跳20,动量,"delay(close,20)/delay(close,120)-1",-0.010599315682694,0.8823471844646924,动量·120d,会被判重复（>=0.85，本线跨源判重线）,0.2522905690478225,1-day SMA of Price over 60-day SMA of Price,可提名（<0.70）,0.8993757185125154,0.29237281507539054
隔夜·20日均跳空,日内隔夜,"ts_mean(open/delay(close,1)-1,20)",-0.0932274624925416,0.24427192527643757,隔夜·跳空,可提名（<0.70）,0.1994426368291838,momentum_20,可提名（<0.70）,0.43306992907853203,0.44410071932256057
