,水平·MA5,水平·MA20,动量·20d,动量·120d,动量·120d跳20,反转·1d,反转·2d,反转·5d,位置·C/MA20,位置·距20日高,位置·20日Donchian,波动·STD5,波动·STD20,波动·归一STD20,波动·振幅当日,波动·振幅MA20,量能·水平MA5,量能·水平MA20,量能·波动STD5,量能·波动STD20,量能·动量5d,量能·比5/20,量能·成交额MA20,量能·成交额STD20,价量·20日量价相关,价量·VWAP偏离5d,价量·Amihud20,隔夜·跳空,日内·当日涨跌,日内·收盘位置,隔夜·20日均跳空,5-day SMA of Price,1-day SMA of Price over 60-day MAX of Price,vol_20,10-day SMA of Volume,1-day SMA of Price over 20-day MAX of Price,1-day SMA of Price over 60-day SMA of Price
水平·MA5,1.0,0.9951722073634178,0.1274983256483345,0.30917742645620305,0.28061926051196734,0.02967474666736792,0.03543850005082849,0.05769225231683947,0.10637121300837105,0.16975917182445371,0.1478445642948098,-0.1393470715777984,-0.1900818199612601,-0.1584955288779459,-0.19658839944568732,-0.2505308189764444,-0.10458042644942135,-0.1078364842444355,-0.11149571052735263,-0.11706654093151637,-0.0010748340472786025,0.001203139206430803,0.12501010886099231,0.1331266379251557,-0.10650259332164427,0.055779277485981306,-0.150356674643411,0.012487856378533772,0.025981702313179734,0.02966445700341276,0.028207727738360236,1.0,0.2584600842435833,0.1900818199612601,-0.10605689576263345,0.16975917182445371,0.19558579015845187
水平·MA20,0.9951722073634178,1.0,0.08274836004742528,0.2902483114867863,0.285008850869484,0.026027960029266693,0.027796033792503366,0.032453655277947885,0.05933798723998057,0.13519835273410735,0.11109838809006797,-0.14405930694178065,-0.1904852559351978,-0.15835450203962775,-0.20195555807537757,-0.25331327364897055,-0.10463971617278599,-0.10720754613028918,-0.11216007537175186,-0.11687886945187463,-0.001799145878940036,-0.004471408166209509,0.1260308786503477,0.13268419261202066,-0.1202809727756934,0.04238236256469172,-0.15079881240358003,0.012482205876645506,0.022441978293447937,0.026328452708481432,0.015018373841156316,0.9951722073634178,0.22776755375062013,0.1904852559351978,-0.10587107375235973,0.13519835273410735,0.15732104536779712
动量·20d,0.1274983256483345,0.08274836004742528,1.0,0.3487160260841096,-0.003570790085463261,0.1918415630440351,0.27258358184996234,0.4358811932512603,0.8090725971019165,0.6073955308111301,0.6725420975727346,0.10869201447658793,0.08514431500891431,0.06724195635803286,0.1060768851189339,0.07905630655914526,-0.004005868882978154,-0.017521439578315333,0.002665825130445803,-0.0018247586181863618,0.027902014322071945,0.09379973545059651,0.0022201410242269,0.025006552509666272,0.2491593814427228,0.3394790492914427,0.018460234855828737,0.037762133928963965,0.1728123987576624,0.15717525888516695,0.17986483880648374,0.1274983256483345,0.5871267737537084,-0.08514431500891431,-0.007480469302776442,0.6073955308111301,0.770879731339514
动量·120d,0.30917742645620305,0.2902483114867863,0.3487160260841096,1.0,0.8823945735066835,0.09045839242848731,0.12051012285541933,0.17772917754041387,0.2901993737381668,0.18249063165165066,0.2571272521933601,0.12804675967269957,0.14106295052114878,0.09215521502389488,0.1190457452712614,0.15115010248794797,-0.04089146245816521,-0.042869079365296096,-0.042424544587341524,-0.04204622814994995,0.00275229560807561,0.00017843057342063398,0.022577597694695573,0.031721186936622306,-0.013577181759729684,0.14827190315518352,0.007952357573105572,0.007778285400338727,0.08466188772386814,0.08151328832826667,0.02290960415423485,0.30917742645620305,0.3389442626726197,-0.14106295052114878,-0.04183443798620883,0.18249063165165066,0.5380541477940073
动量·120d跳20,0.28061926051196734,0.285008850869484,-0.003570790085463261,0.8823945735066835,1.0,0.017848332469800887,0.01686635345394643,0.008949915829989394,-0.012152793679205999,-0.042200358790839866,0.009931206550315383,0.09059871603431337,0.11569003412484785,0.0704737951437656,0.08041118559711495,0.1257425704015812,-0.04352735646486105,-0.0407327834152316,-0.048218460252844875,-0.04657913235383087,-0.007059560447096566,-0.03271357055024864,0.022773667469215234,0.021471827585869425,-0.12260208196910811,0.019496964601867617,0.002987296640471421,-0.007893844721665816,0.020684350524151653,0.023871869019677222,-0.06338649304855372,0.28061926051196734,0.12118047423095543,-0.11569003412484785,-0.04332788815086681,-0.042200358790839866,0.25066671012981845
反转·1d,0.02967474666736792,0.026027960029266693,0.1918415630440351,0.09045839242848731,0.017848332469800887,1.0,0.6355453874686906,0.38517408802256503,0.32612167048396734,0.3606077530965376,0.3980356381919663,0.0019775842315299594,-0.009236150474417072,-0.003668510719455799,0.03352137693379168,-0.015003822747481313,-0.013075994543436801,-0.01621732540657332,-0.008397903161995882,-0.014453328858538929,0.08414715423380861,0.025248093876881164,-0.010141797134042427,-0.007203054423603322,0.042235047459217585,0.6299685088815723,0.007994422664175148,0.2610586704310989,0.8366922914355294,0.7267591618875006,0.036692672038337835,0.02967474666736792,0.22865337964638754,0.009236150474417072,-0.015103756114278258,0.3606077530965376,0.1866432683088255
反转·2d,0.03543850005082849,0.027796033792503366,0.27258358184996234,0.12051012285541933,0.01686635345394643,0.6355453874686906,1.0,0.5657501048019444,0.46098376546479325,0.455067379072242,0.5000280371825078,0.028096929172734958,0.004933023082352509,0.007290605837639886,0.05361684536570333,-0.005490151459144489,-0.011248586432795431,-0.018384565051775482,-0.0024699367255203654,-0.014524888675313768,0.10529036949363074,0.05386560998387407,-0.012011303413374889,-0.006377903312931827,0.07639023513176808,0.8173560840251127,0.011923555684068905,0.19858304221311707,0.5367588948450146,0.46983728652317835,0.05216863584363216,0.03543850005082849,0.2932396745673809,-0.004933023082352509,-0.01578316447704865,0.455067379072242,0.2601731245835045
反转·5d,0.05769225231683947,0.032453655277947885,0.4358811932512603,0.17772917754041387,0.008949915829989394,0.38517408802256503,0.5657501048019444,1.0,0.7004431125993003,0.5914154778460949,0.6417887257589519,0.0803347356728673,0.02299249703018669,0.024508203830803904,0.07108280499119396,0.009041123620823424,-0.0027085201330883193,-0.021004446369395358,0.013169722562231433,-0.012831853898677971,0.13015345930344574,0.1362150159022983,-0.013441711686091614,-0.0016459998990455255,0.135336681868099,0.756603640595709,0.016418709915062703,0.10998580150663749,0.3334565778439206,0.29628681066452356,0.08720041911666626,0.05769225231683947,0.4006557026956129,-0.02299249703018669,-0.01468278755573217,0.5914154778460949,0.4033023323821613
位置·C/MA20,0.10637121300837105,0.05933798723998057,0.8090725971019165,0.2901993737381668,-0.012152793679205999,0.32612167048396734,0.46098376546479325,0.7004431125993003,1.0,0.7547563455704676,0.8303425586457147,0.0969373794645262,0.04803276580213126,0.041962066172857304,0.10085871346721331,0.03723883281356573,-0.0031196969189025876,-0.024400011840557873,0.010102969497184826,-0.010764792067136514,0.06622635869727674,0.1542898257954984,-0.009967499424713323,0.00980552670385785,0.21916756870476867,0.5702896299883945,0.02030840363502065,0.08465986852900903,0.28448156321240103,0.25690973886359125,0.15690035142368722,0.10637121300837105,0.5813816127729422,-0.04803276580213126,-0.011254365829889828,0.7547563455704676,0.6809278205451819
位置·距20日高,0.16975917182445371,0.13519835273410735,0.6073955308111301,0.18249063165165066,-0.042200358790839866,0.3606077530965376,0.455067379072242,0.5914154778460949,0.7547563455704676,1.0,0.7983577265322259,-0.23510693583213482,-0.3439296108958,-0.3943625582182363,-0.17899947439419095,-0.31778185410016163,-0.0912787900100915,-0.10365062817376546,-0.07544230488908209,-0.09604921747839042,0.07196325008348131,0.0899282845116943,-0.06899087267922502,-0.05759219951865845,0.14023746619650754,0.5463027430638617,0.011242947119412148,0.11424261614862241,0.3061836005287315,0.2823218196791521,0.15838535355531883,0.16975917182445371,0.7164469741301271,0.3439296108958,-0.09753783451946653,1.0,0.5083644925769127
位置·20日Donchian,0.1478445642948098,0.11109838809006797,0.6725420975727346,0.2571272521933601,0.009931206550315383,0.3980356381919663,0.5000280371825078,0.6417887257589519,0.8303425586457147,0.7983577265322259,1.0,0.050993337344584735,0.0057014943023073516,0.009270888565746547,0.058889948519292044,-0.006404190295547872,-0.01603562597330089,-0.03201250373223564,-0.004639984865767798,-0.02304169993819119,0.06317474077584218,0.11498438748983365,-0.004314799673654469,0.009855509029467205,0.1823410892069889,0.5896530154636505,0.008373544744765482,0.10740005995634633,0.3442770122740252,0.3360923590638432,0.13364591478829463,0.1478445642948098,0.5769575531496883,-0.0057014943023073516,-0.022646854700274773,0.7983577265322259,0.5692730286774881
波动·STD5,-0.1393470715777984,-0.14405930694178065,0.10869201447658793,0.12804675967269957,0.09059871603431337,0.0019775842315299594,0.028096929172734958,0.0803347356728673,0.0969373794645262,-0.23510693583213482,0.050993337344584735,1.0,0.72441295954802,0.5501947103269201,0.5804232752698787,0.6423486756453859,0.1633175451453062,0.1436646951457694,0.17144943647260413,0.14245381471157276,0.07786271060967395,0.15352042284927767,0.10338138594303597,0.10205361965914682,0.13072645271711403,0.030396016517744533,0.018648875501572203,-0.03617540072964224,0.01295865477786771,0.00071030388016041,-0.07045947835399392,-0.1393470715777984,-0.23743490817143348,-0.72441295954802,0.15286023789083544,-0.23510693583213482,0.10139557228358857
波动·STD20,-0.1900818199612601,-0.1904852559351978,0.08514431500891431,0.14106295052114878,0.11569003412484785,-0.009236150474417072,0.004933023082352509,0.02299249703018669,0.04803276580213126,-0.3439296108958,0.0057014943023073516,0.72441295954802,1.0,0.7181474744481452,0.6245986817020326,0.8516105185480827,0.1872986651560958,0.18421045442318906,0.1777638614345854,0.1857290893850945,-0.0031593403582232237,0.022912784666275724,0.13146059679467237,0.13213358051541546,0.1536380707264714,-0.006508706617402232,0.024162666671767214,-0.0459627161179531,0.004628771284895334,-0.007374628841300891,-0.10433794803148734,-0.1900818199612601,-0.34881329954907647,-1.0,0.18721960404086538,-0.3439296108958,0.08589362289645273
波动·归一STD20,-0.1584955288779459,-0.15835450203962775,0.06724195635803286,0.09215521502389488,0.0704737951437656,-0.003668510719455799,0.007290605837639886,0.024508203830803904,0.041962066172857304,-0.3943625582182363,0.009270888565746547,0.5501947103269201,0.7181474744481452,1.0,0.5186827684093086,0.6707561699583147,0.15658307699683435,0.14743949029602615,0.14676096667691274,0.15025980827165478,-0.005926952762246488,0.06800489389315792,0.10421820515010495,0.10711446382590585,0.0821846549002111,0.003763151106718435,0.022077226353322082,-0.03260934085460014,0.004583752427325157,-0.005257567586188722,-0.06854023079882679,-0.1584955288779459,-0.2939372689207358,-0.7181474744481452,0.1554192880487926,-0.3943625582182363,0.06229521907083489
波动·振幅当日,-0.19658839944568732,-0.20195555807537757,0.1060768851189339,0.1190457452712614,0.08041118559711495,0.03352137693379168,0.05361684536570333,0.07108280499119396,0.10085871346721331,-0.17899947439419095,0.058889948519292044,0.5804232752698787,0.6245986817020326,0.5186827684093086,1.0,0.716392015017006,0.12625055399492582,0.11068645572953842,0.11800344822064278,0.10127311379318683,0.1412775460626308,0.11509492621908853,0.056209440202756,0.04668005660543675,0.1426095662159815,0.049101945661674924,0.0486314547428353,-0.029991786327646323,0.035410356738216374,0.016566289101359623,-0.10323933738372874,-0.19658839944568732,-0.20885153700992617,-0.6245986817020326,0.11878394453392718,-0.17899947439419095,0.09982188244931398
波动·振幅MA20,-0.2505308189764444,-0.25331327364897055,0.07905630655914526,0.15115010248794797,0.1257425704015812,-0.015003822747481313,-0.005490151459144489,0.009041123620823424,0.03723883281356573,-0.31778185410016163,-0.006404190295547872,0.6423486756453859,0.8516105185480827,0.6707561699583147,0.716392015017006,1.0,0.1147861185369535,0.11072478038684992,0.09888778307462656,0.10253623192430877,-0.005930494627106729,0.020100342568166615,0.04269763375147896,0.0347237858424421,0.15493187121043947,-0.01685239755865739,0.09542699147444378,-0.06400883737279374,0.006124211509874578,-0.00828340326581231,-0.13695906756809528,-0.2505308189764444,-0.3292261983265697,-0.8516105185480827,0.11404544535006024,-0.31778185410016163,0.08941270583484208
量能·水平MA5,-0.10458042644942135,-0.10463971617278599,-0.004005868882978154,-0.04089146245816521,-0.04352735646486105,-0.013075994543436801,-0.011248586432795431,-0.0027085201330883193,-0.0031196969189025876,-0.0912787900100915,-0.01603562597330089,0.1633175451453062,0.1872986651560958,0.15658307699683435,0.12625055399492582,0.1147861185369535,1.0,0.9873439577079675,0.9433337980979644,0.9463262506459723,0.03199262759877042,0.14243728583390028,0.9507728388217167,0.9079861886764702,0.07184384696473282,-0.01798889462296928,-0.9079717849370269,-0.04379163703871707,-0.00289904474935613,-0.005504246772559469,-0.10326681088911767,-0.10458042644942135,-0.10902232999670745,-0.1872986651560958,0.9941171217371335,-0.0912787900100915,-0.019446868019821543
量能·水平MA20,-0.1078364842444355,-0.10720754613028918,-0.017521439578315333,-0.042869079365296096,-0.0407327834152316,-0.01621732540657332,-0.018384565051775482,-0.021004446369395358,-0.024400011840557873,-0.10365062817376546,-0.03201250373223564,0.1436646951457694,0.18421045442318906,0.14743949029602615,0.11068645572953842,0.11072478038684992,0.9873439577079675,1.0,0.9237526985503967,0.9598268891791187,-0.011395892973868497,0.018918916280916923,0.9616886312467036,0.9204596638147903,0.06947428283571702,-0.02785673454728137,-0.916325579048789,-0.04433193961166994,-0.005704998346974699,-0.007514785117064654,-0.10862589795333417,-0.1078364842444355,-0.11757550430568073,-0.18421045442318906,0.9941903806200931,-0.10365062817376546,-0.028103929495224365
量能·波动STD5,-0.11149571052735263,-0.11216007537175186,0.002665825130445803,-0.042424544587341524,-0.048218460252844875,-0.008397903161995882,-0.0024699367255203654,0.013169722562231433,0.010102969497184826,-0.07544230488908209,-0.004639984865767798,0.17144943647260413,0.1777638614345854,0.14676096667691274,0.11800344822064278,0.09888778307462656,0.9433337980979644,0.9237526985503967,1.0,0.9355576741065916,0.0519520263291458,0.19119271064876156,0.8876083061188381,0.8954343306761053,0.0752982395322196,-0.013401176766184842,-0.8365259753750492,-0.03421816933176599,-0.0013644622683672031,-0.004724807674548098,-0.07889395575766937,-0.11149571052735263,-0.09555576038772341,-0.1777638614345854,0.9332162275961472,-0.07544230488908209,-0.014101303654207116
量能·波动STD20,-0.11706654093151637,-0.11687886945187463,-0.0018247586181863618,-0.04204622814994995,-0.04657913235383087,-0.014453328858538929,-0.014524888675313768,-0.012831853898677971,-0.010764792067136514,-0.09604921747839042,-0.02304169993819119,0.14245381471157276,0.1857290893850945,0.15025980827165478,0.10127311379318683,0.10253623192430877,0.9463262506459723,0.9598268891791187,0.9355576741065916,1.0,-0.005795956668007242,0.009778115888415175,0.921637452698145,0.9556002263221725,0.07670999377765868,-0.028186124182992964,-0.8580347299914352,-0.037690317252555984,-0.006294807474509016,-0.008074146684523513,-0.08627285790209129,-0.11706654093151637,-0.105176912922403,-0.1857290893850945,0.9539987051382453,-0.09604921747839042,-0.014909357124717951
量能·动量5d,-0.0010748340472786025,-0.001799145878940036,0.027902014322071945,0.00275229560807561,-0.007059560447096566,0.08414715423380861,0.10529036949363074,0.13015345930344574,0.06622635869727674,0.07196325008348131,0.06317474077584218,0.07786271060967395,-0.0031593403582232237,-0.005926952762246488,0.1412775460626308,-0.005930494627106729,0.03199262759877042,-0.011395892973868497,0.0519520263291458,-0.005795956668007242,1.0,0.32461450972153444,-0.011186670384531599,-0.005855783699185506,0.013980693113532755,0.11343964701937495,0.008795942525324169,0.031964967336413574,0.06767258889825623,0.056225148265399344,0.010131495252085206,-0.0010748340472786025,0.03818071978734957,0.0031593403582232237,-0.007965043198133806,0.07196325008348131,0.021737789056991454
量能·比5/20,0.001203139206430803,-0.004471408166209509,0.09379973545059651,0.00017843057342063398,-0.03271357055024864,0.025248093876881164,0.05386560998387407,0.1362150159022983,0.1542898257954984,0.0899282845116943,0.11498438748983365,0.15352042284927767,0.022912784666275724,0.06800489389315792,0.11509492621908853,0.020100342568166615,0.14243728583390028,0.018918916280916923,0.19119271064876156,0.009778115888415175,0.32461450972153444,1.0,0.019049789751511493,0.009737511830702927,0.024626400569623678,0.0764775734454027,-0.01643727406942559,0.0008022778287630799,0.023031030030947766,0.016458652013714985,0.023195183420211336,0.001203139206430803,0.054135456266129166,-0.022912784666275724,0.07894122380355519,0.0899282845116943,0.054498846531345464
量能·成交额MA20,0.12501010886099231,0.1260308786503477,0.0022201410242269,0.022577597694695573,0.022773667469215234,-0.010141797134042427,-0.012011303413374889,-0.013441711686091614,-0.009967499424713323,-0.06899087267922502,-0.004314799673654469,0.10338138594303597,0.13146059679467237,0.10421820515010495,0.056209440202756,0.04269763375147896,0.9507728388217167,0.9616886312467036,0.8876083061188381,0.921637452698145,-0.011186670384531599,0.019049789751511493,1.0,0.9605924113955883,0.03893432054468807,-0.018489218639347944,-0.9622037109648842,-0.03886563115957801,-0.0015505959015167084,-0.0019921486587666814,-0.0964051846035409,0.12501010886099231,-0.06156477278494533,-0.13146059679467237,0.9569187922677066,-0.06899087267922502,0.008573998462811244
量能·成交额STD20,0.1331266379251557,0.13268419261202066,0.025006552509666272,0.031721186936622306,0.021471827585869425,-0.007203054423603322,-0.006377903312931827,-0.0016459998990455255,0.00980552670385785,-0.05759219951865845,0.009855509029467205,0.10205361965914682,0.13213358051541546,0.10711446382590585,0.04668005660543675,0.0347237858424421,0.9079861886764702,0.9204596638147903,0.8954343306761053,0.9556002263221725,-0.005855783699185506,0.009737511830702927,0.9605924113955883,1.0,0.048741974400402975,-0.016744297209397303,-0.9054348614132647,-0.03182786738221691,-0.0012040001230307694,-0.0018310682404210075,-0.0724353543967518,0.1331266379251557,-0.04199275520263192,-0.13213358051541546,0.9151180570667157,-0.05759219951865845,0.030677989685881427
价量·20日量价相关,-0.10650259332164427,-0.1202809727756934,0.2491593814427228,-0.013577181759729684,-0.12260208196910811,0.042235047459217585,0.07639023513176808,0.135336681868099,0.21916756870476867,0.14023746619650754,0.1823410892069889,0.13072645271711403,0.1536380707264714,0.0821846549002111,0.1426095662159815,0.15493187121043947,0.07184384696473282,0.06947428283571702,0.0752982395322196,0.07670999377765868,0.013980693113532755,0.024626400569623678,0.03893432054468807,0.048741974400402975,1.0,0.0725643596822315,-0.017921637363858368,-0.00298902023883912,0.04244791134039696,0.02458202481313999,0.014610280690270554,-0.10650259332164427,0.07779718248352507,-0.1536380707264714,0.07076352529473061,0.14023746619650754,0.14024997600523378
价量·VWAP偏离5d,0.055779277485981306,0.04238236256469172,0.3394790492914427,0.14827190315518352,0.019496964601867617,0.6299685088815723,0.8173560840251127,0.756603640595709,0.5702896299883945,0.5463027430638617,0.5896530154636505,0.030396016517744533,-0.006508706617402232,0.003763151106718435,0.049101945661674924,-0.01685239755865739,-0.01798889462296928,-0.02785673454728137,-0.013401176766184842,-0.028186124182992964,0.11343964701937495,0.0764775734454027,-0.018489218639347944,-0.016744297209397303,0.0725643596822315,1.0,0.014147560450699464,0.16257981718517814,0.5519732449737556,0.48508833886185126,0.03957253211537234,0.055779277485981306,0.3589243841984818,0.006508706617402232,-0.02445357089799288,0.5463027430638617,0.31973787465836284
价量·Amihud20,-0.150356674643411,-0.15079881240358003,0.018460234855828737,0.007952357573105572,0.002987296640471421,0.007994422664175148,0.011923555684068905,0.016418709915062703,0.02030840363502065,0.011242947119412148,0.008373544744765482,0.018648875501572203,0.024162666671767214,0.022077226353322082,0.0486314547428353,0.09542699147444378,-0.9079717849370269,-0.916325579048789,-0.8365259753750492,-0.8580347299914352,0.008795942525324169,-0.01643727406942559,-0.9622037109648842,-0.9054348614132647,-0.017921637363858368,0.014147560450699464,1.0,0.03164837624113552,0.0013595893426433944,0.0004094100085876233,0.08368384678121665,-0.150356674643411,0.010262593153010272,-0.024162666671767214,-0.9121302154928959,0.011242947119412148,0.01484680136825816
隔夜·跳空,0.012487856378533772,0.012482205876645506,0.037762133928963965,0.007778285400338727,-0.007893844721665816,0.2610586704310989,0.19858304221311707,0.10998580150663749,0.08465986852900903,0.11424261614862241,0.10740005995634633,-0.03617540072964224,-0.0459627161179531,-0.03260934085460014,-0.029991786327646323,-0.06400883737279374,-0.04379163703871707,-0.04433193961166994,-0.03421816933176599,-0.037690317252555984,0.031964967336413574,0.0008022778287630799,-0.03886563115957801,-0.03182786738221691,-0.00298902023883912,0.16257981718517814,0.03164837624113552,1.0,-0.18219567378368295,-0.1965197074881553,0.24430445247282426,0.012487856378533772,0.07664001805954476,0.0459627161179531,-0.04453005706525897,0.11424261614862241,0.036793028455329134
日内·当日涨跌,0.025981702313179734,0.022441978293447937,0.1728123987576624,0.08466188772386814,0.020684350524151653,0.8366922914355294,0.5367588948450146,0.3334565778439206,0.28448156321240103,0.3061836005287315,0.3442770122740252,0.01295865477786771,0.004628771284895334,0.004583752427325157,0.035410356738216374,0.006124211509874578,-0.00289904474935613,-0.005704998346974699,-0.0013644622683672031,-0.006294807474509016,0.06767258889825623,0.023031030030947766,-0.0015505959015167084,-0.0012040001230307694,0.04244791134039696,0.5519732449737556,0.0013595893426433944,-0.18219567378368295,1.0,0.8847146613563941,-0.08268624742374976,0.025981702313179734,0.1948240959309093,-0.004628771284895334,-0.004559701943132469,0.3061836005287315,0.16760883451546982
日内·收盘位置,0.02966445700341276,0.026328452708481432,0.15717525888516695,0.08151328832826667,0.023871869019677222,0.7267591618875006,0.46983728652317835,0.29628681066452356,0.25690973886359125,0.2823218196791521,0.3360923590638432,0.00071030388016041,-0.007374628841300891,-0.005257567586188722,0.016566289101359623,-0.00828340326581231,-0.005504246772559469,-0.007514785117064654,-0.004724807674548098,-0.008074146684523513,0.056225148265399344,0.016458652013714985,-0.0019921486587666814,-0.0018310682404210075,0.02458202481313999,0.48508833886185126,0.0004094100085876233,-0.1965197074881553,0.8847146613563941,1.0,-0.07972127771528549,0.02966445700341276,0.18337369843066206,0.007374628841300891,-0.0066932439586299824,0.2823218196791521,0.15473864518564578
隔夜·20日均跳空,0.028207727738360236,0.015018373841156316,0.17986483880648374,0.02290960415423485,-0.06338649304855372,0.036692672038337835,0.05216863584363216,0.08720041911666626,0.15690035142368722,0.15838535355531883,0.13364591478829463,-0.07045947835399392,-0.10433794803148734,-0.06854023079882679,-0.10323933738372874,-0.13695906756809528,-0.10326681088911767,-0.10862589795333417,-0.07889395575766937,-0.08627285790209129,0.010131495252085206,0.023195183420211336,-0.0964051846035409,-0.0724353543967518,0.014610280690270554,0.03957253211537234,0.08368384678121665,0.24430445247282426,-0.08268624742374976,-0.07972127771528549,1.0,0.028207727738360236,0.14633102764233408,0.10433794803148734,-0.10529832563054253,0.15838535355531883,0.1237210803301134
5-day SMA of Price,1.0,0.9951722073634178,0.1274983256483345,0.30917742645620305,0.28061926051196734,0.02967474666736792,0.03543850005082849,0.05769225231683947,0.10637121300837105,0.16975917182445371,0.1478445642948098,-0.1393470715777984,-0.1900818199612601,-0.1584955288779459,-0.19658839944568732,-0.2505308189764444,-0.10458042644942135,-0.1078364842444355,-0.11149571052735263,-0.11706654093151637,-0.0010748340472786025,0.001203139206430803,0.12501010886099231,0.1331266379251557,-0.10650259332164427,0.055779277485981306,-0.150356674643411,0.012487856378533772,0.025981702313179734,0.02966445700341276,0.028207727738360236,1.0,0.2584600842435833,0.1900818199612601,-0.10605689576263345,0.16975917182445371,0.19558579015845187
1-day SMA of Price over 60-day MAX of Price,0.2584600842435833,0.22776755375062013,0.5871267737537084,0.3389442626726197,0.12118047423095543,0.22865337964638754,0.2932396745673809,0.4006557026956129,0.5813816127729422,0.7164469741301271,0.5769575531496883,-0.23743490817143348,-0.34881329954907647,-0.2939372689207358,-0.20885153700992617,-0.3292261983265697,-0.10902232999670745,-0.11757550430568073,-0.09555576038772341,-0.105176912922403,0.03818071978734957,0.054135456266129166,-0.06156477278494533,-0.04199275520263192,0.07779718248352507,0.3589243841984818,0.010262593153010272,0.07664001805954476,0.1948240959309093,0.18337369843066206,0.14633102764233408,0.2584600842435833,1.0,0.34881329954907647,-0.11264887282196008,0.7164469741301271,0.7208463934779327
vol_20,0.1900818199612601,0.1904852559351978,-0.08514431500891431,-0.14106295052114878,-0.11569003412484785,0.009236150474417072,-0.004933023082352509,-0.02299249703018669,-0.04803276580213126,0.3439296108958,-0.0057014943023073516,-0.72441295954802,-1.0,-0.7181474744481452,-0.6245986817020326,-0.8516105185480827,-0.1872986651560958,-0.18421045442318906,-0.1777638614345854,-0.1857290893850945,0.0031593403582232237,-0.022912784666275724,-0.13146059679467237,-0.13213358051541546,-0.1536380707264714,0.006508706617402232,-0.024162666671767214,0.0459627161179531,-0.004628771284895334,0.007374628841300891,0.10433794803148734,0.1900818199612601,0.34881329954907647,1.0,-0.18721960404086538,0.3439296108958,-0.08589362289645273
10-day SMA of Volume,-0.10605689576263345,-0.10587107375235973,-0.007480469302776442,-0.04183443798620883,-0.04332788815086681,-0.015103756114278258,-0.01578316447704865,-0.01468278755573217,-0.011254365829889828,-0.09753783451946653,-0.022646854700274773,0.15286023789083544,0.18721960404086538,0.1554192880487926,0.11878394453392718,0.11404544535006024,0.9941171217371335,0.9941903806200931,0.9332162275961472,0.9539987051382453,-0.007965043198133806,0.07894122380355519,0.9569187922677066,0.9151180570667157,0.07076352529473061,-0.02445357089799288,-0.9121302154928959,-0.04453005706525897,-0.004559701943132469,-0.0066932439586299824,-0.10529832563054253,-0.10605689576263345,-0.11264887282196008,-0.18721960404086538,1.0,-0.09753783451946653,-0.02224936015058745
1-day SMA of Price over 20-day MAX of Price,0.16975917182445371,0.13519835273410735,0.6073955308111301,0.18249063165165066,-0.042200358790839866,0.3606077530965376,0.455067379072242,0.5914154778460949,0.7547563455704676,1.0,0.7983577265322259,-0.23510693583213482,-0.3439296108958,-0.3943625582182363,-0.17899947439419095,-0.31778185410016163,-0.0912787900100915,-0.10365062817376546,-0.07544230488908209,-0.09604921747839042,0.07196325008348131,0.0899282845116943,-0.06899087267922502,-0.05759219951865845,0.14023746619650754,0.5463027430638617,0.011242947119412148,0.11424261614862241,0.3061836005287315,0.2823218196791521,0.15838535355531883,0.16975917182445371,0.7164469741301271,0.3439296108958,-0.09753783451946653,1.0,0.5083644925769127
1-day SMA of Price over 60-day SMA of Price,0.19558579015845187,0.15732104536779712,0.770879731339514,0.5380541477940073,0.25066671012981845,0.1866432683088255,0.2601731245835045,0.4033023323821613,0.6809278205451819,0.5083644925769127,0.5692730286774881,0.10139557228358857,0.08589362289645273,0.06229521907083489,0.09982188244931398,0.08941270583484208,-0.019446868019821543,-0.028103929495224365,-0.014101303654207116,-0.014909357124717951,0.021737789056991454,0.054498846531345464,0.008573998462811244,0.030677989685881427,0.14024997600523378,0.31973787465836284,0.01484680136825816,0.036793028455329134,0.16760883451546982,0.15473864518564578,0.1237210803301134,0.19558579015845187,0.7208463934779327,-0.08589362289645273,-0.02224936015058745,0.5083644925769127,1.0
