侧1,侧2,范围,rank_corr,abs_rank_corr,pearson_corr,判决,建议留,留的|ic|,剔的|ic|
gp_2,gp_4,在库×在库,0.9896709507969886,0.9896709507969886,0.9902201278831999,会被判重复（>=0.85，本线跨源判重线）,gp_2,0.0241,0.0198
gp_6,10-day SMA of Volume,在库×在库,-0.9795193143933492,0.9795193143933492,-0.9694868684451419,会被判重复（>=0.85，本线跨源判重线）,10-day SMA of Volume,0.0292,0.0152
hybrid_7,5-day SMA of Price,在库×在库,-0.8986330843120397,0.8986330843120397,-0.9369167859415953,会被判重复（>=0.85，本线跨源判重线）,5-day SMA of Price,0.0286,0.01
rsi_14,price_position_20,在库×在库,0.773545662454356,0.773545662454356,0.8048958593408465,危险区 0.70~0.85（同簇，人工复核）,rsi_14,0.0118,0.0052
price_position_20,1-day SMA of Price over 20-day MAX of Price,在库×在库,0.7699266522205429,0.7699266522205429,0.6674707391665408,危险区 0.70~0.85（同簇，人工复核）,1-day SMA of Price over 20-day MAX of Price,0.0138,0.0052
mom_20,1-day SMA of Price over 60-day SMA of Price,在库×在库,0.7667050901295047,0.7667050901295047,0.7743412497951224,危险区 0.70~0.85（同簇，人工复核）,mom_20,0.0238,0.0111
rsi_14,momentum_10,在库×在库,0.7339402120864803,0.7339402120864803,0.6985975196956589,危险区 0.70~0.85（同簇，人工复核）,momentum_10,0.0697,0.0118
1-day SMA of Price over 60-day MAX of Price,1-day SMA of Price over 60-day SMA of Price,在库×在库,0.7232951111255049,0.7232951111255049,0.7404230137829297,危险区 0.70~0.85（同簇，人工复核）,1-day SMA of Price over 60-day MAX of Price,0.0398,0.0111
rsi_14,mom_20,在库×在库,0.715241578891076,0.715241578891076,0.6603772551190407,危险区 0.70~0.85（同簇，人工复核）,mom_20,0.0238,0.0118
gp_0,vol_20,在库×在库,-0.7137041233789504,0.7137041233789504,-0.6278982420392262,危险区 0.70~0.85（同簇，人工复核）,vol_20,0.0331,0.031
1-day SMA of Price over 60-day MAX of Price,1-day SMA of Price over 20-day MAX of Price,在库×在库,0.713343295786498,0.713343295786498,0.6544093885467929,危险区 0.70~0.85（同簇，人工复核）,1-day SMA of Price over 60-day MAX of Price,0.0398,0.0138
mom_5,hybrid_0,在库×在库,-0.7130524947690826,0.7130524947690826,-0.74025577817758,危险区 0.70~0.85（同簇，人工复核）,hybrid_0,0.1037,0.0317
price_position_20,momentum_10,在库×在库,0.7105684916365529,0.7105684916365529,0.6541431645746155,危险区 0.70~0.85（同簇，人工复核）,momentum_10,0.0697,0.0052
