,gp_0,gp_1,gp_2,mogp_0,gp_3,gp_4,hybrid_1,volume_ratio_20,rsi_14,mogp_4,price_position_20,mogp_1,mogp_2,mom_5,mom_20,hybrid_0,momentum_10,hybrid_7,gp_6,hybrid_9,5-day SMA of Price,1-day SMA of Price over 60-day MAX of Price,vol_20,10-day SMA of Volume,1-day SMA of Price over 20-day MAX of Price,1-day SMA of Price over 60-day SMA of Price
水平·MA5,-0.18855148565951768,-0.06768015696534908,0.03773020820283771,-0.010968315253406708,-0.00291040920194295,0.053329485994923514,0.07799843564652881,-0.004370359582726221,0.11069112990327416,-0.002532628333008663,0.11864140079803022,0.027974200025131568,-0.14498456968999704,0.04949371170252923,0.10417705243784928,-0.03592419052383664,0.07255347224488531,-0.8986330843120397,0.12338172074602635,-0.02890801818409082,1.0,0.26208870278053475,0.24962305529825715,-0.12610078077907522,0.18190966988718318,0.15908411133423647
水平·MA20,-0.19167256012238615,-0.09562419611240534,0.01117244905684534,-0.014960774365418213,-0.0008733387969832059,0.025416750655353405,0.055267540585770346,-0.005373539684404908,0.07510015016982097,-0.0009737260623780057,0.08699904538550308,0.02504799891608548,-0.1489726022501286,0.02982544858681348,0.06662313294735604,-0.026285013629206988,0.03760295502159082,-0.9059800186163092,0.12309649902372166,-0.027244017466211336,0.9951992493333164,0.23578055558936156,0.24759073834038345,-0.12575798530884394,0.1526800261642135,0.12652069494631604
动量·20d,0.10582108944805428,0.4775592931581648,0.6268216126290436,0.07602782806091815,-0.11778562313097536,0.6642555231450851,0.35197058951692023,0.06453321132423255,0.7155133836713515,0.03370991653537426,0.6788264997082138,0.19250261081811193,0.1750665656046511,0.4327096521305293,0.9979354299217966,-0.3333735237789733,0.6418045607149299,-0.01624556984768638,0.01653862618478313,0.018792636022651684,0.10448583712906785,0.5852962525427651,-0.0792889609043693,-0.02281897807388124,0.6067015082563727,0.7662509350302376
动量·120d,0.1144884508957797,0.039536155241704285,0.33011621283084125,0.005666823332929251,0.0022192351614358863,0.3366042707858998,0.1268569780109099,0.0016633211801693974,0.27156630804002563,0.01641009420999147,0.2596740581204914,0.09367601662976108,0.12355024434158281,0.17967094227871738,0.35070438626706313,-0.14353068254094356,0.24478486955414708,-0.003114601226758612,0.06012338919678474,0.015964494255694347,0.23964119672633494,0.35264315294552223,-0.12377209880529101,-0.06237128824909893,0.1913293402136592,0.5408548095324027
动量·120d跳20,0.07799225409225319,-0.16461521079018188,0.09438709670330517,-0.025370201870129932,0.04547516949082116,0.08812784922867654,-0.01227545195157919,-0.021112436544484588,0.0011830895830594345,-0.0002950782271325404,0.006887918192835526,0.020464922529753175,0.061164478656327265,0.011805588728248778,-0.004465775259400974,-0.014903083704735639,-0.0014320718620176203,-0.010504689511004545,0.06382127754204031,0.00859829485745101,0.21803187938941257,0.13400325233044555,-0.10148405781828945,-0.0639242655033399,-0.035518004236272945,0.2520715002839267
反转·1d,0.00045218513602923743,0.017891701822344543,0.01848309061142182,0.014111740326996225,-0.012889317074212944,0.028493699179927928,0.15021722040597016,0.09451055170288904,0.22898228731839632,-0.004840367334578962,0.3674149918970637,1.0,0.4946296372483452,0.38434455410611357,0.19224567759534922,-0.5038523406441412,0.27963350703626155,-0.019457247818746744,0.002750235132102175,-0.007180872723547107,0.027974200025131568,0.23009456691937316,0.011140731276975109,-0.020611938068308987,0.3628622657119271,0.18777481222887174
反转·2d,0.024866990843826615,0.04420138722342517,0.03585913907157649,0.025867680008728647,-0.02604600554252557,0.04875707338150838,0.21906915237235192,0.11704557818694454,0.3239785358178081,-0.005587150864156765,0.4657810438890678,0.6361001693443822,0.3524405310477583,0.5630537527714203,0.27122121525070325,-0.7556867185674196,0.3990912914808773,-0.019569857857583948,0.000962942165468207,-0.009933392701867457,0.03140954321618311,0.29374072666271817,-0.0007274687850007304,-0.023040408994831986,0.4547269320283054,0.26028588547016956
反转·5d,0.07519948532402193,0.13968412727813578,0.10938893905014824,0.052489945306726446,-0.06628694369243085,0.1282366005918385,0.3606925624993986,0.1217573727480611,0.5138067248664936,-0.0019399750178956169,0.6114018524865057,0.3848190375095695,0.2431628874906077,0.9989527438194835,0.43251225567188545,-0.7131820027514786,0.6408036241725782,-0.0200797335885957,0.004099696211184748,-0.008562140943052311,0.04934394583886724,0.39973254667968927,-0.017404340690610306,-0.024722067700705293,0.5880310554308331,0.4010764605020194
位置·C/MA20,0.09375056432765909,0.4247766328418829,0.4062966224028595,0.0896873047595339,-0.10740473744809652,0.43833313410687635,0.4973010723609119,0.11763795502294669,0.8382691254418538,0.01932194368545539,0.8144219313636138,0.3277648215750695,0.23479272173706847,0.6952257963598997,0.8052298193895633,-0.5569807792870957,0.885905714929766,-0.021243360779459913,0.011798931876658472,0.0020399931323269805,0.09054871509679883,0.5816191836111058,-0.03985680670184439,-0.026098916116027875,0.7537936735940273,0.6790035435965849
位置·距20日高,-0.23234123303366258,0.24517507984671147,0.22216475134939317,0.0935729472541183,-0.03712204065248532,0.2724750069814166,0.39462664865247593,0.09068310014833367,0.6907035106539804,-0.025713200763318244,0.7699266522205429,0.3628622657119271,0.07932015329011288,0.5881565660640923,0.6064466040101072,-0.5150373895130609,0.6658897324571068,-0.14317092491593966,0.08162767831375911,-0.054282581841976124,0.18190966988718318,0.713343295786498,0.3450196365833958,-0.09665667818066932,1.0,0.5081304425499593
位置·20日Donchian,0.04194517413971867,0.36380362463294424,0.36009496893666126,0.06708566339250367,-0.07384580399027041,0.3877752848631545,0.48004317841258937,0.0951612900734053,0.7920969396681146,0.009503949981557009,0.8929132595529257,0.39681253779038517,0.2383167075805454,0.6343289322211189,0.6704635108628498,-0.5571426775669625,0.7231247473230057,-0.08646957478169467,0.02049888463711536,-0.014464694616346049,0.14522825514712354,0.5816994128584567,0.008329829384662923,-0.033444387235085034,0.7990755630283473,0.5702269890919522
波动·STD5,1.0,0.1760374007233703,0.22404370226560638,0.08765167352084231,-0.09002829091621337,0.1807399882468394,0.05892834280079402,0.10058787389685642,0.05258919061236023,0.04036765952373886,0.024567074757098743,0.00045218513602923743,0.3232069116082097,0.07496438107785246,0.10640507587535127,-0.04277788720755553,0.08293087768760873,0.2227545727282371,-0.1336797147331507,0.06317586546064137,-0.18855148565951768,-0.22934664328631138,-0.7137041233789504,0.123098958333242,-0.23234123303366258,0.10046189306786966
波动·STD20,0.7137041233789504,0.1943100389822331,0.2740990866066169,-0.020471053683446438,-0.05718266314746069,0.2134011513675018,0.029514334007259224,0.017095824019724454,0.0032289582810544294,0.04961587499372538,-0.03128604863156544,-0.011140731276975109,0.35547858095975654,0.016922744530343554,0.07906646821126301,-0.009055722428053888,0.03697592913401315,0.283179956890355,-0.15178309047898195,0.09297720717581165,-0.24962305529825715,-0.34249588879948334,-1.0,0.15232672799500294,-0.3450196365833958,0.08331416212671593
波动·归一STD20,0.5349174904778667,0.18679384963737078,0.22286745832578211,0.03129499324162509,-0.08971128975583373,0.17106444960826592,0.01905773637805831,0.03896674337415508,0.010750767692141883,0.06293328263984534,-0.03396796159511708,-0.0057989245065013075,0.30538428160780007,0.019814699403372053,0.0649935047532424,-0.009324163833188442,0.03670127653855653,0.22823556242649687,-0.12056049446606966,0.07965139793937827,-0.2022589123139423,-0.2906809053135356,-0.7071912631096096,0.12032779128448,-0.394421026971227,0.05947726610561113
波动·振幅当日,0.5671467861660763,0.20005661620549522,0.2339384838516121,0.05081683560126481,-0.059619650696401204,0.18670942803004348,0.04845952274167715,0.206151633352174,0.060801547363796817,0.029952711969736322,0.033334405779368734,0.03242456655312635,0.5790937271891726,0.06732787756200741,0.10180951302671598,-0.05797545994350138,0.08489543648205339,0.2830910773730584,-0.11321597434764129,0.04761197609839923,-0.2514889127765579,-0.20467142194885268,-0.6096854441866509,0.08005568402412575,-0.17498408486546085,0.0933937365609746
波动·振幅MA20,0.6243771609511042,0.22755124369554286,0.31431719656629686,-0.0206335523463957,-0.04266042027643255,0.24643135753678835,0.012986906935241424,0.009504191172541702,-0.00276308478039537,0.040369872506562564,-0.04503834729105434,-0.017252128144127018,0.42960973777755557,0.00277732710671448,0.07325902852882224,0.0037930509311397136,0.024432708124506625,0.3571815936110094,-0.06959235535345792,0.06492341093089835,-0.318269875075561,-0.3262765729134355,-0.8341824198908275,0.06858818713957651,-0.3143789034356701,0.08124101806720928
量能·水平MA5,0.1329374261269226,0.03499791855907892,0.012009384294929643,0.012644319113607536,-0.026899158898376224,0.002231224946500361,0.08236242391053746,0.1276717420584693,-0.02087568174088682,0.04117442573360153,-0.026914013069756753,-0.018813069538992463,0.037955733384227634,-0.013853029812193484,-0.01854658518011024,0.016517073746467808,-0.014288732948359278,0.09748535481884275,-0.9842197494180075,0.15300669568142675,-0.12529417853793645,-0.10444915527656354,-0.15204489143037364,0.9947925655961255,-0.09089343294199105,-0.03328873209845466
量能·水平MA20,0.1141418099430469,0.02525670027317314,0.009652067791219243,-0.010392376595481041,0.019296824831589145,-0.0004170876811128722,0.07441161738561158,0.05900097766710884,-0.0362386830408165,0.031981841088912076,-0.039098127253787106,-0.021618256305693754,0.027568180818836007,-0.03002214211571222,-0.030649985623905758,0.026060464248665968,-0.033985618057729955,0.10006658535245973,-0.9747727537443107,0.1539041351117821,-0.12708166020801726,-0.11186131173279466,-0.14941522310920727,0.9948636234933599,-0.10159455075613551,-0.04066062334742965
量能·波动STD5,0.14277422883392357,0.03439900487932249,0.005305160211916932,0.025956459065139825,-0.04275167758023332,-0.0035599555383601573,0.08682180675622299,0.12742245079780976,-0.012356426422683876,0.05289303355083541,-0.02086018359635841,-0.014180038285605889,0.03405517138571306,0.0008951161437166471,-0.013180660535347619,0.005630095241321962,-0.0019172549916669454,0.10750348554279447,-0.9341222438953487,0.14880682454743646,-0.13339777866995753,-0.09460835157953694,-0.14555195413042618,0.9435078009559841,-0.07737978739008598,-0.02946373260663906
量能·波动STD20,0.11488004958256684,0.031604998439776454,0.011180623579655151,-0.00357958972471683,-0.004973080380782716,0.0017253510272597248,0.07847351531499423,0.030389416061698326,-0.027816960349446206,0.05633339123997268,-0.03771373617659214,-0.01965481070425846,0.022517463276962378,-0.022456252914708708,-0.018417346467988364,0.020473279794993648,-0.02365263718274235,0.1136089418302628,-0.9385045333981329,0.16599158737241115,-0.14003030105657358,-0.10436212013563105,-0.15343657775278643,0.9619447315933448,-0.09729931497554195,-0.030963625757970726
量能·动量5d,0.07554104398871521,-0.00014721743935827415,-0.014262366883388868,0.025769208606301254,-0.09024350175329507,-0.012909358594548186,0.017198043161080645,0.6732648520287174,0.03597208284791205,-0.005689928884620403,0.05089663459722413,0.07911950639034242,0.11893857558943624,0.12334967221298877,0.0268292693264354,-0.1106470294713254,0.05633815846011849,0.00038975494241837296,-0.11728954178261079,-0.01230880278009508,-0.0031958517175242045,0.03712848242127747,0.0052340005456345175,-0.008172217197020973,0.06968323543051773,0.020015136134917937
量能·比5/20,0.150677645523997,0.07879669452333862,0.010352372433067083,0.1838699861994422,-0.3831189202054711,0.013155217850777222,0.05959140034999902,0.5648592560629737,0.12122706374475858,0.05980931940298442,0.09406481329649662,0.025515170491537235,0.08179801599834843,0.13206716516694977,0.09040073860767077,-0.07956646788294446,0.15707441952125967,-0.0074704361810314255,-0.1281963963411798,0.010983756668025724,0.0009676828571195503,0.05391324659654206,-0.017734049125073738,0.07233321393709441,0.08803496755661008,0.05150041273882227
量能·成交额MA20,0.061096189012561974,0.0025748517438969106,0.015709094124027413,-0.013869466386912218,0.01916721132112758,0.008691303592364459,0.0876988934489227,0.05851930636852977,-0.014940315269657058,0.03218376804180507,-0.015902559671312815,-0.014895618795755869,-0.015222661684170167,-0.021810819512293165,-0.011792703065683535,0.018899112322724995,-0.02333524312556464,-0.13869118993382015,-0.9330399355183361,0.14173969372832515,0.13166880011869087,-0.04923939292123809,-0.08066336640694878,0.9511496291764032,-0.06012079207738586,-0.006150194058535199
量能·成交额STD20,0.06131435694271369,0.012451578406614995,0.024981179753680666,-0.006969730779332039,-0.005149241638108198,0.018318462549083606,0.09731365104479955,0.02993643288642878,-0.0005742195223961556,0.05620962600536379,-0.010175589752848237,-0.011840368395612116,-0.020715831360984573,-0.01082063881347882,0.006975405143286451,0.011054287051835287,-0.007819913586253096,-0.137298713816632,-0.8972729378082666,0.15338224242600992,0.13300996720399336,-0.03531551911582615,-0.08327112492242787,0.9191121316397961,-0.05177807698310352,0.011230271998619134
价量·20日量价相关,0.12471579331406006,0.22160248155746162,0.1823534621949914,0.05000059593083018,-0.028930188185038945,0.1803408523754183,0.28410543747226114,0.020578887140050767,0.19420787059734843,-0.0167300388219721,0.17111631561173915,0.042886058687432366,0.08700545529051061,0.13083685104919382,0.23800514895375607,-0.09841136670749709,0.17956806025163655,0.10549932125265717,-0.07824699308447751,0.0069063507520928475,-0.11392424075499658,0.06976894985980293,-0.1427752350612619,0.07607721525904741,0.1400718195107281,0.12522312660275847
价量·VWAP偏离5d,0.026410442718138232,0.06469079862490988,0.04990224068178731,0.029513546256153277,-0.039313906484416246,0.06907146113386918,0.2713919453210804,0.11900570520423692,0.4006943148121249,-0.01024585999783901,0.5665836012780722,0.6306819748176175,0.3772628619633224,0.7521073597165078,0.33718344492454333,-0.874550942029251,0.4994052758683657,-0.03273277991524665,0.01267300615723151,-0.014304886824894104,0.05005026110404774,0.35964116040145794,0.01035496491247125,-0.03439614443556598,0.5443909589822199,0.3197008304970085
价量·Amihud20,0.050840742141359835,0.029375798430330186,0.03400921152129563,0.010537923647263206,-0.03862373223394586,0.031038697995556565,-0.07967145417540646,-0.06237967324484116,0.018088786282728246,-0.010203198417088598,0.011370652011690862,0.012479336156127918,0.06962114263426576,0.023920616943455472,0.029529696894453873,-0.01947483324910837,0.030348303487758035,0.18088090679937271,0.903078811515949,-0.11735587715026799,-0.16329043059714377,0.000811682462985511,-0.06461555141251725,-0.9178843442559632,0.005635195620516487,0.026654858905109397
隔夜·跳空,-0.04746975485684264,-0.013108399621653137,-0.019967497222836268,0.008429403867883564,0.00046892348952787337,-0.019650628055891302,0.05861303910111312,0.032658567481253106,0.0607026103170749,-0.010891038576790565,0.08761026160719314,0.27129302274322714,-0.06454886695976293,0.11319215087658309,0.04219240702161517,-0.15619130262554679,0.07867762282534792,-0.028539445715158006,0.038533247545918956,-0.015257101211289054,0.02875738142745966,0.08617707538823308,0.05815622010640206,-0.046975310761986126,0.12466109363927723,0.041438065097178824
日内·当日涨跌,0.015469017321990615,0.02066793748105509,0.024045627954394546,0.009960215668981214,-0.012093023510574806,0.03535101232610651,0.12064795366745434,0.07639185125151991,0.20128065797623235,-0.00013366788482896186,0.32992648225711435,0.8358950089161472,0.54837904397527,0.33491077855330526,0.17270461314371333,-0.4327606451752333,0.24309165722705522,-0.010417798564167215,-0.005116981628946612,-0.0026086248874281526,0.01826805604367278,0.1936979860667088,-0.0073839082821156535,-0.00879605550927186,0.30692282698564377,0.16838370954742404
日内·收盘位置,0.0029800416558228952,0.01975774437992725,0.02570789000197644,0.0075158187852096305,-0.006615053678761556,0.036912076425837305,0.11222272034183609,0.061181992733473155,0.19912648726439178,-0.0003071714756832246,0.334863030410096,0.7232043954351495,0.5148834170584543,0.2954369332873818,0.1568465199399788,-0.3777033031736665,0.22009701064789944,-0.014713980009125887,0.0005942974954161385,-0.004822364212622804,0.02288356411579296,0.18244587820264838,0.004142314337807878,-0.011920876295237278,0.2817941691975304,0.15561079099132735
隔夜·20日均跳空,-0.09745986686315633,0.09647084766992689,0.10316460464039301,0.02106725915723485,-0.029743481970432563,0.09799325690536027,0.11023330396930886,0.018698871567557486,0.15041549837772067,0.0038076469526615512,0.1177553860401447,0.04236538184423275,-0.11855945166514552,0.09695231886150579,0.19805699519076697,-0.07394188463802134,0.1378253737966077,-0.051223350735898426,0.10696508144353084,-0.026635715885995895,0.0741787019956952,0.18254505200788287,0.14438644774629117,-0.11071449266382778,0.1869102157959286,0.14588725991717347
