,水平·MA5,水平·MA20,动量·20d,动量·120d,动量·120d跳20,反转·1d,反转·2d,反转·5d,位置·C/MA20,位置·距20日高,位置·20日Donchian,波动·STD5,波动·STD20,波动·归一STD20,波动·振幅当日,波动·振幅MA20,量能·水平MA5,量能·水平MA20,量能·波动STD5,量能·波动STD20,量能·动量5d,量能·比5/20,量能·成交额MA20,量能·成交额STD20,价量·20日量价相关,价量·VWAP偏离5d,价量·Amihud20,隔夜·跳空,日内·当日涨跌,日内·收盘位置,隔夜·20日均跳空
水平·MA5,1.0,0.995170812147319,0.1273999645020343,0.30889101605920477,0.2803006484561573,0.02965634953994774,0.03534717048495299,0.057739861022024476,0.10624695723600538,0.16962160605427112,0.14782014363359589,-0.13942703699051262,-0.19028347787142474,-0.15842958275268357,-0.1966178053013105,-0.25073265683932944,-0.10452245334426577,-0.10777329965952413,-0.11145750138057631,-0.11699901833044934,-0.0009823550689366245,0.0011433228199208972,0.12500937151150374,0.13313446688062805,-0.10646086000749401,0.05581508369536543,-0.15037360056124321,0.012434306598142875,0.025985292221859097,0.029801599636036406,0.028067660321820988
水平·MA20,0.995170812147319,1.0,0.08263302194665954,0.28996302967418597,0.28469614664683546,0.026000802885124085,0.02769758709395938,0.032493744897581604,0.05920694167535856,0.1350579618726105,0.11107265324342294,-0.14413010722033184,-0.19067441180242065,-0.15828863226337445,-0.20198237350162943,-0.2535043491260751,-0.10457890597393954,-0.10714100418621136,-0.11211919820944011,-0.11681120885276973,-0.0017070894762968893,-0.004531290225884502,0.12603326987919414,0.1326927782191043,-0.12023799751022263,0.04240336247336528,-0.15082006862866673,0.012423866234343618,0.022441177299293184,0.02646419899130849,0.014880601576036783
动量·20d,0.1273999645020343,0.08263302194665954,1.0,0.3486751525626319,-0.003772434694141213,0.19185237542551814,0.27249893602566316,0.4358476466333051,0.809183319596772,0.6072239550588311,0.672591732097889,0.10866993686767742,0.08504895478687535,0.06750338725016067,0.10618836693872642,0.07894931093652086,-0.004007839560149661,-0.017529202398890796,0.002678226461750833,-0.0018084467418504955,0.027895708455167416,0.09382711764965329,0.002203203901904818,0.02501699147207247,0.249146168997379,0.3394040102717866,0.01847648668433029,0.03775991168620195,0.17277251710850206,0.15707884164259517,0.17979387090359225
动量·120d,0.30889101605920477,0.28996302967418597,0.3486751525626319,1.0,0.8823243274591104,0.09052743226110872,0.12041284920009257,0.1775679693004243,0.2899741816956661,0.18208906356362362,0.25690071721376545,0.12816588869070414,0.14117613937437443,0.09248195299855268,0.11923017246106428,0.15129635188656584,-0.040796464611077415,-0.04274714090846149,-0.04235256326244449,-0.041908020941701346,0.002702184465412319,-3.012443867790496e-05,0.02262152199436317,0.03178645336531398,-0.01363375473656452,0.14822477624781702,0.007955583267238735,0.007763838137218661,0.08471867314986696,0.08162579842607294,0.02262117961581269
动量·120d跳20,0.2803006484561573,0.28469614664683546,-0.003772434694141213,0.8823243274591104,1.0,0.01789300533621375,0.016731131914848024,0.008689570437611439,-0.01254438465422773,-0.0426715718956023,0.009579325994405918,0.09067935119358703,0.11578235970134274,0.07072259844780085,0.08053650480217628,0.12586859956996183,-0.043430419580852725,-0.0406022475748535,-0.04815015220417335,-0.04644345055472022,-0.007090749366691643,-0.03296368722028759,0.022813998833642317,0.021523218944715424,-0.12271737920061782,0.019411129495390995,0.0029788277130574545,-0.007916573243416034,0.02073578745542261,0.0239899865427409,-0.06371555726790552
反转·1d,0.02965634953994774,0.026000802885124085,0.19185237542551814,0.09052743226110872,0.01789300533621375,1.0,0.6355967983311861,0.38548311384913314,0.32638366349192266,0.36072677230746114,0.3984327234675213,0.0024826379221636464,-0.008888068267747686,-0.003419708489359496,0.03419674565690649,-0.014618839863424299,-0.013067667796772054,-0.016214365987904853,-0.008381919381341215,-0.01445231737623768,0.08419987688004131,0.025282730331991056,-0.010158626689562609,-0.0072195648517769054,0.04239209935115902,0.6299186689607706,0.008105149912757209,0.2609613652713829,0.8366206650816993,0.7267867265382448,0.03665418153476553
反转·2d,0.03534717048495299,0.02769758709395938,0.27249893602566316,0.12041284920009257,0.016731131914848024,0.6355967983311861,1.0,0.5659715299838903,0.46111249865214793,0.45508967195399347,0.5002765295865256,0.02840088698415477,0.005140469519341647,0.007430519745808523,0.05404319006553459,-0.005217679426595575,-0.011236223167783272,-0.018364377777297335,-0.002465230998335739,-0.014502154549183592,0.10534222150634001,0.053814057851980644,-0.012017052012832093,-0.006376644149596773,0.07649904037470784,0.8173517884771254,0.011989303317896712,0.1985387034261768,0.5367670199124931,0.4698915451957943,0.052041496286959296
反转·5d,0.057739861022024476,0.032493744897581604,0.4358476466333051,0.1775679693004243,0.008689570437611439,0.38548311384913314,0.5659715299838903,1.0,0.7003503871454888,0.5914397918997705,0.6415860578804135,0.0799106475960218,0.022540576269154698,0.02422412442396661,0.0709200178611318,0.008648788246435338,-0.0028300060487390553,-0.021107824661478498,0.013057462401272988,-0.012907647073605517,0.1302214383380992,0.1360024922988224,-0.01351009880314386,-0.0016807027892404359,0.13502332339445214,0.7568810768300032,0.01638742676787218,0.1101333295405859,0.3337039204164869,0.29634280447880623,0.08713601249267766
位置·C/MA20,0.10624695723600538,0.05920694167535856,0.809183319596772,0.2899741816956661,-0.01254438465422773,0.32638366349192266,0.46111249865214793,0.7003503871454888,1.0,0.7546701249550242,0.8302243702267725,0.09659290833081054,0.047636903107688124,0.04190232353649853,0.10075671335781101,0.03686364500541514,-0.003208819978127136,-0.024472897723620657,0.01002501234946233,-0.010792979797063666,0.06629408570479943,0.15409283477312707,-0.010054976065872582,0.009766018736865313,0.21899986289050494,0.5705059171014497,0.020335902386689614,0.0847837029207324,0.28467979017018247,0.256945211971064,0.15681464159261566
位置·距20日高,0.16962160605427112,0.1350579618726105,0.6072239550588311,0.18208906356362362,-0.0426715718956023,0.36072677230746114,0.45508967195399347,0.5914397918997705,0.7546701249550242,1.0,0.798413525195446,-0.23540150743968993,-0.3443194107273201,-0.39444358637868066,-0.17911765928239404,-0.3181459712618735,-0.09135594601670399,-0.10370493861536333,-0.07550684451300492,-0.09607496846468044,0.07194589923270062,0.08972440987722999,-0.06905746302532022,-0.05762887930028033,0.14021615783328445,0.5463853694984626,0.011268885274998917,0.11429791568290873,0.306253933354574,0.2823739539576858,0.1582752593286602
位置·20日Donchian,0.14782014363359589,0.11107265324342294,0.672591732097889,0.25690071721376545,0.009579325994405918,0.3984327234675213,0.5002765295865256,0.6415860578804135,0.8302243702267725,0.798413525195446,1.0,0.05051923868759364,0.005167386335585124,0.009050821219626899,0.05867334152763899,-0.0069026196170966095,-0.01617611150896888,-0.03213301337339593,-0.004764602136357454,-0.023113759394787086,0.0632531193538931,0.11475483855240912,-0.00441723441002517,0.009805530151968864,0.18209604034621524,0.5899378862062268,0.008381624430919492,0.10758237519756322,0.34459367114735406,0.33622507140379165,0.1336099144618315
波动·STD5,-0.13942703699051262,-0.14413010722033184,0.10866993686767742,0.12816588869070414,0.09067935119358703,0.0024826379221636464,0.02840088698415477,0.0799106475960218,0.09659290833081054,-0.23540150743968993,0.05051923868759364,1.0,0.7242501095040512,0.5500559989689694,0.5802608918284343,0.6421770064504462,0.16327526166616416,0.14362836895104195,0.17141150754160786,0.1424361160731872,0.07796183249728438,0.15341034567812997,0.10333314502512193,0.1020235226582601,0.1303836604955657,0.030655733907086456,0.018617458698000935,-0.03601931674272538,0.013421154261477787,0.0008359506342277208,-0.07041045320965089
波动·STD20,-0.19028347787142474,-0.19067441180242065,0.08504895478687535,0.14117613937437443,0.11578235970134274,-0.008888068267747686,0.005140469519341647,0.022540576269154698,0.047636903107688124,-0.3443194107273201,0.005167386335585124,0.7242501095040512,1.0,0.7180885634873863,0.6245595430692176,0.8515509283561592,0.18726610721796888,0.1841861347850929,0.17774215347276964,0.18573625568238544,-0.0029904148495288065,0.022776702306826314,0.13138432684846804,0.13208788798636004,0.15330937912510292,-0.006336269829229332,0.024170003249809422,-0.04585010383050738,0.004947563943820244,-0.0073947346264159825,-0.10432237992318176
波动·归一STD20,-0.15842958275268357,-0.15828863226337445,0.06750338725016067,0.09248195299855268,0.07072259844780085,-0.003419708489359496,0.007430519745808523,0.02422412442396661,0.04190232353649853,-0.39444358637868066,0.009050821219626899,0.5500559989689694,0.7180885634873863,1.0,0.5187003771341564,0.6707228706223519,0.15651912214712335,0.147370145671187,0.14670356350657354,0.15021261795170485,-0.005802190516688412,0.06797428085130484,0.1041670627492652,0.10708547585709335,0.08191831956500654,0.0039173324148095955,0.022069655613500796,-0.03248633298870003,0.004784880564384198,-0.005343118770695341,-0.06845076067581143
波动·振幅当日,-0.1966178053013105,-0.20198237350162943,0.10618836693872642,0.11923017246106428,0.08053650480217628,0.03419674565690649,0.05404319006553459,0.0709200178611318,0.10075671335781101,-0.17911765928239404,0.05867334152763899,0.5802608918284343,0.6245595430692176,0.5187003771341564,1.0,0.716422931224704,0.1262347365464432,0.11066537930517135,0.11800442756801828,0.1012572470911656,0.14136608889421406,0.11507125944595974,0.056207931585264916,0.046686188146143316,0.1424047318125662,0.049517191501205156,0.048582494319881764,-0.029916842167035787,0.036099841240418984,0.01681000552681445,-0.10321811049832855
波动·振幅MA20,-0.25073265683932944,-0.2535043491260751,0.07894931093652086,0.15129635188656584,0.12586859956996183,-0.014618839863424299,-0.005217679426595575,0.008648788246435338,0.03686364500541514,-0.3181459712618735,-0.0069026196170966095,0.6421770064504462,0.8515509283561592,0.6707228706223519,0.716422931224704,1.0,0.11479397092741113,0.11073136512991477,0.09890446638480693,0.10256249539135519,-0.0057276403606139744,0.020036393445165043,0.04267669746659842,0.03472541447726794,0.15464622997771227,-0.016595202692005425,0.09537460930449666,-0.06392202467365891,0.00649732596692015,-0.008283998381583068,-0.13704196282808037
量能·水平MA5,-0.10452245334426577,-0.10457890597393954,-0.004007839560149661,-0.040796464611077415,-0.043430419580852725,-0.013067667796772054,-0.011236223167783272,-0.0028300060487390553,-0.003208819978127136,-0.09135594601670399,-0.01617611150896888,0.16327526166616416,0.18726610721796888,0.15651912214712335,0.1262347365464432,0.11479397092741113,1.0,0.9873419885546072,0.9433342907527641,0.9463297690504898,0.03205209954290479,0.142411883388775,0.95078977662007,0.908006533063549,0.07165993620984465,-0.01805779559124315,-0.9079893158153685,-0.04377352615190375,-0.0029078054877440026,-0.005636219290744169,-0.10317766716453994
量能·水平MA20,-0.10777329965952413,-0.10714100418621136,-0.017529202398890796,-0.04274714090846149,-0.0406022475748535,-0.016214365987904853,-0.018364377777297335,-0.021107824661478498,-0.024472897723620657,-0.10370493861536333,-0.03213301337339593,0.14362836895104195,0.1841861347850929,0.147370145671187,0.11066537930517135,0.11073136512991477,0.9873419885546072,1.0,0.9237557324769167,0.9598308892402246,-0.011329287711731622,0.018895886186703313,0.9617080393125386,0.9204813413130168,0.06930774670100463,-0.027926333051106974,-0.9163400273895153,-0.044321792569499696,-0.0057155135243022615,-0.007642371964024354,-0.10852508325287989
量能·波动STD5,-0.11145750138057631,-0.11211919820944011,0.002678226461750833,-0.04235256326244449,-0.04815015220417335,-0.008381919381341215,-0.002465230998335739,0.013057462401272988,0.01002501234946233,-0.07550684451300492,-0.004764602136357454,0.17141150754160786,0.17774215347276964,0.14670356350657354,0.11800442756801828,0.09890446638480693,0.9433342907527641,0.9237557324769167,1.0,0.9355699797584801,0.052023049657345326,0.19114146570180124,0.8876265846004697,0.8954572739959572,0.07511627984789107,-0.013453980575921351,-0.8365331602624143,-0.03417830965616491,-0.0013793858249756027,-0.00484876802118561,-0.07879358982048366
量能·波动STD20,-0.11699901833044934,-0.11681120885276973,-0.0018084467418504955,-0.041908020941701346,-0.04644345055472022,-0.01445231737623768,-0.014502154549183592,-0.012907647073605517,-0.010792979797063666,-0.09607496846468044,-0.023113759394787086,0.1424361160731872,0.18573625568238544,0.15021261795170485,0.1012572470911656,0.10256249539135519,0.9463297690504898,0.9598308892402246,0.9355699797584801,1.0,-0.00573378039420303,0.009777955919591007,0.9216642219952559,0.955618647190074,0.0765692664864752,-0.028255924788198643,-0.8580440315543236,-0.037677110444031485,-0.006310341422786489,-0.008202808390304963,-0.08614314062414256
量能·动量5d,-0.0009823550689366245,-0.0017070894762968893,0.027895708455167416,0.002702184465412319,-0.007090749366691643,0.08419987688004131,0.10534222150634001,0.1302214383380992,0.06629408570479943,0.07194589923270062,0.0632531193538931,0.07796183249728438,-0.0029904148495288065,-0.005802190516688412,0.14136608889421406,-0.0057276403606139744,0.03205209954290479,-0.011329287711731622,0.052023049657345326,-0.00573378039420303,1.0,0.324595293023078,-0.011076318030423204,-0.005757409306037821,0.014126192429597296,0.11342865855543993,0.008718959558483832,0.031982082886292965,0.06772073202365093,0.056282939918768836,0.01013919614099154
量能·比5/20,0.0011433228199208972,-0.004531290225884502,0.09382711764965329,-3.012443867790496e-05,-0.03296368722028759,0.025282730331991056,0.053814057851980644,0.1360024922988224,0.15409283477312707,0.08972440987722999,0.11475483855240912,0.15341034567812997,0.022776702306826314,0.06797428085130484,0.11507125944595974,0.020036393445165043,0.142411883388775,0.018895886186703313,0.19114146570180124,0.009777955919591007,0.324595293023078,1.0,0.019024430947447508,0.00972865013206186,0.02440601035794717,0.07646397397323743,-0.016440891669941872,0.000869443014207784,0.023045692922575956,0.016394477057112236,0.0231525256186802
量能·成交额MA20,0.12500937151150374,0.12603326987919414,0.002203203901904818,0.02262152199436317,0.022813998833642317,-0.010158626689562609,-0.012017052012832093,-0.01351009880314386,-0.010054976065872582,-0.06905746302532022,-0.00441723441002517,0.10333314502512193,0.13138432684846804,0.1041670627492652,0.056207931585264916,0.04267669746659842,0.95078977662007,0.9617080393125386,0.8876265846004697,0.9216642219952559,-0.011076318030423204,0.019024430947447508,1.0,0.9605972401209077,0.03879623782893704,-0.018544075134333052,-0.9622043963029349,-0.03887296797602502,-0.0015714335816699133,-0.0020787369425317717,-0.09631494183550708
量能·成交额STD20,0.13313446688062805,0.1326927782191043,0.02501699147207247,0.03178645336531398,0.021523218944715424,-0.0072195648517769054,-0.006376644149596773,-0.0016807027892404359,0.009766018736865313,-0.05762887930028033,0.009805530151968864,0.1020235226582601,0.13208788798636004,0.10708547585709335,0.046686188146143316,0.03472541447726794,0.908006533063549,0.9204813413130168,0.8954572739959572,0.955618647190074,-0.005757409306037821,0.00972865013206186,0.9605972401209077,1.0,0.04863523694944689,-0.01679364426248165,-0.9054272310649234,-0.03183172500572309,-0.0012277484190848583,-0.0019129600010959894,-0.07231446665664078
价量·20日量价相关,-0.10646086000749401,-0.12023799751022263,0.249146168997379,-0.01363375473656452,-0.12271737920061782,0.04239209935115902,0.07649904037470784,0.13502332339445214,0.21899986289050494,0.14021615783328445,0.18209604034621524,0.1303836604955657,0.15330937912510292,0.08191831956500654,0.1424047318125662,0.15464622997771227,0.07165993620984465,0.06930774670100463,0.07511627984789107,0.0765692664864752,0.014126192429597296,0.02440601035794717,0.03879623782893704,0.04863523694944689,1.0,0.07260216677318275,-0.01785574342243771,-0.0028844162517203866,0.04258323370082784,0.024499788682914046,0.014598011064304979
价量·VWAP偏离5d,0.05581508369536543,0.04240336247336528,0.3394040102717866,0.14822477624781702,0.019411129495390995,0.6299186689607706,0.8173517884771254,0.7568810768300032,0.5705059171014497,0.5463853694984626,0.5899378862062268,0.030655733907086456,-0.006336269829229332,0.0039173324148095955,0.049517191501205156,-0.016595202692005425,-0.01805779559124315,-0.027926333051106974,-0.013453980575921351,-0.028255924788198643,0.11342865855543993,0.07646397397323743,-0.018544075134333052,-0.01679364426248165,0.07260216677318275,1.0,0.014252296758227485,0.1625064332952477,0.5518858673481281,0.48503059261499976,0.03946074651021759
价量·Amihud20,-0.15037360056124321,-0.15082006862866673,0.01847648668433029,0.007955583267238735,0.0029788277130574545,0.008105149912757209,0.011989303317896712,0.01638742676787218,0.020335902386689614,0.011268885274998917,0.008381624430919492,0.018617458698000935,0.024170003249809422,0.022069655613500796,0.048582494319881764,0.09537460930449666,-0.9079893158153685,-0.9163400273895153,-0.8365331602624143,-0.8580440315543236,0.008718959558483832,-0.016440891669941872,-0.9622043963029349,-0.9054272310649234,-0.01785574342243771,0.014252296758227485,1.0,0.03168307800901722,0.0014667985235858646,0.0005087802976464732,0.08361978825814759
隔夜·跳空,0.012434306598142875,0.012423866234343618,0.03775991168620195,0.007763838137218661,-0.007916573243416034,0.2609613652713829,0.1985387034261768,0.1101333295405859,0.0847837029207324,0.11429791568290873,0.10758237519756322,-0.03601931674272538,-0.04585010383050738,-0.03248633298870003,-0.029916842167035787,-0.06392202467365891,-0.04377352615190375,-0.044321792569499696,-0.03417830965616491,-0.037677110444031485,0.031982082886292965,0.000869443014207784,-0.03887296797602502,-0.03183172500572309,-0.0028844162517203866,0.1625064332952477,0.03168307800901722,1.0,-0.18237114973968396,-0.19663337970793393,0.24434404229470894
日内·当日涨跌,0.025985292221859097,0.022441177299293184,0.17277251710850206,0.08471867314986696,0.02073578745542261,0.8366206650816993,0.5367670199124931,0.3337039204164869,0.28467979017018247,0.306253933354574,0.34459367114735406,0.013421154261477787,0.004947563943820244,0.004784880564384198,0.036099841240418984,0.00649732596692015,-0.0029078054877440026,-0.0057155135243022615,-0.0013793858249756027,-0.006310341422786489,0.06772073202365093,0.023045692922575956,-0.0015714335816699133,-0.0012277484190848583,0.04258323370082784,0.5518858673481281,0.0014667985235858646,-0.18237114973968396,1.0,0.8847908823672548,-0.08278055153104277
日内·收盘位置,0.029801599636036406,0.02646419899130849,0.15707884164259517,0.08162579842607294,0.0239899865427409,0.7267867265382448,0.4698915451957943,0.29634280447880623,0.256945211971064,0.2823739539576858,0.33622507140379165,0.0008359506342277208,-0.0073947346264159825,-0.005343118770695341,0.01681000552681445,-0.008283998381583068,-0.005636219290744169,-0.007642371964024354,-0.00484876802118561,-0.008202808390304963,0.056282939918768836,0.016394477057112236,-0.0020787369425317717,-0.0019129600010959894,0.024499788682914046,0.48503059261499976,0.0005087802976464732,-0.19663337970793393,0.8847908823672548,1.0,-0.07974970459564622
隔夜·20日均跳空,0.028067660321820988,0.014880601576036783,0.17979387090359225,0.02262117961581269,-0.06371555726790552,0.03665418153476553,0.052041496286959296,0.08713601249267766,0.15681464159261566,0.1582752593286602,0.1336099144618315,-0.07041045320965089,-0.10432237992318176,-0.06845076067581143,-0.10321811049832855,-0.13704196282808037,-0.10317766716453994,-0.10852508325287989,-0.07879358982048366,-0.08614314062414256,0.01013919614099154,0.0231525256186802,-0.09631494183550708,-0.07231446665664078,0.014598011064304979,0.03946074651021759,0.08361978825814759,0.24434404229470894,-0.08278055153104277,-0.07974970459564622,1.0
