侧1,侧2,范围,rank_corr,pearson_corr,判决,建议留
波动·STD5,gp_0,候选×在库,1.0,1.0,必被丢（>=0.99，RD-Agent dedup 同值）,gp_0
反转·1d,mogp_1,候选×在库,1.0,1.0,必被丢（>=0.99，RD-Agent dedup 同值）,mogp_1
反转·5d,mom_5,候选×在库,0.9989514859170744,0.9989264687199115,必被丢（>=0.99，RD-Agent dedup 同值）,mom_5
动量·20d,mogp_5,候选×在库,0.9986808530877992,0.998918229451432,必被丢（>=0.99，RD-Agent dedup 同值）,mogp_5
水平·MA5,hybrid_2,候选×在库,0.9984344188039023,0.9992903340863424,必被丢（>=0.99，RD-Agent dedup 同值）,hybrid_2
水平·MA5,水平·MA20,候选内部,0.995170812147319,0.998099822855944,必被丢（>=0.99，RD-Agent dedup 同值）,水平·MA5
水平·MA20,水平·MA5,候选内部,0.995170812147319,0.998099822855944,必被丢（>=0.99，RD-Agent dedup 同值）,水平·MA5
水平·MA20,hybrid_2,候选×在库,0.9929759661144645,0.9963904995759559,必被丢（>=0.99，RD-Agent dedup 同值）,hybrid_2
量能·水平MA20,量能·水平MA5,候选内部,0.9873419885546072,0.9861931511513397,会被判重复（>=0.85，本线跨源判重线）,量能·水平MA20
量能·水平MA5,量能·水平MA20,候选内部,0.9873419885546072,0.9861931511513397,会被判重复（>=0.85，本线跨源判重线）,量能·水平MA20
量能·成交额MA20,量能·水平MA20,候选内部,0.9617080393125386,0.814336275586883,会被判重复（>=0.85，本线跨源判重线）,量能·水平MA20
量能·成交额STD20,量能·成交额MA20,候选内部,0.9605972401209077,0.9368238903262517,会被判重复（>=0.85，本线跨源判重线）,量能·成交额MA20
量能·波动STD20,量能·水平MA20,候选内部,0.9598308892402246,0.9464489261789482,会被判重复（>=0.85，本线跨源判重线）,量能·水平MA20
量能·波动STD5,量能·水平MA5,候选内部,0.9433342907527641,0.9074218693394,会被判重复（>=0.85，本线跨源判重线）,量能·水平MA5
价量·Amihud20,gp_6,候选×在库,0.9031217885461745,0.09203230867949205,会被判重复（>=0.85，本线跨源判重线）,gp_6
位置·C/MA20,mogp_3,候选×在库,0.8859476845728316,0.8840729285141499,会被判重复（>=0.85，本线跨源判重线）,mogp_3
日内·当日涨跌,日内·收盘位置,候选内部,0.8847908823672548,0.824561358620501,会被判重复（>=0.85，本线跨源判重线）,日内·收盘位置
日内·收盘位置,日内·当日涨跌,候选内部,0.8847908823672548,0.824561358620501,会被判重复（>=0.85，本线跨源判重线）,日内·收盘位置
动量·120d跳20,动量·120d,候选内部,0.8823243274591104,0.8993471554821874,会被判重复（>=0.85，本线跨源判重线）,动量·120d
动量·120d,动量·120d跳20,候选内部,0.8823243274591104,0.8993471554821874,会被判重复（>=0.85，本线跨源判重线）,动量·120d
波动·STD20,波动·振幅MA20,候选内部,0.8515509283561592,0.6569527934053084,会被判重复（>=0.85，本线跨源判重线）,波动·振幅MA20
波动·振幅MA20,波动·STD20,候选内部,0.8515509283561592,0.6569527934053084,会被判重复（>=0.85，本线跨源判重线）,波动·振幅MA20
反转·1d,日内·当日涨跌,候选内部,0.8366206650816993,0.8034031178658657,危险区 0.70~0.85（同簇，人工复核）,日内·当日涨跌
日内·当日涨跌,mogp_1,候选×在库,0.8357587991650433,0.8101231981239604,危险区 0.70~0.85（同簇，人工复核）,日内·当日涨跌
位置·20日Donchian,位置·C/MA20,候选内部,0.8302243702267725,0.7103373560000689,危险区 0.70~0.85（同簇，人工复核）,位置·20日Donchian
位置·C/MA20,位置·20日Donchian,候选内部,0.8302243702267725,0.7103373560000689,危险区 0.70~0.85（同簇，人工复核）,位置·20日Donchian
反转·2d,价量·VWAP偏离5d,候选内部,0.8173517884771254,0.8344926267150776,危险区 0.70~0.85（同簇，人工复核）,价量·VWAP偏离5d
价量·VWAP偏离5d,反转·2d,候选内部,0.8173517884771254,0.8344926267150776,危险区 0.70~0.85（同簇，人工复核）,价量·VWAP偏离5d
动量·20d,位置·C/MA20,候选内部,0.809183319596772,0.8478267552329987,危险区 0.70~0.85（同簇，人工复核）,位置·C/MA20
位置·距20日高,位置·20日Donchian,候选内部,0.798413525195446,0.6749387961917259,危险区 0.70~0.85（同簇，人工复核）,位置·20日Donchian
反转·5d,价量·VWAP偏离5d,候选内部,0.7568810768300032,0.7841578709072075,危险区 0.70~0.85（同簇，人工复核）,反转·5d
价量·VWAP偏离5d,mom_5,候选×在库,0.7522736407384731,0.7792191940290162,危险区 0.70~0.85（同簇，人工复核）,价量·VWAP偏离5d
波动·STD5,波动·STD20,候选内部,0.7242501095040512,0.6335951130439768,危险区 0.70~0.85（同簇，人工复核）,波动·STD5
日内·收盘位置,mogp_1,候选×在库,0.7232333194894313,0.6757868463579332,危险区 0.70~0.85（同簇，人工复核）,日内·收盘位置
位置·20日Donchian,mogp_3,候选×在库,0.7220077052514963,0.6547786616353929,危险区 0.70~0.85（同簇，人工复核）,位置·20日Donchian
波动·归一STD20,波动·STD20,候选内部,0.7180885634873863,0.7969973555089944,危险区 0.70~0.85（同簇，人工复核）,波动·归一STD20
波动·振幅当日,波动·振幅MA20,候选内部,0.716422931224704,0.6648904172202756,危险区 0.70~0.85（同簇，人工复核）,波动·振幅MA20
波动·STD20,gp_0,候选×在库,0.7134406214582307,0.627766138946868,危险区 0.70~0.85（同簇，人工复核）,波动·STD20
