name,family,q1_ann,q2_ann,q3_ann,q4_ann,q5_ann,q_spread_ann,q_top_ann,q_top_excess_ann,mono,ls_ann,ls_win,top_turnover_ann,top_avg_n
量能·水平MA20,量能,0.15965724145736704,0.13264440260453672,0.1272793410809155,0.10205323601110713,0.12212104492745693,-0.03753619652991011,0.12212104492745693,-0.006630008288819711,-0.8999999999999998,-0.037536196529910144,0.5248,2.7183404499985344,89.11466666666666
量能·水平MA5,量能,0.13476663105089193,0.11957134651325454,0.12428008327387922,0.11074830754286674,0.14299658169957422,0.008229950648682288,0.14299658169957422,0.0165239916834809,0.09999999999999999,0.008229950648682323,0.48906666666666665,7.531438577357717,90.34453333333333
量能·波动STD20,量能,0.14423900511365964,0.11343997506972862,0.13175367271294888,0.11466835700214606,0.1398896143647106,-0.00434939074894905,0.1398896143647106,0.01109148951207184,-0.09999999999999999,-0.004349390748949086,0.5322666666666667,6.4337154113909625,89.11146666666667
量能·成交额MA20,量能,0.15069616815464906,0.13396058349805715,0.12698825305585976,0.12225332906819374,0.10989096349488141,-0.040805204659767655,0.10989096349488141,-0.01886689595944681,-0.9999999999999999,-0.04080520465976764,0.5125333333333333,2.5574553684712478,89.1072
量能·波动STD5,量能,0.09922047922745643,0.10214000562390343,0.11507987725782946,0.13024597624530304,0.1853485440493846,0.08612806482192818,0.1853485440493846,0.05894156756860919,0.9999999999999999,0.08612806482192817,0.5045333333333333,22.942950855332555,90.3344
量能·成交额STD20,量能,0.1290130186578301,0.11864053056260551,0.13513828934250438,0.12612127607572293,0.13462763002524022,0.005614611367410122,0.13462763002524022,0.005919481092459572,0.3,0.005614611367410134,0.48906666666666665,6.21249349901901,89.10986666666666
价量·Amihud20,价量交互,0.08302856774553859,0.1295567056377792,0.12575738368199307,0.1235610286570419,0.1815974467979344,0.09856887905239582,0.1815974467979344,0.05289722029387697,0.6,0.09856887905239589,0.5397333333333333,6.1630049481405536,88.97653333333334
位置·20日Donchian,趋势位置,-0.9822280196159994,-0.3532421244383719,0.14787556025591475,0.6463572476382053,1.97624362754009,2.9584716471560895,1.97624362754009,1.6892423692641223,0.9999999999999999,3.2423522692033306,0.8522666666666666,81.61482521950511,88.89546666666666
位置·距20日高,趋势位置,-1.174802472437907,-0.6425617636393006,-0.30979162609203176,0.3249451706339132,1.5020227441076952,2.676825216545602,1.5020227441076952,1.5620603335932213,0.9999999999999999,2.910538928784914,0.7632,78.66985537715898,84.60746666666667
水平·MA5,价格水平,0.07866930964288009,0.11441419580369266,0.14120244399935447,0.1649051124593606,0.13403457946153166,0.05536526981865157,0.13403457946153166,0.007389451188167778,0.7,0.05536526981865158,0.528,1.9496592324097985,90.30773333333333
水平·MA20,价格水平,0.1127556919341264,0.11828491312283192,0.150778855400851,0.14283735102936715,0.11886082648639958,0.00610513455227317,0.11886082648639958,-0.00984270110831563,0.6,0.006105134552273158,0.5162666666666667,1.2915588370608126,89.07413333333334
位置·C/MA20,趋势位置,-1.204141365004821,-0.40492073375775256,0.032962043037410176,0.5238818789281094,1.6736481943635504,2.877789559368371,1.6736481943635504,1.549362190850251,0.9999999999999999,2.8777895593683716,0.8442666666666667,52.60691116561339,89.11466666666666
隔夜·20日均跳空,日内隔夜,-0.030502841779528236,0.06419932424405185,0.10752309883115405,0.15772454916744716,0.342969978812249,0.3734728205917772,0.342969978812249,0.21458715695717423,0.9999999999999999,0.3734728205917773,0.5690666666666667,30.80183614700548,89.02666666666667
动量·20d,动量,-0.676387159191794,-0.21783003166200673,0.08539804653119804,0.38503521751292774,1.0546630061792357,1.7310501653710297,1.0546630061792357,0.9284871903053236,0.9999999999999999,1.73105016537103,0.7082666666666667,41.71232448668623,89.0336
隔夜·跳空,日内隔夜,-0.9968813456478037,-0.19755119644202146,0.09964907295469637,0.3916393203182263,1.330156648476848,2.3270379941246517,1.330156648476848,1.2047541485448587,0.9999999999999999,2.3270379941246513,0.9258666666666666,187.05941217996383,89.4096
反转·5d,反转,-1.486976904704083,-0.514624254190363,0.027254734835444484,0.62947922831353,1.9534848036087469,3.4404617083128297,1.9534848036087469,1.8317612820360918,0.9999999999999999,3.4404617083128297,0.8928,84.87104045811799,90.27146666666667
日内·收盘位置,日内隔夜,-2.559724081623903,-1.109877017799954,0.014943033025878502,1.229500323492101,3.0050431212367203,5.564767202860623,3.0050431212367203,2.889066045570552,0.9999999999999999,5.564767202860623,0.9978666666666667,198.29344536604782,90.55466666666666
价量·VWAP偏离5d,价量交互,-2.4038011089957556,-0.876640313451101,-0.013142672720005936,0.9073689025367395,2.9796583114735404,5.383459420469296,2.9796583114735404,2.860969687704857,0.9999999999999999,5.383459420469297,0.9930666666666667,110.26066343640095,90.3408
日内·当日涨跌,日内隔夜,-3.0330482289255087,-1.132525318388426,-0.0333616084005779,1.133965721317157,3.638220573622951,6.671268802548459,3.638220573622951,3.523570345777832,0.9999999999999999,6.671268802548459,0.9978666666666667,193.80687509023383,90.5488
价量·20日量价相关,价量交互,-0.20251161839609338,-0.007945156183994937,0.06981803881678388,0.20618300324758498,0.5731490228995817,0.775660641295675,0.5731490228995817,0.44541036482280927,0.9999999999999999,0.775660641295675,0.632,39.65177823840119,89.0512
波动·振幅MA20,波动,0.10612424273245197,0.06866243488821014,0.07826826146814858,0.1268622075704868,0.2633546818891115,0.15723043915665952,0.2633546818891115,0.13470031617942968,0.7,0.15723043915665957,0.5104,12.673584468117307,89.0784
波动·振幅当日,波动,0.027436072217096777,-0.023650662421184392,-0.04557291546658793,0.023905631418252752,0.6462493896911089,0.6188133174740121,0.6462493896911089,0.5205758866033716,0.3,0.6188133174740121,0.5578666666666666,137.22255664707512,90.51573333333333
反转·2d,反转,-2.4457698694802845,-0.8862280227163963,0.02375669206540057,0.9323482461416073,2.9695849281587505,5.415354797639035,2.9695849281587505,2.850846533324935,0.9999999999999999,5.4153547976390355,0.9930666666666667,133.49440221721093,90.50666666666666
动量·120d,动量,-0.20141237806425125,-0.016312970064075477,0.11488717857802912,0.23163733691108204,0.5085798703033569,0.7099922483676082,0.5085798703033569,0.38110406277052866,0.9999999999999999,0.7099922483676081,0.6101333333333333,18.883116737483654,80.82613333333333
反转·1d,反转,-3.5772409642770646,-1.262786096693546,-0.016630425424954496,1.2755966501111096,4.156562685387784,7.733803649664848,4.156562685387784,4.041462315567118,0.9999999999999999,7.733803649664849,1.0,192.37674500893488,90.59946666666667
量能·比5/20,量能,-0.005673557034038154,0.03715242656737184,0.10552232848539678,0.19992484618475925,0.30525385376235387,0.310927410796392,0.30525385376235387,0.17681787416918515,0.9999999999999999,0.310927410796392,0.5877333333333333,54.149376669187625,89.07466666666667
波动·STD5,波动,0.021245671264755447,0.03928424800894259,0.05415109484795031,0.10990632991206133,0.4081509938181561,0.38690532255340065,0.4081509938181561,0.28160332624778295,0.9999999999999999,0.38690532255340065,0.5189333333333334,61.14289892105925,90.17866666666667
动量·120d跳20,动量,0.13570166505093528,0.13316484937010808,0.12566193558024044,0.12109482537666351,0.12837019526428256,-0.007331469786652722,0.12837019526428256,-0.0004284988641634069,-0.7,-0.007331469786652716,0.4746666666666667,20.37053985571689,80.7968
波动·归一STD20,波动,0.06289703238804079,0.09357061442136495,0.07782548046366586,0.15650423032260202,0.2525940735357211,0.18969704114768032,0.2525940735357211,0.1239157873094422,0.8999999999999998,0.18969704114768038,0.5194666666666666,20.781217985575815,89.04266666666666
波动·STD20,波动,0.060581218605121265,0.05305816298866306,0.07703471445849529,0.15217883753425762,0.3015720305308708,0.2409908119257495,0.3015720305308708,0.1726870377073892,0.8999999999999998,0.2409908119257496,0.5205333333333333,18.468659353143558,88.94826666666667
量能·动量5d,量能,-0.17733649160304485,-0.10723309195267657,0.024507283574993162,0.23890174025814329,0.6502212620874067,0.8275577536904516,0.6502212620874067,0.5244091216144424,0.9999999999999999,0.8275577536904515,0.7306666666666667,156.08660169441646,90.21226666666666
