侧1,侧2,范围,rank_corr,abs_rank_corr,pearson_corr,判决,建议留
水平·MA5,5-day SMA of Price,候选内部,1.0,1.0,1.0,必被丢（>=0.99，RD-Agent dedup 同值）,水平·MA5
波动·STD5,gp_0,候选×在库,1.0,1.0,1.0,必被丢（>=0.99，RD-Agent dedup 同值）,gp_0
位置·距20日高,1-day SMA of Price over 20-day MAX of Price,候选内部,1.0,1.0,1.0,必被丢（>=0.99，RD-Agent dedup 同值）,位置·距20日高
波动·STD20,vol_20,候选内部,-1.0,1.0,-1.0,必被丢（>=0.99，RD-Agent dedup 同值）,波动·STD20
波动·STD20,volatility_20,候选×在库,-1.0,1.0,-1.0,必被丢（>=0.99，RD-Agent dedup 同值）,volatility_20
反转·5d,reversal_5,候选×在库,-1.0,1.0,-1.0,必被丢（>=0.99，RD-Agent dedup 同值）,reversal_5
水平·MA5,5-day SMA of Price,候选×在库,1.0,1.0,1.0,必被丢（>=0.99，RD-Agent dedup 同值）,5-day SMA of Price
5-day SMA of Price,水平·MA5,候选内部,1.0,1.0,1.0,必被丢（>=0.99，RD-Agent dedup 同值）,水平·MA5
反转·1d,mogp_1,候选×在库,1.0,1.0,1.0,必被丢（>=0.99，RD-Agent dedup 同值）,mogp_1
vol_20,波动·STD20,候选内部,-1.0,1.0,-1.0,必被丢（>=0.99，RD-Agent dedup 同值）,波动·STD20
vol_20,volatility_20,候选×在库,1.0,1.0,1.0,必被丢（>=0.99，RD-Agent dedup 同值）,volatility_20
动量·20d,momentum_20,候选×在库,1.0,1.0,1.0,必被丢（>=0.99，RD-Agent dedup 同值）,momentum_20
1-day SMA of Price over 20-day MAX of Price,位置·距20日高,候选内部,1.0,1.0,1.0,必被丢（>=0.99，RD-Agent dedup 同值）,位置·距20日高
位置·距20日高,1-day SMA of Price over 20-day MAX of Price,候选×在库,1.0,1.0,1.0,必被丢（>=0.99，RD-Agent dedup 同值）,1-day SMA of Price over 20-day MAX of Price
5-day SMA of Price,hybrid_2,候选×在库,0.9984358998794197,0.9984358998794197,0.9992910283156505,必被丢（>=0.99，RD-Agent dedup 同值）,hybrid_2
水平·MA20,5-day SMA of Price,候选×在库,0.9951972766660979,0.9951972766660979,0.9977142148446768,必被丢（>=0.99，RD-Agent dedup 同值）,5-day SMA of Price
水平·MA20,水平·MA5,候选内部,0.9951722073634178,0.9951722073634178,0.9981012537422445,必被丢（>=0.99，RD-Agent dedup 同值）,水平·MA5
量能·水平MA20,10-day SMA of Volume,候选×在库,0.994863531576182,0.994863531576182,0.99448512056605,必被丢（>=0.99，RD-Agent dedup 同值）,10-day SMA of Volume
量能·水平MA5,10-day SMA of Volume,候选×在库,0.9947917483815308,0.9947917483815308,0.9942132119196347,必被丢（>=0.99，RD-Agent dedup 同值）,10-day SMA of Volume
10-day SMA of Volume,量能·水平MA20,候选内部,0.9941903806200931,0.9941903806200931,0.9943859833409286,必被丢（>=0.99，RD-Agent dedup 同值）,量能·水平MA20
量能·水平MA20,10-day SMA of Volume,候选内部,0.9941903806200931,0.9941903806200931,0.9943859833409284,必被丢（>=0.99，RD-Agent dedup 同值）,量能·水平MA20
量能·水平MA5,10-day SMA of Volume,候选内部,0.9941171217371335,0.9941171217371335,0.9941256317240371,必被丢（>=0.99，RD-Agent dedup 同值）,量能·水平MA5
10-day SMA of Volume,gp_6,候选×在库,-0.9795201321072152,0.9795201321072152,-0.9694876508528486,会被判重复（>=0.85，本线跨源判重线）,gp_6
价量·Amihud20,量能·成交额MA20,候选内部,-0.9622037109648842,0.9622037109648842,-0.07955723613967317,会被判重复（>=0.85，本线跨源判重线）,量能·成交额MA20
量能·成交额MA20,价量·Amihud20,候选内部,-0.9622037109648842,0.9622037109648842,-0.07955723613967317,会被判重复（>=0.85，本线跨源判重线）,量能·成交额MA20
量能·波动STD20,10-day SMA of Volume,候选×在库,0.9619507489495794,0.9619507489495794,0.9560087769368707,会被判重复（>=0.85，本线跨源判重线）,10-day SMA of Volume
量能·成交额STD20,量能·成交额MA20,候选内部,0.9605924113955883,0.9605924113955883,0.9368292453728143,会被判重复（>=0.85，本线跨源判重线）,量能·成交额MA20
量能·波动STD20,量能·水平MA20,候选内部,0.9598268891791187,0.9598268891791187,0.9464452961794627,会被判重复（>=0.85，本线跨源判重线）,量能·水平MA20
量能·成交额MA20,10-day SMA of Volume,候选×在库,0.9511578358949659,0.9511578358949659,0.7907049541852436,会被判重复（>=0.85，本线跨源判重线）,10-day SMA of Volume
量能·波动STD5,10-day SMA of Volume,候选×在库,0.9435102334627538,0.9435102334627538,0.9044624818621478,会被判重复（>=0.85，本线跨源判重线）,10-day SMA of Volume
量能·波动STD5,量能·水平MA5,候选内部,0.9433337980979644,0.9433337980979644,0.907430091582584,会被判重复（>=0.85，本线跨源判重线）,量能·水平MA5
量能·成交额STD20,10-day SMA of Volume,候选×在库,0.919129202059273,0.919129202059273,0.7302986497531074,会被判重复（>=0.85，本线跨源判重线）,10-day SMA of Volume
价量·Amihud20,10-day SMA of Volume,候选×在库,-0.9178946639588899,0.9178946639588899,-0.09388203510769064,会被判重复（>=0.85，本线跨源判重线）,10-day SMA of Volume
位置·20日Donchian,price_position_20,候选×在库,0.8929283151759827,0.8929283151759827,0.9430947606846716,会被判重复（>=0.85，本线跨源判重线）,price_position_20
位置·C/MA20,mogp_3,候选×在库,0.8859789211241283,0.8859789211241283,0.8839564966699522,会被判重复（>=0.85，本线跨源判重线）,mogp_3
日内·收盘位置,日内·当日涨跌,候选内部,0.8847146613563941,0.8847146613563941,0.8246155421260304,会被判重复（>=0.85，本线跨源判重线）,日内·收盘位置
日内·当日涨跌,日内·收盘位置,候选内部,0.8847146613563941,0.8847146613563941,0.8246155421260304,会被判重复（>=0.85，本线跨源判重线）,日内·收盘位置
动量·120d跳20,动量·120d,候选内部,0.8823945735066835,0.8823945735066835,0.899409210141061,会被判重复（>=0.85，本线跨源判重线）,动量·120d
动量·120d,动量·120d跳20,候选内部,0.8823945735066835,0.8823945735066835,0.899409210141061,会被判重复（>=0.85，本线跨源判重线）,动量·120d
价量·VWAP偏离5d,hybrid_0,候选×在库,-0.8744949606958387,0.8744949606958387,-0.8926286406570414,会被判重复（>=0.85，本线跨源判重线）,hybrid_0
波动·振幅MA20,波动·STD20,候选内部,0.8516105185480827,0.8516105185480827,0.6569710211636102,会被判重复（>=0.85，本线跨源判重线）,波动·振幅MA20
反转·1d,日内·当日涨跌,候选内部,0.8366922914355294,0.8366922914355294,0.8035088402311827,危险区 0.70~0.85（同簇，人工复核）,日内·当日涨跌
日内·当日涨跌,mogp_1,候选×在库,0.835828992767219,0.835828992767219,0.8101968409560236,危险区 0.70~0.85（同簇，人工复核）,日内·当日涨跌
波动·振幅MA20,volatility_20,候选×在库,-0.8341445035967925,0.8341445035967925,-0.6541604659071736,危险区 0.70~0.85（同簇，人工复核）,波动·振幅MA20
位置·20日Donchian,位置·C/MA20,候选内部,0.8303425586457147,0.8303425586457147,0.7103435425378873,危险区 0.70~0.85（同簇，人工复核）,位置·20日Donchian
位置·C/MA20,位置·20日Donchian,候选内部,0.8303425586457147,0.8303425586457147,0.7103435425378873,危险区 0.70~0.85（同簇，人工复核）,位置·20日Donchian
价量·VWAP偏离5d,反转·2d,候选内部,0.8173560840251127,0.8173560840251127,0.8345032713209772,危险区 0.70~0.85（同簇，人工复核）,价量·VWAP偏离5d
反转·2d,价量·VWAP偏离5d,候选内部,0.8173560840251127,0.8173560840251127,0.8345032713209772,危险区 0.70~0.85（同簇，人工复核）,价量·VWAP偏离5d
动量·20d,位置·C/MA20,候选内部,0.8090725971019165,0.8090725971019165,0.8478758792507202,危险区 0.70~0.85（同簇，人工复核）,位置·C/MA20
1-day SMA of Price over 60-day SMA of Price,动量·20d,候选内部,0.770879731339514,0.770879731339514,0.7894241109666541,危险区 0.70~0.85（同簇，人工复核）,动量·20d
1-day SMA of Price over 20-day MAX of Price,price_position_20,候选×在库,0.7699785250015148,0.7699785250015148,0.6675353963707249,危险区 0.70~0.85（同簇，人工复核）,1-day SMA of Price over 20-day MAX of Price
1-day SMA of Price over 60-day SMA of Price,mogp_5,候选×在库,0.7667862644377006,0.7667862644377006,0.7728946060682781,危险区 0.70~0.85（同簇，人工复核）,1-day SMA of Price over 60-day SMA of Price
反转·5d,价量·VWAP偏离5d,候选内部,0.756603640595709,0.756603640595709,0.7839706527349327,危险区 0.70~0.85（同簇，人工复核）,反转·5d
反转·2d,hybrid_0,候选×在库,-0.755577208087722,0.755577208087722,-0.7873209464288486,危险区 0.70~0.85（同簇，人工复核）,反转·2d
波动·STD5,波动·STD20,候选内部,0.72441295954802,0.72441295954802,0.6335731559056469,危险区 0.70~0.85（同簇，人工复核）,波动·STD5
日内·收盘位置,mogp_1,候选×在库,0.7231967729642056,0.7231967729642056,0.6758659102451128,危险区 0.70~0.85（同簇，人工复核）,日内·收盘位置
1-day SMA of Price over 60-day MAX of Price,1-day SMA of Price over 60-day SMA of Price,候选×在库,0.7231929060451088,0.7231929060451088,0.7403438519859915,危险区 0.70~0.85（同簇，人工复核）,1-day SMA of Price over 60-day MAX of Price
1-day SMA of Price over 60-day MAX of Price,1-day SMA of Price over 60-day SMA of Price,候选内部,0.7208463934779327,0.7208463934779327,0.7274253442481884,危险区 0.70~0.85（同簇，人工复核）,1-day SMA of Price over 60-day MAX of Price
波动·归一STD20,波动·STD20,候选内部,0.7181474744481452,0.7181474744481452,0.7971458835366003,危险区 0.70~0.85（同簇，人工复核）,波动·归一STD20
波动·振幅当日,波动·振幅MA20,候选内部,0.716392015017006,0.716392015017006,0.664832090603861,危险区 0.70~0.85（同簇，人工复核）,波动·振幅MA20
波动·归一STD20,volatility_20,候选×在库,-0.7071660361887222,0.7071660361887222,-0.7880689050048976,危险区 0.70~0.85（同簇，人工复核）,波动·归一STD20
