ic,abs_ic,turnover,max_corr,expr,is_pareto,generation
0.0,0.0,0.0,0.0,"ts_mean((returns - returns), 5)",True,1
-0.02653477405015382,0.02653477405015382,0.006776740569159429,0.9887535020429756,"ts_mean(open, 10)",False,1
0.018639214797419746,0.018639214797419746,0.05511477737213966,0.9177243073630261,"ts_mean(ts_sum((-ts_mean(open, 60)), 20), 20)",False,1
-0.02775896124412128,0.02775896124412128,0.01838247979828169,1.0,high,False,1
-0.029046099064743723,0.029046099064743723,0.01793227523447518,1.0,low,True,1
-0.02775896124412128,0.02775896124412128,0.01838247979828169,1.0,high,False,1
0.0026841873171531616,0.0026841873171531616,0.005085539929767685,0.7967141380483842,"ts_mean(((high / (volume * open)) + (delta(close, 10) + (high / low))), 20)",True,1
-0.02775896124412128,0.02775896124412128,0.01838247979828169,1.0,high,False,1
-0.02775896124412128,0.02775896124412128,0.01838247979828169,1.0,high,False,1
-0.027825345527892304,0.027825345527892304,0.005178205196030192,0.9781644266699068,"(ts_std(ts_std(low, 20), 10) + ts_mean(close, 20))",True,1
-0.0028561018252431436,0.0028561018252431436,147458490.3123811,0.8802662051976823,abs(volume),False,1
0.028392658458931717,0.028392658458931717,0.09173971010827948,0.9997713104686397,(low * (-open)),False,1
-0.0028561018252431436,0.0028561018252431436,147458490.3123811,0.8802662051976823,volume,False,1
0.025683940387364202,0.025683940387364202,0.04347167501803691,0.9830875730060942,"ts_sum((-log(ts_mean(close, 5))), 10)",False,1
0.018293320081882055,0.018293320081882055,0.0462291987629831,0.9000493883851576,"delay(delay((-ts_sum(close, 5)), 20), 20)",False,1
-0.029046099064743723,0.029046099064743723,0.01793227523447518,1.0,low,True,1
-0.03098946102408854,0.03098946102408854,0.019814957133016595,1.0,close,True,1
-0.00016586925573945755,0.00016586925573945755,123309276.30378376,0.5118220196187738,"((ts_mean((returns * volume), 10) - open) * ts_sum((abs(high) * (open * close)),",False,1
0.0028548194534070074,0.0028548194534070074,147458489.92417708,0.8802662051976823,(low + (low - (volume - log(volume)))),False,1
-0.009108252685142522,0.009108252685142522,inf,0.3286338808382442,"((((-close) * close) / log(ts_mean(close, 5))) - close)",False,1
-0.0099557608630995,0.0099557608630995,111350757.31287979,0.11866674598418515,"(delta(ts_std(ts_sum(volume, 60), 10), 60) + (returns - (-abs(returns))))",False,1
-0.005058084949402838,0.005058084949402838,0.0010184174963696801,0.9987686353151609,"ts_mean(returns, 20)",True,1
-0.027713390694371964,0.027713390694371964,0.020799838145526887,1.0,"(open + ts_std(sign(abs(low)), 5))",False,1
-0.0028561018252431436,0.0028561018252431436,147458490.3123811,0.8802662051976823,volume,False,1
-0.028701169942593877,0.028701169942593877,0.033278251798736704,0.9979309885900046,((low - (-(low - close))) + ((returns / (open / open)) * close)),True,1
-0.027036218466169548,0.027036218466169548,0.04684565494863864,0.99611621908261,"ts_sum(high, 5)",False,1
-0.029046099064743723,0.029046099064743723,0.01793227523447518,1.0,low,True,1
-0.003765918690880996,0.003765918690880996,194910391.58428535,0.8959709986527036,"ts_sum(volume, 5)",False,1
0.004214151979809294,0.004214151979809294,0.03116454614877267,0.340954915566454,"(ts_std(log(ts_mean(volume, 5)), 60) + ts_sum(delta(returns, 20), 10))",False,1
-0.027303255878801287,0.027303255878801287,0.020774276233060468,0.9999999999999998,open,False,1
0.0027496947483894164,0.0027496947483894164,214659072.52585503,0.229471029175956,"delta(abs(volume), 5)",False,1
-0.027303255878801287,0.027303255878801287,0.020774276233060468,0.9999999999999998,open,False,1
0.0034482329629004736,0.0034482329629004736,1739823.7045219755,0.9141475100449836,"ts_std(((low * (volume * returns)) + ts_sum(returns, 5)), 10)",False,1
-0.03098946102408854,0.03098946102408854,0.019814957133016595,1.0,close,True,1
-0.002854744090870716,0.002854744090870716,147458490.30753317,0.8802662051976823,(volume - high),False,1
-0.029789166002580067,0.029789166002580067,0.02030589187865171,1.0,returns,False,1
-0.027973383524293557,0.027973383524293557,0.01077736677984623,0.5379793066452617,(close / low),True,1
-0.02667180545662295,0.02667180545662295,0.042343842517674556,0.9717368418095723,"(open + delta(low, 60))",False,1
0.00012950537661091238,0.00012950537661091238,0.002008209216065294,0.6804757919467616,"ts_mean(returns, 10)",True,1
0.01742957740344288,0.01742957740344288,0.006881269719656814,0.07520696782407585,"delta(ts_std(abs(abs(high)), 10), 10)",True,1
0.0,0.0,0.0,0.0,"ts_mean((returns - returns), 5)",True,2
-0.028701169942593877,0.028701169942593877,0.033278251798736704,0.9979309885900046,((low - (-(low - close))) + ((returns / (open / open)) * close)),True,2
-0.03098946102408854,0.03098946102408854,0.019814957133016595,1.0,close,True,2
0.01742957740344288,0.01742957740344288,0.006881269719656814,0.07520696782407585,"delta(ts_std(abs(abs(high)), 10), 10)",True,2
-0.027973383524293557,0.027973383524293557,0.01077736677984623,0.5379793066452617,(close / low),True,2
-0.027825345527892304,0.027825345527892304,0.005178205196030192,0.9781644266699068,"(ts_std(ts_std(low, 20), 10) + ts_mean(close, 20))",True,2
0.0026841873171531616,0.0026841873171531616,0.005085539929767685,0.7967141380483842,"ts_mean(((high / (volume * open)) + (delta(close, 10) + (high / low))), 20)",True,2
-0.005058084949402838,0.005058084949402838,0.0010184174963696801,0.9987686353151609,"ts_mean(returns, 20)",True,2
0.00012950537661091238,0.00012950537661091238,0.002008209216065294,0.6804757919467616,"ts_mean(returns, 10)",True,2
-0.029046099064743723,0.029046099064743723,0.01793227523447518,1.0,low,True,2
-0.03098946102408854,0.03098946102408854,0.019814957133016595,1.0,close,True,2
-0.029046099064743723,0.029046099064743723,0.01793227523447518,1.0,low,True,2
-0.029046099064743723,0.029046099064743723,0.01793227523447518,1.0,low,True,2
-0.02653477405015382,0.02653477405015382,0.006776740569159429,0.9887535020429756,"ts_mean(open, 10)",False,2
-0.029789166002580067,0.029789166002580067,0.02030589187865171,1.0,returns,False,2
-0.02775896124412128,0.02775896124412128,0.01838247979828169,1.0,high,False,2
-0.0099557608630995,0.0099557608630995,111350757.31287979,0.11866674598418515,"(delta(ts_std(ts_sum(volume, 60), 10), 60) + (returns - (-abs(returns))))",False,2
0.004214151979809294,0.004214151979809294,0.03116454614877267,0.340954915566454,"(ts_std(log(ts_mean(volume, 5)), 60) + ts_sum(delta(returns, 20), 10))",False,2
0.028392658458931717,0.028392658458931717,0.09173971010827948,0.9997713104686397,(low * (-open)),False,2
0.018293320081882055,0.018293320081882055,0.0462291987629831,0.9000493883851576,"delay(delay((-ts_sum(close, 5)), 20), 20)",False,2
0.018639214797419746,0.018639214797419746,0.05511477737213966,0.9177243073630261,"ts_mean(ts_sum((-ts_mean(open, 60)), 20), 20)",False,2
-0.02667180545662295,0.02667180545662295,0.042343842517674556,0.9717368418095723,"(open + delta(low, 60))",False,2
-0.027036218466169548,0.027036218466169548,0.04684565494863864,0.99611621908261,"ts_sum(high, 5)",False,2
-0.02775896124412128,0.02775896124412128,0.01838247979828169,1.0,high,False,2
-0.027303255878801287,0.027303255878801287,0.020774276233060468,0.9999999999999998,open,False,2
-0.027303255878801287,0.027303255878801287,0.020774276233060468,0.9999999999999998,open,False,2
-0.02775896124412128,0.02775896124412128,0.01838247979828169,1.0,high,False,2
-0.02775896124412128,0.02775896124412128,0.01838247979828169,1.0,high,False,2
-0.027713390694371964,0.027713390694371964,0.020799838145526887,1.0,"(open + ts_std(sign(abs(low)), 5))",False,2
-0.009108252685142522,0.009108252685142522,inf,0.3286338808382442,"((((-close) * close) / log(ts_mean(close, 5))) - close)",False,2
0.0027496947483894164,0.0027496947483894164,214659072.52585503,0.229471029175956,"delta(abs(volume), 5)",False,2
-0.00016586925573945755,0.00016586925573945755,123309276.30378376,0.5118220196187738,"((ts_mean((returns * volume), 10) - open) * ts_sum((abs(high) * (open * close)),",False,2
0.025683940387364202,0.025683940387364202,0.04347167501803691,0.9830875730060942,"ts_sum((-log(ts_mean(close, 5))), 10)",False,2
-0.0028561018252431436,0.0028561018252431436,147458490.3123811,0.8802662051976823,abs(volume),False,2
-0.003765918690880996,0.003765918690880996,194910391.58428535,0.8959709986527036,"ts_sum(volume, 5)",False,2
0.0034482329629004736,0.0034482329629004736,1739823.7045219755,0.9141475100449836,"ts_std(((low * (volume * returns)) + ts_sum(returns, 5)), 10)",False,2
-0.0028561018252431436,0.0028561018252431436,147458490.3123811,0.8802662051976823,volume,False,2
0.0028548194534070074,0.0028548194534070074,147458489.92417708,0.8802662051976823,(low + (low - (volume - log(volume)))),False,2
-0.0028561018252431436,0.0028561018252431436,147458490.3123811,0.8802662051976823,volume,False,2
-0.002854744090870716,0.002854744090870716,147458490.30753317,0.8802662051976823,(volume - high),False,2
0.0,0.0,0.0,0.0,"ts_mean((returns - returns), 5)",True,3
-0.028701169942593877,0.028701169942593877,0.033278251798736704,0.9979309885900046,((low - (-(low - close))) + ((returns / (open / open)) * close)),True,3
-0.03098946102408854,0.03098946102408854,0.019814957133016595,1.0,close,True,3
-0.029046099064743723,0.029046099064743723,0.01793227523447518,1.0,low,True,3
0.01742957740344288,0.01742957740344288,0.006881269719656814,0.07520696782407585,"delta(ts_std(abs(abs(high)), 10), 10)",True,3
-0.027973383524293557,0.027973383524293557,0.01077736677984623,0.5379793066452617,(close / low),True,3
-0.027825345527892304,0.027825345527892304,0.005178205196030192,0.9781644266699068,"(ts_std(ts_std(low, 20), 10) + ts_mean(close, 20))",True,3
0.0026841873171531616,0.0026841873171531616,0.005085539929767685,0.7967141380483842,"ts_mean(((high / (volume * open)) + (delta(close, 10) + (high / low))), 20)",True,3
-0.005058084949402838,0.005058084949402838,0.0010184174963696801,0.9987686353151609,"ts_mean(returns, 20)",True,3
0.00012950537661091238,0.00012950537661091238,0.002008209216065294,0.6804757919467616,"ts_mean(returns, 10)",True,3
-0.029046099064743723,0.029046099064743723,0.01793227523447518,1.0,low,True,3
-0.03098946102408854,0.03098946102408854,0.019814957133016595,1.0,close,True,3
-0.029046099064743723,0.029046099064743723,0.01793227523447518,1.0,low,True,3
-0.0099557608630995,0.0099557608630995,111350757.31287979,0.11866674598418515,"(delta(ts_std(ts_sum(volume, 60), 10), 60) + (returns - (-abs(returns))))",False,3
0.004214151979809294,0.004214151979809294,0.03116454614877267,0.340954915566454,"(ts_std(log(ts_mean(volume, 5)), 60) + ts_sum(delta(returns, 20), 10))",False,3
-0.02653477405015382,0.02653477405015382,0.006776740569159429,0.9887535020429756,"ts_mean(open, 10)",False,3
-0.029789166002580067,0.029789166002580067,0.02030589187865171,1.0,returns,False,3
-0.02775896124412128,0.02775896124412128,0.01838247979828169,1.0,high,False,3
0.028392658458931717,0.028392658458931717,0.09173971010827948,0.9997713104686397,(low * (-open)),False,3
0.018293320081882055,0.018293320081882055,0.0462291987629831,0.9000493883851576,"delay(delay((-ts_sum(close, 5)), 20), 20)",False,3
0.018639214797419746,0.018639214797419746,0.05511477737213966,0.9177243073630261,"ts_mean(ts_sum((-ts_mean(open, 60)), 20), 20)",False,3
-0.02667180545662295,0.02667180545662295,0.042343842517674556,0.9717368418095723,"(open + delta(low, 60))",False,3
-0.027036218466169548,0.027036218466169548,0.04684565494863864,0.99611621908261,"ts_sum(high, 5)",False,3
-0.02775896124412128,0.02775896124412128,0.01838247979828169,1.0,high,False,3
-0.027303255878801287,0.027303255878801287,0.020774276233060468,0.9999999999999998,open,False,3
-0.027303255878801287,0.027303255878801287,0.020774276233060468,0.9999999999999998,open,False,3
-0.02775896124412128,0.02775896124412128,0.01838247979828169,1.0,high,False,3
-0.02775896124412128,0.02775896124412128,0.01838247979828169,1.0,high,False,3
-0.009108252685142522,0.009108252685142522,inf,0.3286338808382442,"((((-close) * close) / log(ts_mean(close, 5))) - close)",False,3
0.0027496947483894164,0.0027496947483894164,214659072.52585503,0.229471029175956,"delta(abs(volume), 5)",False,3
-0.00016586925573945755,0.00016586925573945755,123309276.30378376,0.5118220196187738,"((ts_mean((returns * volume), 10) - open) * ts_sum((abs(high) * (open * close)),",False,3
-0.027713390694371964,0.027713390694371964,0.020799838145526887,1.0,"(open + ts_std(sign(abs(low)), 5))",False,3
0.025683940387364202,0.025683940387364202,0.04347167501803691,0.9830875730060942,"ts_sum((-log(ts_mean(close, 5))), 10)",False,3
-0.0028561018252431436,0.0028561018252431436,147458490.3123811,0.8802662051976823,abs(volume),False,3
-0.003765918690880996,0.003765918690880996,194910391.58428535,0.8959709986527036,"ts_sum(volume, 5)",False,3
0.0034482329629004736,0.0034482329629004736,1739823.7045219755,0.9141475100449836,"ts_std(((low * (volume * returns)) + ts_sum(returns, 5)), 10)",False,3
-0.0028561018252431436,0.0028561018252431436,147458490.3123811,0.8802662051976823,volume,False,3
0.0028548194534070074,0.0028548194534070074,147458489.92417708,0.8802662051976823,(low + (low - (volume - log(volume)))),False,3
-0.0028561018252431436,0.0028561018252431436,147458490.3123811,0.8802662051976823,volume,False,3
-0.002854744090870716,0.002854744090870716,147458490.30753317,0.8802662051976823,(volume - high),False,3
0.0,0.0,0.0,0.0,"ts_mean((returns - returns), 5)",True,4
-0.028701169942593877,0.028701169942593877,0.033278251798736704,0.9979309885900046,((low - (-(low - close))) + ((returns / (open / open)) * close)),True,4
-0.03098946102408854,0.03098946102408854,0.019814957133016595,1.0,close,True,4
-0.029046099064743723,0.029046099064743723,0.01793227523447518,1.0,low,True,4
0.01742957740344288,0.01742957740344288,0.006881269719656814,0.07520696782407585,"delta(ts_std(abs(abs(high)), 10), 10)",True,4
-0.027973383524293557,0.027973383524293557,0.01077736677984623,0.5379793066452617,(close / low),True,4
-0.027825345527892304,0.027825345527892304,0.005178205196030192,0.9781644266699068,"(ts_std(ts_std(low, 20), 10) + ts_mean(close, 20))",True,4
0.0026841873171531616,0.0026841873171531616,0.005085539929767685,0.7967141380483842,"ts_mean(((high / (volume * open)) + (delta(close, 10) + (high / low))), 20)",True,4
-0.005058084949402838,0.005058084949402838,0.0010184174963696801,0.9987686353151609,"ts_mean(returns, 20)",True,4
0.00012950537661091238,0.00012950537661091238,0.002008209216065294,0.6804757919467616,"ts_mean(returns, 10)",True,4
-0.029046099064743723,0.029046099064743723,0.01793227523447518,1.0,low,True,4
-0.03098946102408854,0.03098946102408854,0.019814957133016595,1.0,close,True,4
-0.029046099064743723,0.029046099064743723,0.01793227523447518,1.0,low,True,4
-0.0099557608630995,0.0099557608630995,111350757.31287979,0.11866674598418515,"(delta(ts_std(ts_sum(volume, 60), 10), 60) + (returns - (-abs(returns))))",False,4
0.004214151979809294,0.004214151979809294,0.03116454614877267,0.340954915566454,"(ts_std(log(ts_mean(volume, 5)), 60) + ts_sum(delta(returns, 20), 10))",False,4
-0.02653477405015382,0.02653477405015382,0.006776740569159429,0.9887535020429756,"ts_mean(open, 10)",False,4
-0.029789166002580067,0.029789166002580067,0.02030589187865171,1.0,returns,False,4
-0.02775896124412128,0.02775896124412128,0.01838247979828169,1.0,high,False,4
0.028392658458931717,0.028392658458931717,0.09173971010827948,0.9997713104686397,(low * (-open)),False,4
0.018293320081882055,0.018293320081882055,0.0462291987629831,0.9000493883851576,"delay(delay((-ts_sum(close, 5)), 20), 20)",False,4
0.018639214797419746,0.018639214797419746,0.05511477737213966,0.9177243073630261,"ts_mean(ts_sum((-ts_mean(open, 60)), 20), 20)",False,4
-0.02667180545662295,0.02667180545662295,0.042343842517674556,0.9717368418095723,"(open + delta(low, 60))",False,4
-0.027036218466169548,0.027036218466169548,0.04684565494863864,0.99611621908261,"ts_sum(high, 5)",False,4
-0.02775896124412128,0.02775896124412128,0.01838247979828169,1.0,high,False,4
-0.027303255878801287,0.027303255878801287,0.020774276233060468,0.9999999999999998,open,False,4
-0.027303255878801287,0.027303255878801287,0.020774276233060468,0.9999999999999998,open,False,4
-0.02775896124412128,0.02775896124412128,0.01838247979828169,1.0,high,False,4
-0.02775896124412128,0.02775896124412128,0.01838247979828169,1.0,high,False,4
-0.009108252685142522,0.009108252685142522,inf,0.3286338808382442,"((((-close) * close) / log(ts_mean(close, 5))) - close)",False,4
0.0027496947483894164,0.0027496947483894164,214659072.52585503,0.229471029175956,"delta(abs(volume), 5)",False,4
-0.00016586925573945755,0.00016586925573945755,123309276.30378376,0.5118220196187738,"((ts_mean((returns * volume), 10) - open) * ts_sum((abs(high) * (open * close)),",False,4
-0.027713390694371964,0.027713390694371964,0.020799838145526887,1.0,"(open + ts_std(sign(abs(low)), 5))",False,4
0.025683940387364202,0.025683940387364202,0.04347167501803691,0.9830875730060942,"ts_sum((-log(ts_mean(close, 5))), 10)",False,4
-0.0028561018252431436,0.0028561018252431436,147458490.3123811,0.8802662051976823,abs(volume),False,4
-0.003765918690880996,0.003765918690880996,194910391.58428535,0.8959709986527036,"ts_sum(volume, 5)",False,4
0.0034482329629004736,0.0034482329629004736,1739823.7045219755,0.9141475100449836,"ts_std(((low * (volume * returns)) + ts_sum(returns, 5)), 10)",False,4
-0.0028561018252431436,0.0028561018252431436,147458490.3123811,0.8802662051976823,volume,False,4
0.0028548194534070074,0.0028548194534070074,147458489.92417708,0.8802662051976823,(low + (low - (volume - log(volume)))),False,4
-0.0028561018252431436,0.0028561018252431436,147458490.3123811,0.8802662051976823,volume,False,4
-0.002854744090870716,0.002854744090870716,147458490.30753317,0.8802662051976823,(volume - high),False,4
