timestamp,factor,feature,importance
2026-09-20 11:01,gp_0,lag_10,0.0
2026-09-20 11:01,gp_0,lag_9,0.0
2026-09-20 11:01,gp_0,lag_8,0.0
2026-09-20 11:01,gp_0,lag_7,0.0
2026-09-20 11:01,gp_0,lag_6,0.0
2026-09-20 11:01,gp_0,lag_5,0.0
2026-09-20 11:01,gp_0,lag_4,0.0
2026-09-20 11:01,gp_0,lag_3,0.0
2026-09-20 11:01,gp_0,lag_2,0.0
2026-09-20 11:01,gp_0,lag_1,0.0
2026-09-20 11:01,gp_0,ic_mean_5,0.0
2026-09-20 11:01,gp_0,ic_std_5,0.0
2026-09-20 11:01,gp_0,ic_slope_5,0.0
2026-09-20 11:01,gp_0,volatility,0.0
2026-09-20 11:01,mogp_0,lag_10,0.0
2026-09-20 11:01,mogp_0,lag_9,0.0
2026-09-20 11:01,mogp_0,lag_8,0.0
2026-09-20 11:01,mogp_0,lag_7,0.0
2026-09-20 11:01,mogp_0,lag_6,0.0
2026-09-20 11:01,mogp_0,lag_5,0.0
2026-09-20 11:01,mogp_0,lag_4,0.0
2026-09-20 11:01,mogp_0,lag_3,0.0
2026-09-20 11:01,mogp_0,lag_2,0.0
2026-09-20 11:01,mogp_0,lag_1,0.0
2026-09-20 11:01,mogp_0,ic_mean_5,0.0
2026-09-20 11:01,mogp_0,ic_std_5,0.0
2026-09-20 11:01,mogp_0,ic_slope_5,0.0
2026-09-20 11:01,mogp_0,volatility,0.0
2026-09-20 11:01,gp_3,lag_10,0.0
2026-09-20 11:01,gp_3,lag_9,0.0
2026-09-20 11:01,gp_3,lag_8,0.0
2026-09-20 11:01,gp_3,lag_7,0.0
2026-09-20 11:01,gp_3,lag_6,0.0
2026-09-20 11:01,gp_3,lag_5,0.0
2026-09-20 11:01,gp_3,lag_4,0.0
2026-09-20 11:01,gp_3,lag_3,0.0
2026-09-20 11:01,gp_3,lag_2,0.0
2026-09-20 11:01,gp_3,lag_1,0.0
2026-09-20 11:01,gp_3,ic_mean_5,0.0
2026-09-20 11:01,gp_3,ic_std_5,0.0
2026-09-20 11:01,gp_3,ic_slope_5,0.0
2026-09-20 11:01,gp_3,volatility,0.0
2026-09-20 11:01,gp_1,lag_10,0.0
2026-09-20 11:01,gp_1,lag_9,0.0
2026-09-20 11:01,gp_1,lag_8,0.0
2026-09-20 11:01,gp_1,lag_7,0.0
2026-09-20 11:01,gp_1,lag_6,0.0
2026-09-20 11:01,gp_1,lag_5,0.0
2026-09-20 11:01,gp_1,lag_4,0.0
2026-09-20 11:01,gp_1,lag_3,0.0
2026-09-20 11:01,gp_1,lag_2,0.0
2026-09-20 11:01,gp_1,lag_1,0.0
2026-09-20 11:01,gp_1,ic_mean_5,0.0
2026-09-20 11:01,gp_1,ic_std_5,0.0
2026-09-20 11:01,gp_1,ic_slope_5,0.0
2026-09-20 11:01,gp_1,volatility,0.0
2026-09-20 11:01,gp_4,lag_10,0.0
2026-09-20 11:01,gp_4,lag_9,0.0
2026-09-20 11:01,gp_4,lag_8,0.0
2026-09-20 11:01,gp_4,lag_7,0.0
2026-09-20 11:01,gp_4,lag_6,0.0
2026-09-20 11:01,gp_4,lag_5,0.0
2026-09-20 11:01,gp_4,lag_4,0.0
2026-09-20 11:01,gp_4,lag_3,0.0
2026-09-20 11:01,gp_4,lag_2,0.0
2026-09-20 11:01,gp_4,lag_1,0.0
2026-09-20 11:01,gp_4,ic_mean_5,0.0
2026-09-20 11:01,gp_4,ic_std_5,0.0
2026-09-20 11:01,gp_4,ic_slope_5,0.0
2026-09-20 11:01,gp_4,volatility,0.0
2026-09-20 11:01,hybrid_1,lag_10,0.0
2026-09-20 11:01,hybrid_1,lag_9,0.0
2026-09-20 11:01,hybrid_1,lag_8,0.0
2026-09-20 11:01,hybrid_1,lag_7,0.0
2026-09-20 11:01,hybrid_1,lag_6,0.0
2026-09-20 11:01,hybrid_1,lag_5,0.0
2026-09-20 11:01,hybrid_1,lag_4,0.0
2026-09-20 11:01,hybrid_1,lag_3,0.0
2026-09-20 11:01,hybrid_1,lag_2,0.0
2026-09-20 11:01,hybrid_1,lag_1,0.0
2026-09-20 11:01,hybrid_1,ic_mean_5,0.0
2026-09-20 11:01,hybrid_1,ic_std_5,0.0
2026-09-20 11:01,hybrid_1,ic_slope_5,0.0
2026-09-20 11:01,hybrid_1,volatility,0.0
2026-09-20 11:01,volume_ratio_20,lag_10,0.0
2026-09-20 11:01,volume_ratio_20,lag_9,0.0
2026-09-20 11:01,volume_ratio_20,lag_8,0.0
2026-09-20 11:01,volume_ratio_20,lag_7,0.0
2026-09-20 11:01,volume_ratio_20,lag_6,0.0
2026-09-20 11:01,volume_ratio_20,lag_5,0.0
2026-09-20 11:01,volume_ratio_20,lag_4,0.0
2026-09-20 11:01,volume_ratio_20,lag_3,0.0
2026-09-20 11:01,volume_ratio_20,lag_2,0.0
2026-09-20 11:01,volume_ratio_20,lag_1,0.0
2026-09-20 11:01,volume_ratio_20,ic_mean_5,0.0
2026-09-20 11:01,volume_ratio_20,ic_std_5,0.0
2026-09-20 11:01,volume_ratio_20,ic_slope_5,0.0
2026-09-20 11:01,volume_ratio_20,volatility,0.0
2026-09-20 11:01,mogp_4,lag_10,0.0
2026-09-20 11:01,mogp_4,lag_9,0.0
2026-09-20 11:01,mogp_4,lag_8,0.0
2026-09-20 11:01,mogp_4,lag_7,0.0
2026-09-20 11:01,mogp_4,lag_6,0.0
2026-09-20 11:01,mogp_4,lag_5,0.0
2026-09-20 11:01,mogp_4,lag_4,0.0
2026-09-20 11:01,mogp_4,lag_3,0.0
2026-09-20 11:01,mogp_4,lag_2,0.0
2026-09-20 11:01,mogp_4,lag_1,0.0
2026-09-20 11:01,mogp_4,ic_mean_5,0.0
2026-09-20 11:01,mogp_4,ic_std_5,0.0
2026-09-20 11:01,mogp_4,ic_slope_5,0.0
2026-09-20 11:01,mogp_4,volatility,0.0
2026-09-20 11:19,gp_0,lag_10,0.0
2026-09-20 11:19,gp_0,lag_9,0.0
2026-09-20 11:19,gp_0,lag_8,0.0
2026-09-20 11:19,gp_0,lag_7,0.0
2026-09-20 11:19,gp_0,lag_6,0.0
2026-09-20 11:19,gp_0,lag_5,0.0
2026-09-20 11:19,gp_0,lag_4,0.0
2026-09-20 11:19,gp_0,lag_3,0.0
2026-09-20 11:19,gp_0,lag_2,0.0
2026-09-20 11:19,gp_0,lag_1,0.0
2026-09-20 11:19,gp_0,ic_mean_5,0.0
2026-09-20 11:19,gp_0,ic_std_5,0.0
2026-09-20 11:19,gp_0,ic_slope_5,0.0
2026-09-20 11:19,gp_0,volatility,0.0
2026-09-20 11:19,mogp_0,lag_10,0.0
2026-09-20 11:19,mogp_0,lag_9,0.0
2026-09-20 11:19,mogp_0,lag_8,0.0
2026-09-20 11:19,mogp_0,lag_7,0.0
2026-09-20 11:19,mogp_0,lag_6,0.0
2026-09-20 11:19,mogp_0,lag_5,0.0
2026-09-20 11:19,mogp_0,lag_4,0.0
2026-09-20 11:19,mogp_0,lag_3,0.0
2026-09-20 11:19,mogp_0,lag_2,0.0
2026-09-20 11:19,mogp_0,lag_1,0.0
2026-09-20 11:19,mogp_0,ic_mean_5,0.0
2026-09-20 11:19,mogp_0,ic_std_5,0.0
2026-09-20 11:19,mogp_0,ic_slope_5,0.0
2026-09-20 11:19,mogp_0,volatility,0.0
2026-09-20 11:19,mogp_1,lag_10,0.0
2026-09-20 11:19,mogp_1,lag_9,0.0
2026-09-20 11:19,mogp_1,lag_8,0.0
2026-09-20 11:19,mogp_1,lag_7,0.0
2026-09-20 11:19,mogp_1,lag_6,0.0
2026-09-20 11:19,mogp_1,lag_5,0.0
2026-09-20 11:19,mogp_1,lag_4,0.0
2026-09-20 11:19,mogp_1,lag_3,0.0
2026-09-20 11:19,mogp_1,lag_2,0.0
2026-09-20 11:19,mogp_1,lag_1,0.0
2026-09-20 11:19,mogp_1,ic_mean_5,0.0
2026-09-20 11:19,mogp_1,ic_std_5,0.0
2026-09-20 11:19,mogp_1,ic_slope_5,0.0
2026-09-20 11:19,mogp_1,volatility,0.0
2026-09-20 11:19,gp_1,lag_10,0.0
2026-09-20 11:19,gp_1,lag_9,0.0
2026-09-20 11:19,gp_1,lag_8,0.0
2026-09-20 11:19,gp_1,lag_7,0.0
2026-09-20 11:19,gp_1,lag_6,0.0
2026-09-20 11:19,gp_1,lag_5,0.0
2026-09-20 11:19,gp_1,lag_4,0.0
2026-09-20 11:19,gp_1,lag_3,0.0
2026-09-20 11:19,gp_1,lag_2,0.0
2026-09-20 11:19,gp_1,lag_1,0.0
2026-09-20 11:19,gp_1,ic_mean_5,0.0
2026-09-20 11:19,gp_1,ic_std_5,0.0
2026-09-20 11:19,gp_1,ic_slope_5,0.0
2026-09-20 11:19,gp_1,volatility,0.0
2026-09-20 11:19,mogp_2,lag_10,0.0
2026-09-20 11:19,mogp_2,lag_9,0.0
2026-09-20 11:19,mogp_2,lag_8,0.0
2026-09-20 11:19,mogp_2,lag_7,0.0
2026-09-20 11:19,mogp_2,lag_6,0.0
2026-09-20 11:19,mogp_2,lag_5,0.0
2026-09-20 11:19,mogp_2,lag_4,0.0
2026-09-20 11:19,mogp_2,lag_3,0.0
2026-09-20 11:19,mogp_2,lag_2,0.0
2026-09-20 11:19,mogp_2,lag_1,0.0
2026-09-20 11:19,mogp_2,ic_mean_5,0.0
2026-09-20 11:19,mogp_2,ic_std_5,0.0
2026-09-20 11:19,mogp_2,ic_slope_5,0.0
2026-09-20 11:19,mogp_2,volatility,0.0
2026-09-20 11:19,gp_3,lag_10,0.0
2026-09-20 11:19,gp_3,lag_9,0.0
2026-09-20 11:19,gp_3,lag_8,0.0
2026-09-20 11:19,gp_3,lag_7,0.0
2026-09-20 11:19,gp_3,lag_6,0.0
2026-09-20 11:19,gp_3,lag_5,0.0
2026-09-20 11:19,gp_3,lag_4,0.0
2026-09-20 11:19,gp_3,lag_3,0.0
2026-09-20 11:19,gp_3,lag_2,0.0
2026-09-20 11:19,gp_3,lag_1,0.0
2026-09-20 11:19,gp_3,ic_mean_5,0.0
2026-09-20 11:19,gp_3,ic_std_5,0.0
2026-09-20 11:19,gp_3,ic_slope_5,0.0
2026-09-20 11:19,gp_3,volatility,0.0
2026-09-20 11:19,gp_4,lag_10,0.0
2026-09-20 11:19,gp_4,lag_9,0.0
2026-09-20 11:19,gp_4,lag_8,0.0
2026-09-20 11:19,gp_4,lag_7,0.0
2026-09-20 11:19,gp_4,lag_6,0.0
2026-09-20 11:19,gp_4,lag_5,0.0
2026-09-20 11:19,gp_4,lag_4,0.0
2026-09-20 11:19,gp_4,lag_3,0.0
2026-09-20 11:19,gp_4,lag_2,0.0
2026-09-20 11:19,gp_4,lag_1,0.0
2026-09-20 11:19,gp_4,ic_mean_5,0.0
2026-09-20 11:19,gp_4,ic_std_5,0.0
2026-09-20 11:19,gp_4,ic_slope_5,0.0
2026-09-20 11:19,gp_4,volatility,0.0
2026-09-20 11:19,hybrid_1,lag_10,0.0
2026-09-20 11:19,hybrid_1,lag_9,0.0
2026-09-20 11:19,hybrid_1,lag_8,0.0
2026-09-20 11:19,hybrid_1,lag_7,0.0
2026-09-20 11:19,hybrid_1,lag_6,0.0
2026-09-20 11:19,hybrid_1,lag_5,0.0
2026-09-20 11:19,hybrid_1,lag_4,0.0
2026-09-20 11:19,hybrid_1,lag_3,0.0
2026-09-20 11:19,hybrid_1,lag_2,0.0
2026-09-20 11:19,hybrid_1,lag_1,0.0
2026-09-20 11:19,hybrid_1,ic_mean_5,0.0
2026-09-20 11:19,hybrid_1,ic_std_5,0.0
2026-09-20 11:19,hybrid_1,ic_slope_5,0.0
2026-09-20 11:19,hybrid_1,volatility,0.0
2026-09-20 11:19,volume_ratio_20,lag_10,0.0
2026-09-20 11:19,volume_ratio_20,lag_9,0.0
2026-09-20 11:19,volume_ratio_20,lag_8,0.0
2026-09-20 11:19,volume_ratio_20,lag_7,0.0
2026-09-20 11:19,volume_ratio_20,lag_6,0.0
2026-09-20 11:19,volume_ratio_20,lag_5,0.0
2026-09-20 11:19,volume_ratio_20,lag_4,0.0
2026-09-20 11:19,volume_ratio_20,lag_3,0.0
2026-09-20 11:19,volume_ratio_20,lag_2,0.0
2026-09-20 11:19,volume_ratio_20,lag_1,0.0
2026-09-20 11:19,volume_ratio_20,ic_mean_5,0.0
2026-09-20 11:19,volume_ratio_20,ic_std_5,0.0
2026-09-20 11:19,volume_ratio_20,ic_slope_5,0.0
2026-09-20 11:19,volume_ratio_20,volatility,0.0
2026-09-20 11:19,mogp_6,lag_10,0.0
2026-09-20 11:19,mogp_6,lag_9,0.0
2026-09-20 11:19,mogp_6,lag_8,0.0
2026-09-20 11:19,mogp_6,lag_7,0.0
2026-09-20 11:19,mogp_6,lag_6,0.0
2026-09-20 11:19,mogp_6,lag_5,0.0
2026-09-20 11:19,mogp_6,lag_4,0.0
2026-09-20 11:19,mogp_6,lag_3,0.0
2026-09-20 11:19,mogp_6,lag_2,0.0
2026-09-20 11:19,mogp_6,lag_1,0.0
2026-09-20 11:19,mogp_6,ic_mean_5,0.0
2026-09-20 11:19,mogp_6,ic_std_5,0.0
2026-09-20 11:19,mogp_6,ic_slope_5,0.0
2026-09-20 11:19,mogp_6,volatility,0.0
2026-09-21 15:12,gp_0,lag_10,0.0
2026-09-21 15:12,gp_0,lag_9,0.0
2026-09-21 15:12,gp_0,lag_8,0.0
2026-09-21 15:12,gp_0,lag_7,0.0
2026-09-21 15:12,gp_0,lag_6,0.0
2026-09-21 15:12,gp_0,lag_5,0.0
2026-09-21 15:12,gp_0,lag_4,0.0
2026-09-21 15:12,gp_0,lag_3,0.0
2026-09-21 15:12,gp_0,lag_2,0.0
2026-09-21 15:12,gp_0,lag_1,0.0
2026-09-21 15:12,gp_0,ic_mean_5,0.0
2026-09-21 15:12,gp_0,ic_std_5,0.0
2026-09-21 15:12,gp_0,ic_slope_5,0.0
2026-09-21 15:12,gp_0,volatility,0.0
2026-09-21 15:12,mogp_0,lag_10,0.0
2026-09-21 15:12,mogp_0,lag_9,0.0
2026-09-21 15:12,mogp_0,lag_8,0.0
2026-09-21 15:12,mogp_0,lag_7,0.0
2026-09-21 15:12,mogp_0,lag_6,0.0
2026-09-21 15:12,mogp_0,lag_5,0.0
2026-09-21 15:12,mogp_0,lag_4,0.0
2026-09-21 15:12,mogp_0,lag_3,0.0
2026-09-21 15:12,mogp_0,lag_2,0.0
2026-09-21 15:12,mogp_0,lag_1,0.0
2026-09-21 15:12,mogp_0,ic_mean_5,0.0
2026-09-21 15:12,mogp_0,ic_std_5,0.0
2026-09-21 15:12,mogp_0,ic_slope_5,0.0
2026-09-21 15:12,mogp_0,volatility,0.0
2026-09-21 15:12,gp_3,lag_10,0.0
2026-09-21 15:12,gp_3,lag_9,0.0
2026-09-21 15:12,gp_3,lag_8,0.0
2026-09-21 15:12,gp_3,lag_7,0.0
2026-09-21 15:12,gp_3,lag_6,0.0
2026-09-21 15:12,gp_3,lag_5,0.0
2026-09-21 15:12,gp_3,lag_4,0.0
2026-09-21 15:12,gp_3,lag_3,0.0
2026-09-21 15:12,gp_3,lag_2,0.0
2026-09-21 15:12,gp_3,lag_1,0.0
2026-09-21 15:12,gp_3,ic_mean_5,0.0
2026-09-21 15:12,gp_3,ic_std_5,0.0
2026-09-21 15:12,gp_3,ic_slope_5,0.0
2026-09-21 15:12,gp_3,volatility,0.0
2026-09-21 15:12,gp_4,lag_10,0.0
2026-09-21 15:12,gp_4,lag_9,0.0
2026-09-21 15:12,gp_4,lag_8,0.0
2026-09-21 15:12,gp_4,lag_7,0.0
2026-09-21 15:12,gp_4,lag_6,0.0
2026-09-21 15:12,gp_4,lag_5,0.0
2026-09-21 15:12,gp_4,lag_4,0.0
2026-09-21 15:12,gp_4,lag_3,0.0
2026-09-21 15:12,gp_4,lag_2,0.0
2026-09-21 15:12,gp_4,lag_1,0.0
2026-09-21 15:12,gp_4,ic_mean_5,0.0
2026-09-21 15:12,gp_4,ic_std_5,0.0
2026-09-21 15:12,gp_4,ic_slope_5,0.0
2026-09-21 15:12,gp_4,volatility,0.0
2026-09-21 15:12,hybrid_1,lag_10,0.0
2026-09-21 15:12,hybrid_1,lag_9,0.0
2026-09-21 15:12,hybrid_1,lag_8,0.0
2026-09-21 15:12,hybrid_1,lag_7,0.0
2026-09-21 15:12,hybrid_1,lag_6,0.0
2026-09-21 15:12,hybrid_1,lag_5,0.0
2026-09-21 15:12,hybrid_1,lag_4,0.0
2026-09-21 15:12,hybrid_1,lag_3,0.0
2026-09-21 15:12,hybrid_1,lag_2,0.0
2026-09-21 15:12,hybrid_1,lag_1,0.0
2026-09-21 15:12,hybrid_1,ic_mean_5,0.0
2026-09-21 15:12,hybrid_1,ic_std_5,0.0
2026-09-21 15:12,hybrid_1,ic_slope_5,0.0
2026-09-21 15:12,hybrid_1,volatility,0.0
2026-09-21 15:12,volume_ratio_20,lag_10,0.0
2026-09-21 15:12,volume_ratio_20,lag_9,0.0
2026-09-21 15:12,volume_ratio_20,lag_8,0.0
2026-09-21 15:12,volume_ratio_20,lag_7,0.0
2026-09-21 15:12,volume_ratio_20,lag_6,0.0
2026-09-21 15:12,volume_ratio_20,lag_5,0.0
2026-09-21 15:12,volume_ratio_20,lag_4,0.0
2026-09-21 15:12,volume_ratio_20,lag_3,0.0
2026-09-21 15:12,volume_ratio_20,lag_2,0.0
2026-09-21 15:12,volume_ratio_20,lag_1,0.0
2026-09-21 15:12,volume_ratio_20,ic_mean_5,0.0
2026-09-21 15:12,volume_ratio_20,ic_std_5,0.0
2026-09-21 15:12,volume_ratio_20,ic_slope_5,0.0
2026-09-21 15:12,volume_ratio_20,volatility,0.0
2026-09-21 15:12,mogp_4,lag_10,0.0
2026-09-21 15:12,mogp_4,lag_9,0.0
2026-09-21 15:12,mogp_4,lag_8,0.0
2026-09-21 15:12,mogp_4,lag_7,0.0
2026-09-21 15:12,mogp_4,lag_6,0.0
2026-09-21 15:12,mogp_4,lag_5,0.0
2026-09-21 15:12,mogp_4,lag_4,0.0
2026-09-21 15:12,mogp_4,lag_3,0.0
2026-09-21 15:12,mogp_4,lag_2,0.0
2026-09-21 15:12,mogp_4,lag_1,0.0
2026-09-21 15:12,mogp_4,ic_mean_5,0.0
2026-09-21 15:12,mogp_4,ic_std_5,0.0
2026-09-21 15:12,mogp_4,ic_slope_5,0.0
2026-09-21 15:12,mogp_4,volatility,0.0
2026-09-21 16:05,gp_0,lag_10,0.0
2026-09-21 16:05,gp_0,lag_9,0.0
2026-09-21 16:05,gp_0,lag_8,0.0
2026-09-21 16:05,gp_0,lag_7,0.0
2026-09-21 16:05,gp_0,lag_6,0.0
2026-09-21 16:05,gp_0,lag_5,0.0
2026-09-21 16:05,gp_0,lag_4,0.0
2026-09-21 16:05,gp_0,lag_3,0.0
2026-09-21 16:05,gp_0,lag_2,0.0
2026-09-21 16:05,gp_0,lag_1,0.0
2026-09-21 16:05,gp_0,ic_mean_5,0.0
2026-09-21 16:05,gp_0,ic_std_5,0.0
2026-09-21 16:05,gp_0,ic_slope_5,0.0
2026-09-21 16:05,gp_0,volatility,0.0
2026-09-21 16:05,mogp_0,lag_10,0.0
2026-09-21 16:05,mogp_0,lag_9,0.0
2026-09-21 16:05,mogp_0,lag_8,0.0
2026-09-21 16:05,mogp_0,lag_7,0.0
2026-09-21 16:05,mogp_0,lag_6,0.0
2026-09-21 16:05,mogp_0,lag_5,0.0
2026-09-21 16:05,mogp_0,lag_4,0.0
2026-09-21 16:05,mogp_0,lag_3,0.0
2026-09-21 16:05,mogp_0,lag_2,0.0
2026-09-21 16:05,mogp_0,lag_1,0.0
2026-09-21 16:05,mogp_0,ic_mean_5,0.0
2026-09-21 16:05,mogp_0,ic_std_5,0.0
2026-09-21 16:05,mogp_0,ic_slope_5,0.0
2026-09-21 16:05,mogp_0,volatility,0.0
2026-09-21 16:05,mogp_1,lag_10,0.0
2026-09-21 16:05,mogp_1,lag_9,0.0
2026-09-21 16:05,mogp_1,lag_8,0.0
2026-09-21 16:05,mogp_1,lag_7,0.0
2026-09-21 16:05,mogp_1,lag_6,0.0
2026-09-21 16:05,mogp_1,lag_5,0.0
2026-09-21 16:05,mogp_1,lag_4,0.0
2026-09-21 16:05,mogp_1,lag_3,0.0
2026-09-21 16:05,mogp_1,lag_2,0.0
2026-09-21 16:05,mogp_1,lag_1,0.0
2026-09-21 16:05,mogp_1,ic_mean_5,0.0
2026-09-21 16:05,mogp_1,ic_std_5,0.0
2026-09-21 16:05,mogp_1,ic_slope_5,0.0
2026-09-21 16:05,mogp_1,volatility,0.0
2026-09-21 16:05,gp_1,lag_10,0.0
2026-09-21 16:05,gp_1,lag_9,0.0
2026-09-21 16:05,gp_1,lag_8,0.0
2026-09-21 16:05,gp_1,lag_7,0.0
2026-09-21 16:05,gp_1,lag_6,0.0
2026-09-21 16:05,gp_1,lag_5,0.0
2026-09-21 16:05,gp_1,lag_4,0.0
2026-09-21 16:05,gp_1,lag_3,0.0
2026-09-21 16:05,gp_1,lag_2,0.0
2026-09-21 16:05,gp_1,lag_1,0.0
2026-09-21 16:05,gp_1,ic_mean_5,0.0
2026-09-21 16:05,gp_1,ic_std_5,0.0
2026-09-21 16:05,gp_1,ic_slope_5,0.0
2026-09-21 16:05,gp_1,volatility,0.0
2026-09-21 16:05,mogp_2,lag_10,0.0
2026-09-21 16:05,mogp_2,lag_9,0.0
2026-09-21 16:05,mogp_2,lag_8,0.0
2026-09-21 16:05,mogp_2,lag_7,0.0
2026-09-21 16:05,mogp_2,lag_6,0.0
2026-09-21 16:05,mogp_2,lag_5,0.0
2026-09-21 16:05,mogp_2,lag_4,0.0
2026-09-21 16:05,mogp_2,lag_3,0.0
2026-09-21 16:05,mogp_2,lag_2,0.0
2026-09-21 16:05,mogp_2,lag_1,0.0
2026-09-21 16:05,mogp_2,ic_mean_5,0.0
2026-09-21 16:05,mogp_2,ic_std_5,0.0
2026-09-21 16:05,mogp_2,ic_slope_5,0.0
2026-09-21 16:05,mogp_2,volatility,0.0
2026-09-21 16:05,gp_3,lag_10,0.0
2026-09-21 16:05,gp_3,lag_9,0.0
2026-09-21 16:05,gp_3,lag_8,0.0
2026-09-21 16:05,gp_3,lag_7,0.0
2026-09-21 16:05,gp_3,lag_6,0.0
2026-09-21 16:05,gp_3,lag_5,0.0
2026-09-21 16:05,gp_3,lag_4,0.0
2026-09-21 16:05,gp_3,lag_3,0.0
2026-09-21 16:05,gp_3,lag_2,0.0
2026-09-21 16:05,gp_3,lag_1,0.0
2026-09-21 16:05,gp_3,ic_mean_5,0.0
2026-09-21 16:05,gp_3,ic_std_5,0.0
2026-09-21 16:05,gp_3,ic_slope_5,0.0
2026-09-21 16:05,gp_3,volatility,0.0
2026-09-21 16:05,gp_4,lag_10,0.0
2026-09-21 16:05,gp_4,lag_9,0.0
2026-09-21 16:05,gp_4,lag_8,0.0
2026-09-21 16:05,gp_4,lag_7,0.0
2026-09-21 16:05,gp_4,lag_6,0.0
2026-09-21 16:05,gp_4,lag_5,0.0
2026-09-21 16:05,gp_4,lag_4,0.0
2026-09-21 16:05,gp_4,lag_3,0.0
2026-09-21 16:05,gp_4,lag_2,0.0
2026-09-21 16:05,gp_4,lag_1,0.0
2026-09-21 16:05,gp_4,ic_mean_5,0.0
2026-09-21 16:05,gp_4,ic_std_5,0.0
2026-09-21 16:05,gp_4,ic_slope_5,0.0
2026-09-21 16:05,gp_4,volatility,0.0
2026-09-21 16:05,hybrid_1,lag_10,0.0
2026-09-21 16:05,hybrid_1,lag_9,0.0
2026-09-21 16:05,hybrid_1,lag_8,0.0
2026-09-21 16:05,hybrid_1,lag_7,0.0
2026-09-21 16:05,hybrid_1,lag_6,0.0
2026-09-21 16:05,hybrid_1,lag_5,0.0
2026-09-21 16:05,hybrid_1,lag_4,0.0
2026-09-21 16:05,hybrid_1,lag_3,0.0
2026-09-21 16:05,hybrid_1,lag_2,0.0
2026-09-21 16:05,hybrid_1,lag_1,0.0
2026-09-21 16:05,hybrid_1,ic_mean_5,0.0
2026-09-21 16:05,hybrid_1,ic_std_5,0.0
2026-09-21 16:05,hybrid_1,ic_slope_5,0.0
2026-09-21 16:05,hybrid_1,volatility,0.0
2026-09-21 16:05,volume_ratio_20,lag_10,0.0
2026-09-21 16:05,volume_ratio_20,lag_9,0.0
2026-09-21 16:05,volume_ratio_20,lag_8,0.0
2026-09-21 16:05,volume_ratio_20,lag_7,0.0
2026-09-21 16:05,volume_ratio_20,lag_6,0.0
2026-09-21 16:05,volume_ratio_20,lag_5,0.0
2026-09-21 16:05,volume_ratio_20,lag_4,0.0
2026-09-21 16:05,volume_ratio_20,lag_3,0.0
2026-09-21 16:05,volume_ratio_20,lag_2,0.0
2026-09-21 16:05,volume_ratio_20,lag_1,0.0
2026-09-21 16:05,volume_ratio_20,ic_mean_5,0.0
2026-09-21 16:05,volume_ratio_20,ic_std_5,0.0
2026-09-21 16:05,volume_ratio_20,ic_slope_5,0.0
2026-09-21 16:05,volume_ratio_20,volatility,0.0
2026-09-21 16:05,mogp_6,lag_10,0.0
2026-09-21 16:05,mogp_6,lag_9,0.0
2026-09-21 16:05,mogp_6,lag_8,0.0
2026-09-21 16:05,mogp_6,lag_7,0.0
2026-09-21 16:05,mogp_6,lag_6,0.0
2026-09-21 16:05,mogp_6,lag_5,0.0
2026-09-21 16:05,mogp_6,lag_4,0.0
2026-09-21 16:05,mogp_6,lag_3,0.0
2026-09-21 16:05,mogp_6,lag_2,0.0
2026-09-21 16:05,mogp_6,lag_1,0.0
2026-09-21 16:05,mogp_6,ic_mean_5,0.0
2026-09-21 16:05,mogp_6,ic_std_5,0.0
2026-09-21 16:05,mogp_6,ic_slope_5,0.0
2026-09-21 16:05,mogp_6,volatility,0.0
2026-09-21 16:15,gp_0,lag_10,0.0
2026-09-21 16:15,gp_0,lag_9,0.0
2026-09-21 16:15,gp_0,lag_8,0.0
2026-09-21 16:15,gp_0,lag_7,0.0
2026-09-21 16:15,gp_0,lag_6,0.0
2026-09-21 16:15,gp_0,lag_5,0.0
2026-09-21 16:15,gp_0,lag_4,0.0
2026-09-21 16:15,gp_0,lag_3,0.0
2026-09-21 16:15,gp_0,lag_2,0.0
2026-09-21 16:15,gp_0,lag_1,0.0
2026-09-21 16:15,gp_0,ic_mean_5,0.0
2026-09-21 16:15,gp_0,ic_std_5,0.0
2026-09-21 16:15,gp_0,ic_slope_5,0.0
2026-09-21 16:15,gp_0,volatility,0.0
2026-09-21 16:15,mogp_0,lag_10,0.0
2026-09-21 16:15,mogp_0,lag_9,0.0
2026-09-21 16:15,mogp_0,lag_8,0.0
2026-09-21 16:15,mogp_0,lag_7,0.0
2026-09-21 16:15,mogp_0,lag_6,0.0
2026-09-21 16:15,mogp_0,lag_5,0.0
2026-09-21 16:15,mogp_0,lag_4,0.0
2026-09-21 16:15,mogp_0,lag_3,0.0
2026-09-21 16:15,mogp_0,lag_2,0.0
2026-09-21 16:15,mogp_0,lag_1,0.0
2026-09-21 16:15,mogp_0,ic_mean_5,0.0
2026-09-21 16:15,mogp_0,ic_std_5,0.0
2026-09-21 16:15,mogp_0,ic_slope_5,0.0
2026-09-21 16:15,mogp_0,volatility,0.0
2026-09-21 16:15,gp_3,lag_10,0.0
2026-09-21 16:15,gp_3,lag_9,0.0
2026-09-21 16:15,gp_3,lag_8,0.0
2026-09-21 16:15,gp_3,lag_7,0.0
2026-09-21 16:15,gp_3,lag_6,0.0
2026-09-21 16:15,gp_3,lag_5,0.0
2026-09-21 16:15,gp_3,lag_4,0.0
2026-09-21 16:15,gp_3,lag_3,0.0
2026-09-21 16:15,gp_3,lag_2,0.0
2026-09-21 16:15,gp_3,lag_1,0.0
2026-09-21 16:15,gp_3,ic_mean_5,0.0
2026-09-21 16:15,gp_3,ic_std_5,0.0
2026-09-21 16:15,gp_3,ic_slope_5,0.0
2026-09-21 16:15,gp_3,volatility,0.0
2026-09-21 16:15,gp_4,lag_10,0.0
2026-09-21 16:15,gp_4,lag_9,0.0
2026-09-21 16:15,gp_4,lag_8,0.0
2026-09-21 16:15,gp_4,lag_7,0.0
2026-09-21 16:15,gp_4,lag_6,0.0
2026-09-21 16:15,gp_4,lag_5,0.0
2026-09-21 16:15,gp_4,lag_4,0.0
2026-09-21 16:15,gp_4,lag_3,0.0
2026-09-21 16:15,gp_4,lag_2,0.0
2026-09-21 16:15,gp_4,lag_1,0.0
2026-09-21 16:15,gp_4,ic_mean_5,0.0
2026-09-21 16:15,gp_4,ic_std_5,0.0
2026-09-21 16:15,gp_4,ic_slope_5,0.0
2026-09-21 16:15,gp_4,volatility,0.0
2026-09-21 16:15,hybrid_1,lag_10,0.0
2026-09-21 16:15,hybrid_1,lag_9,0.0
2026-09-21 16:15,hybrid_1,lag_8,0.0
2026-09-21 16:15,hybrid_1,lag_7,0.0
2026-09-21 16:15,hybrid_1,lag_6,0.0
2026-09-21 16:15,hybrid_1,lag_5,0.0
2026-09-21 16:15,hybrid_1,lag_4,0.0
2026-09-21 16:15,hybrid_1,lag_3,0.0
2026-09-21 16:15,hybrid_1,lag_2,0.0
2026-09-21 16:15,hybrid_1,lag_1,0.0
2026-09-21 16:15,hybrid_1,ic_mean_5,0.0
2026-09-21 16:15,hybrid_1,ic_std_5,0.0
2026-09-21 16:15,hybrid_1,ic_slope_5,0.0
2026-09-21 16:15,hybrid_1,volatility,0.0
2026-09-21 16:15,volume_ratio_20,lag_10,0.0
2026-09-21 16:15,volume_ratio_20,lag_9,0.0
2026-09-21 16:15,volume_ratio_20,lag_8,0.0
2026-09-21 16:15,volume_ratio_20,lag_7,0.0
2026-09-21 16:15,volume_ratio_20,lag_6,0.0
2026-09-21 16:15,volume_ratio_20,lag_5,0.0
2026-09-21 16:15,volume_ratio_20,lag_4,0.0
2026-09-21 16:15,volume_ratio_20,lag_3,0.0
2026-09-21 16:15,volume_ratio_20,lag_2,0.0
2026-09-21 16:15,volume_ratio_20,lag_1,0.0
2026-09-21 16:15,volume_ratio_20,ic_mean_5,0.0
2026-09-21 16:15,volume_ratio_20,ic_std_5,0.0
2026-09-21 16:15,volume_ratio_20,ic_slope_5,0.0
2026-09-21 16:15,volume_ratio_20,volatility,0.0
2026-09-21 16:15,mogp_4,lag_10,0.0
2026-09-21 16:15,mogp_4,lag_9,0.0
2026-09-21 16:15,mogp_4,lag_8,0.0
2026-09-21 16:15,mogp_4,lag_7,0.0
2026-09-21 16:15,mogp_4,lag_6,0.0
2026-09-21 16:15,mogp_4,lag_5,0.0
2026-09-21 16:15,mogp_4,lag_4,0.0
2026-09-21 16:15,mogp_4,lag_3,0.0
2026-09-21 16:15,mogp_4,lag_2,0.0
2026-09-21 16:15,mogp_4,lag_1,0.0
2026-09-21 16:15,mogp_4,ic_mean_5,0.0
2026-09-21 16:15,mogp_4,ic_std_5,0.0
2026-09-21 16:15,mogp_4,ic_slope_5,0.0
2026-09-21 16:15,mogp_4,volatility,0.0
2026-09-22 17:44,gp_0,lag_10,0.0
2026-09-22 17:44,gp_0,lag_9,0.0
2026-09-22 17:44,gp_0,lag_8,0.0
2026-09-22 17:44,gp_0,lag_7,0.0
2026-09-22 17:44,gp_0,lag_6,0.0
2026-09-22 17:44,gp_0,lag_5,0.0
2026-09-22 17:44,gp_0,lag_4,0.0
2026-09-22 17:44,gp_0,lag_3,0.0
2026-09-22 17:44,gp_0,lag_2,0.0
2026-09-22 17:44,gp_0,lag_1,0.0
2026-09-22 17:44,gp_0,ic_mean_5,0.0
2026-09-22 17:44,gp_0,ic_std_5,0.0
2026-09-22 17:44,gp_0,ic_slope_5,0.0
2026-09-22 17:44,gp_0,volatility,0.0
2026-09-22 17:44,mogp_0,lag_10,0.0
2026-09-22 17:44,mogp_0,lag_9,0.0
2026-09-22 17:44,mogp_0,lag_8,0.0
2026-09-22 17:44,mogp_0,lag_7,0.0
2026-09-22 17:44,mogp_0,lag_6,0.0
2026-09-22 17:44,mogp_0,lag_5,0.0
2026-09-22 17:44,mogp_0,lag_4,0.0
2026-09-22 17:44,mogp_0,lag_3,0.0
2026-09-22 17:44,mogp_0,lag_2,0.0
2026-09-22 17:44,mogp_0,lag_1,0.0
2026-09-22 17:44,mogp_0,ic_mean_5,0.0
2026-09-22 17:44,mogp_0,ic_std_5,0.0
2026-09-22 17:44,mogp_0,ic_slope_5,0.0
2026-09-22 17:44,mogp_0,volatility,0.0
2026-09-22 17:44,mogp_1,lag_10,0.0
2026-09-22 17:44,mogp_1,lag_9,0.0
2026-09-22 17:44,mogp_1,lag_8,0.0
2026-09-22 17:44,mogp_1,lag_7,0.0
2026-09-22 17:44,mogp_1,lag_6,0.0
2026-09-22 17:44,mogp_1,lag_5,0.0
2026-09-22 17:44,mogp_1,lag_4,0.0
2026-09-22 17:44,mogp_1,lag_3,0.0
2026-09-22 17:44,mogp_1,lag_2,0.0
2026-09-22 17:44,mogp_1,lag_1,0.0
2026-09-22 17:44,mogp_1,ic_mean_5,0.0
2026-09-22 17:44,mogp_1,ic_std_5,0.0
2026-09-22 17:44,mogp_1,ic_slope_5,0.0
2026-09-22 17:44,mogp_1,volatility,0.0
2026-09-22 17:44,gp_1,lag_10,0.0
2026-09-22 17:44,gp_1,lag_9,0.0
2026-09-22 17:44,gp_1,lag_8,0.0
2026-09-22 17:44,gp_1,lag_7,0.0
2026-09-22 17:44,gp_1,lag_6,0.0
2026-09-22 17:44,gp_1,lag_5,0.0
2026-09-22 17:44,gp_1,lag_4,0.0
2026-09-22 17:44,gp_1,lag_3,0.0
2026-09-22 17:44,gp_1,lag_2,0.0
2026-09-22 17:44,gp_1,lag_1,0.0
2026-09-22 17:44,gp_1,ic_mean_5,0.0
2026-09-22 17:44,gp_1,ic_std_5,0.0
2026-09-22 17:44,gp_1,ic_slope_5,0.0
2026-09-22 17:44,gp_1,volatility,0.0
2026-09-22 17:44,mogp_2,lag_10,0.0
2026-09-22 17:44,mogp_2,lag_9,0.0
2026-09-22 17:44,mogp_2,lag_8,0.0
2026-09-22 17:44,mogp_2,lag_7,0.0
2026-09-22 17:44,mogp_2,lag_6,0.0
2026-09-22 17:44,mogp_2,lag_5,0.0
2026-09-22 17:44,mogp_2,lag_4,0.0
2026-09-22 17:44,mogp_2,lag_3,0.0
2026-09-22 17:44,mogp_2,lag_2,0.0
2026-09-22 17:44,mogp_2,lag_1,0.0
2026-09-22 17:44,mogp_2,ic_mean_5,0.0
2026-09-22 17:44,mogp_2,ic_std_5,0.0
2026-09-22 17:44,mogp_2,ic_slope_5,0.0
2026-09-22 17:44,mogp_2,volatility,0.0
2026-09-22 17:44,gp_3,lag_10,0.0
2026-09-22 17:44,gp_3,lag_9,0.0
2026-09-22 17:44,gp_3,lag_8,0.0
2026-09-22 17:44,gp_3,lag_7,0.0
2026-09-22 17:44,gp_3,lag_6,0.0
2026-09-22 17:44,gp_3,lag_5,0.0
2026-09-22 17:44,gp_3,lag_4,0.0
2026-09-22 17:44,gp_3,lag_3,0.0
2026-09-22 17:44,gp_3,lag_2,0.0
2026-09-22 17:44,gp_3,lag_1,0.0
2026-09-22 17:44,gp_3,ic_mean_5,0.0
2026-09-22 17:44,gp_3,ic_std_5,0.0
2026-09-22 17:44,gp_3,ic_slope_5,0.0
2026-09-22 17:44,gp_3,volatility,0.0
2026-09-22 17:44,gp_4,lag_10,0.0
2026-09-22 17:44,gp_4,lag_9,0.0
2026-09-22 17:44,gp_4,lag_8,0.0
2026-09-22 17:44,gp_4,lag_7,0.0
2026-09-22 17:44,gp_4,lag_6,0.0
2026-09-22 17:44,gp_4,lag_5,0.0
2026-09-22 17:44,gp_4,lag_4,0.0
2026-09-22 17:44,gp_4,lag_3,0.0
2026-09-22 17:44,gp_4,lag_2,0.0
2026-09-22 17:44,gp_4,lag_1,0.0
2026-09-22 17:44,gp_4,ic_mean_5,0.0
2026-09-22 17:44,gp_4,ic_std_5,0.0
2026-09-22 17:44,gp_4,ic_slope_5,0.0
2026-09-22 17:44,gp_4,volatility,0.0
2026-09-22 17:44,hybrid_1,lag_10,0.0
2026-09-22 17:44,hybrid_1,lag_9,0.0
2026-09-22 17:44,hybrid_1,lag_8,0.0
2026-09-22 17:44,hybrid_1,lag_7,0.0
2026-09-22 17:44,hybrid_1,lag_6,0.0
2026-09-22 17:44,hybrid_1,lag_5,0.0
2026-09-22 17:44,hybrid_1,lag_4,0.0
2026-09-22 17:44,hybrid_1,lag_3,0.0
2026-09-22 17:44,hybrid_1,lag_2,0.0
2026-09-22 17:44,hybrid_1,lag_1,0.0
2026-09-22 17:44,hybrid_1,ic_mean_5,0.0
2026-09-22 17:44,hybrid_1,ic_std_5,0.0
2026-09-22 17:44,hybrid_1,ic_slope_5,0.0
2026-09-22 17:44,hybrid_1,volatility,0.0
2026-09-22 17:44,volume_ratio_20,lag_10,0.0
2026-09-22 17:44,volume_ratio_20,lag_9,0.0
2026-09-22 17:44,volume_ratio_20,lag_8,0.0
2026-09-22 17:44,volume_ratio_20,lag_7,0.0
2026-09-22 17:44,volume_ratio_20,lag_6,0.0
2026-09-22 17:44,volume_ratio_20,lag_5,0.0
2026-09-22 17:44,volume_ratio_20,lag_4,0.0
2026-09-22 17:44,volume_ratio_20,lag_3,0.0
2026-09-22 17:44,volume_ratio_20,lag_2,0.0
2026-09-22 17:44,volume_ratio_20,lag_1,0.0
2026-09-22 17:44,volume_ratio_20,ic_mean_5,0.0
2026-09-22 17:44,volume_ratio_20,ic_std_5,0.0
2026-09-22 17:44,volume_ratio_20,ic_slope_5,0.0
2026-09-22 17:44,volume_ratio_20,volatility,0.0
2026-09-22 17:44,mogp_6,lag_10,0.0
2026-09-22 17:44,mogp_6,lag_9,0.0
2026-09-22 17:44,mogp_6,lag_8,0.0
2026-09-22 17:44,mogp_6,lag_7,0.0
2026-09-22 17:44,mogp_6,lag_6,0.0
2026-09-22 17:44,mogp_6,lag_5,0.0
2026-09-22 17:44,mogp_6,lag_4,0.0
2026-09-22 17:44,mogp_6,lag_3,0.0
2026-09-22 17:44,mogp_6,lag_2,0.0
2026-09-22 17:44,mogp_6,lag_1,0.0
2026-09-22 17:44,mogp_6,ic_mean_5,0.0
2026-09-22 17:44,mogp_6,ic_std_5,0.0
2026-09-22 17:44,mogp_6,ic_slope_5,0.0
2026-09-22 17:44,mogp_6,volatility,0.0
2026-09-24 20:10,gp_0,lag_10,0.0
2026-09-24 20:10,gp_0,lag_9,0.0
2026-09-24 20:10,gp_0,lag_8,0.0
2026-09-24 20:10,gp_0,lag_7,0.0
2026-09-24 20:10,gp_0,lag_6,0.0
2026-09-24 20:10,gp_0,lag_5,0.0
2026-09-24 20:10,gp_0,lag_4,0.0
2026-09-24 20:10,gp_0,lag_3,0.0
2026-09-24 20:10,gp_0,lag_2,0.0
2026-09-24 20:10,gp_0,lag_1,0.0
2026-09-24 20:10,gp_0,ic_mean_5,0.0
2026-09-24 20:10,gp_0,ic_std_5,0.0
2026-09-24 20:10,gp_0,ic_slope_5,0.0
2026-09-24 20:10,gp_0,volatility,0.0
2026-09-24 20:10,gp_1,lag_10,0.0
2026-09-24 20:10,gp_1,lag_9,0.0
2026-09-24 20:10,gp_1,lag_8,0.0
2026-09-24 20:10,gp_1,lag_7,0.0
2026-09-24 20:10,gp_1,lag_6,0.0
2026-09-24 20:10,gp_1,lag_5,0.0
2026-09-24 20:10,gp_1,lag_4,0.0
2026-09-24 20:10,gp_1,lag_3,0.0
2026-09-24 20:10,gp_1,lag_2,0.0
2026-09-24 20:10,gp_1,lag_1,0.0
2026-09-24 20:10,gp_1,ic_mean_5,0.0
2026-09-24 20:10,gp_1,ic_std_5,0.0
2026-09-24 20:10,gp_1,ic_slope_5,0.0
2026-09-24 20:10,gp_1,volatility,0.0
2026-09-24 20:10,mogp_3,lag_10,0.0
2026-09-24 20:10,mogp_3,lag_9,0.0
2026-09-24 20:10,mogp_3,lag_8,0.0
2026-09-24 20:10,mogp_3,lag_7,0.0
2026-09-24 20:10,mogp_3,lag_6,0.0
2026-09-24 20:10,mogp_3,lag_5,0.0
2026-09-24 20:10,mogp_3,lag_4,0.0
2026-09-24 20:10,mogp_3,lag_3,0.0
2026-09-24 20:10,mogp_3,lag_2,0.0
2026-09-24 20:10,mogp_3,lag_1,0.0
2026-09-24 20:10,mogp_3,ic_mean_5,0.0
2026-09-24 20:10,mogp_3,ic_std_5,0.0
2026-09-24 20:10,mogp_3,ic_slope_5,0.0
2026-09-24 20:10,mogp_3,volatility,0.0
2026-09-24 20:10,reversal_5,lag_10,0.0
2026-09-24 20:10,reversal_5,lag_9,0.0
2026-09-24 20:10,reversal_5,lag_8,0.0
2026-09-24 20:10,reversal_5,lag_7,0.0
2026-09-24 20:10,reversal_5,lag_6,0.0
2026-09-24 20:10,reversal_5,lag_5,0.0
2026-09-24 20:10,reversal_5,lag_4,0.0
2026-09-24 20:10,reversal_5,lag_3,0.0
2026-09-24 20:10,reversal_5,lag_2,0.0
2026-09-24 20:10,reversal_5,lag_1,0.0
2026-09-24 20:10,reversal_5,ic_mean_5,0.0
2026-09-24 20:10,reversal_5,ic_std_5,0.0
2026-09-24 20:10,reversal_5,ic_slope_5,0.0
2026-09-24 20:10,reversal_5,volatility,0.0
2026-09-24 20:10,mogp_5,lag_10,0.0
2026-09-24 20:10,mogp_5,lag_9,0.0
2026-09-24 20:10,mogp_5,lag_8,0.0
2026-09-24 20:10,mogp_5,lag_7,0.0
2026-09-24 20:10,mogp_5,lag_6,0.0
2026-09-24 20:10,mogp_5,lag_5,0.0
2026-09-24 20:10,mogp_5,lag_4,0.0
2026-09-24 20:10,mogp_5,lag_3,0.0
2026-09-24 20:10,mogp_5,lag_2,0.0
2026-09-24 20:10,mogp_5,lag_1,0.0
2026-09-24 20:10,mogp_5,ic_mean_5,0.0
2026-09-24 20:10,mogp_5,ic_std_5,0.0
2026-09-24 20:10,mogp_5,ic_slope_5,0.0
2026-09-24 20:10,mogp_5,volatility,0.0
2026-09-24 20:10,hybrid_7,lag_10,0.0
2026-09-24 20:10,hybrid_7,lag_9,0.0
2026-09-24 20:10,hybrid_7,lag_8,0.0
2026-09-24 20:10,hybrid_7,lag_7,0.0
2026-09-24 20:10,hybrid_7,lag_6,0.0
2026-09-24 20:10,hybrid_7,lag_5,0.0
2026-09-24 20:10,hybrid_7,lag_4,0.0
2026-09-24 20:10,hybrid_7,lag_3,0.0
2026-09-24 20:10,hybrid_7,lag_2,0.0
2026-09-24 20:10,hybrid_7,lag_1,0.0
2026-09-24 20:10,hybrid_7,ic_mean_5,0.0
2026-09-24 20:10,hybrid_7,ic_std_5,0.0
2026-09-24 20:10,hybrid_7,ic_slope_5,0.0
2026-09-24 20:10,hybrid_7,volatility,0.0
2026-09-24 20:10,momentum_20,lag_10,0.0
2026-09-24 20:10,momentum_20,lag_9,0.0
2026-09-24 20:10,momentum_20,lag_8,0.0
2026-09-24 20:10,momentum_20,lag_7,0.0
2026-09-24 20:10,momentum_20,lag_6,0.0
2026-09-24 20:10,momentum_20,lag_5,0.0
2026-09-24 20:10,momentum_20,lag_4,0.0
2026-09-24 20:10,momentum_20,lag_3,0.0
2026-09-24 20:10,momentum_20,lag_2,0.0
2026-09-24 20:10,momentum_20,lag_1,0.0
2026-09-24 20:10,momentum_20,ic_mean_5,0.0
2026-09-24 20:10,momentum_20,ic_std_5,0.0
2026-09-24 20:10,momentum_20,ic_slope_5,0.0
2026-09-24 20:10,momentum_20,volatility,0.0
2026-09-25 08:29,5-day SMA of Price,lag_10,0.0
2026-09-25 08:29,5-day SMA of Price,lag_9,0.0
2026-09-25 08:29,5-day SMA of Price,lag_8,0.0
2026-09-25 08:29,5-day SMA of Price,lag_7,0.0
2026-09-25 08:29,5-day SMA of Price,lag_6,0.0
2026-09-25 08:29,5-day SMA of Price,lag_5,0.0
2026-09-25 08:29,5-day SMA of Price,lag_4,0.0
2026-09-25 08:29,5-day SMA of Price,lag_3,0.0
2026-09-25 08:29,5-day SMA of Price,lag_2,0.0
2026-09-25 08:29,5-day SMA of Price,lag_1,0.0
2026-09-25 08:29,5-day SMA of Price,ic_mean_5,0.0
2026-09-25 08:29,5-day SMA of Price,ic_std_5,0.0
2026-09-25 08:29,5-day SMA of Price,ic_slope_5,0.0
2026-09-25 08:29,5-day SMA of Price,volatility,0.0
2026-09-25 08:29,reversal_5,lag_10,0.0
2026-09-25 08:29,reversal_5,lag_9,0.0
2026-09-25 08:29,reversal_5,lag_8,0.0
2026-09-25 08:29,reversal_5,lag_7,0.0
2026-09-25 08:29,reversal_5,lag_6,0.0
2026-09-25 08:29,reversal_5,lag_5,0.0
2026-09-25 08:29,reversal_5,lag_4,0.0
2026-09-25 08:29,reversal_5,lag_3,0.0
2026-09-25 08:29,reversal_5,lag_2,0.0
2026-09-25 08:29,reversal_5,lag_1,0.0
2026-09-25 08:29,reversal_5,ic_mean_5,0.0
2026-09-25 08:29,reversal_5,ic_std_5,0.0
2026-09-25 08:29,reversal_5,ic_slope_5,0.0
2026-09-25 08:29,reversal_5,volatility,0.0
2026-09-25 08:29,1-day SMA of Price over 60-day MAX of Price,lag_10,0.0
2026-09-25 08:29,1-day SMA of Price over 60-day MAX of Price,lag_9,0.0
2026-09-25 08:29,1-day SMA of Price over 60-day MAX of Price,lag_8,0.0
2026-09-25 08:29,1-day SMA of Price over 60-day MAX of Price,lag_7,0.0
2026-09-25 08:29,1-day SMA of Price over 60-day MAX of Price,lag_6,0.0
2026-09-25 08:29,1-day SMA of Price over 60-day MAX of Price,lag_5,0.0
2026-09-25 08:29,1-day SMA of Price over 60-day MAX of Price,lag_4,0.0
2026-09-25 08:29,1-day SMA of Price over 60-day MAX of Price,lag_3,0.0
2026-09-25 08:29,1-day SMA of Price over 60-day MAX of Price,lag_2,0.0
2026-09-25 08:29,1-day SMA of Price over 60-day MAX of Price,lag_1,0.0
2026-09-25 08:29,1-day SMA of Price over 60-day MAX of Price,ic_mean_5,0.0
2026-09-25 08:29,1-day SMA of Price over 60-day MAX of Price,ic_std_5,0.0
2026-09-25 08:29,1-day SMA of Price over 60-day MAX of Price,ic_slope_5,0.0
2026-09-25 08:29,1-day SMA of Price over 60-day MAX of Price,volatility,0.0
2026-09-27 12:06,reversal_5,lag_10,0.0
2026-09-27 12:06,reversal_5,lag_9,0.0
2026-09-27 12:06,reversal_5,lag_8,0.0
2026-09-27 12:06,reversal_5,lag_7,0.0
2026-09-27 12:06,reversal_5,lag_6,0.0
2026-09-27 12:06,reversal_5,lag_5,0.0
2026-09-27 12:06,reversal_5,lag_4,0.0
2026-09-27 12:06,reversal_5,lag_3,0.0
2026-09-27 12:06,reversal_5,lag_2,0.0
2026-09-27 12:06,reversal_5,lag_1,0.0
2026-09-27 12:06,reversal_5,ic_mean_5,0.0
2026-09-27 12:06,reversal_5,ic_std_5,0.0
2026-09-27 12:06,reversal_5,ic_slope_5,0.0
2026-09-27 12:06,reversal_5,volatility,0.0
2026-09-27 12:06,volatility_20,lag_10,0.0
2026-09-27 12:06,volatility_20,lag_9,0.0
2026-09-27 12:06,volatility_20,lag_8,0.0
2026-09-27 12:06,volatility_20,lag_7,0.0
2026-09-27 12:06,volatility_20,lag_6,0.0
2026-09-27 12:06,volatility_20,lag_5,0.0
2026-09-27 12:06,volatility_20,lag_4,0.0
2026-09-27 12:06,volatility_20,lag_3,0.0
2026-09-27 12:06,volatility_20,lag_2,0.0
2026-09-27 12:06,volatility_20,lag_1,0.0
2026-09-27 12:06,volatility_20,ic_mean_5,0.0
2026-09-27 12:06,volatility_20,ic_std_5,0.0
2026-09-27 12:06,volatility_20,ic_slope_5,0.0
2026-09-27 12:06,volatility_20,volatility,0.0
2026-09-27 12:06,momentum_20,lag_10,0.0
2026-09-27 12:06,momentum_20,lag_9,0.0
2026-09-27 12:06,momentum_20,lag_8,0.0
2026-09-27 12:06,momentum_20,lag_7,0.0
2026-09-27 12:06,momentum_20,lag_6,0.0
2026-09-27 12:06,momentum_20,lag_5,0.0
2026-09-27 12:06,momentum_20,lag_4,0.0
2026-09-27 12:06,momentum_20,lag_3,0.0
2026-09-27 12:06,momentum_20,lag_2,0.0
2026-09-27 12:06,momentum_20,lag_1,0.0
2026-09-27 12:06,momentum_20,ic_mean_5,0.0
2026-09-27 12:06,momentum_20,ic_std_5,0.0
2026-09-27 12:06,momentum_20,ic_slope_5,0.0
2026-09-27 12:06,momentum_20,volatility,0.0
2026-09-27 12:06,volume_ratio_20,lag_10,0.0
2026-09-27 12:06,volume_ratio_20,lag_9,0.0
2026-09-27 12:06,volume_ratio_20,lag_8,0.0
2026-09-27 12:06,volume_ratio_20,lag_7,0.0
2026-09-27 12:06,volume_ratio_20,lag_6,0.0
2026-09-27 12:06,volume_ratio_20,lag_5,0.0
2026-09-27 12:06,volume_ratio_20,lag_4,0.0
2026-09-27 12:06,volume_ratio_20,lag_3,0.0
2026-09-27 12:06,volume_ratio_20,lag_2,0.0
2026-09-27 12:06,volume_ratio_20,lag_1,0.0
2026-09-27 12:06,volume_ratio_20,ic_mean_5,0.0
2026-09-27 12:06,volume_ratio_20,ic_std_5,0.0
2026-09-27 12:06,volume_ratio_20,ic_slope_5,0.0
2026-09-27 12:06,volume_ratio_20,volatility,0.0
2026-09-28 22:34,reversal_5,lag_10,0.0
2026-09-28 22:34,reversal_5,lag_9,0.0
2026-09-28 22:34,reversal_5,lag_8,0.0
2026-09-28 22:34,reversal_5,lag_7,0.0
2026-09-28 22:34,reversal_5,lag_6,0.0
2026-09-28 22:34,reversal_5,lag_5,0.0
2026-09-28 22:34,reversal_5,lag_4,0.0
2026-09-28 22:34,reversal_5,lag_3,0.0
2026-09-28 22:34,reversal_5,lag_2,0.0
2026-09-28 22:34,reversal_5,lag_1,0.0
2026-09-28 22:34,reversal_5,ic_mean_5,0.0
2026-09-28 22:34,reversal_5,ic_std_5,0.0
2026-09-28 22:34,reversal_5,ic_slope_5,0.0
2026-09-28 22:34,reversal_5,volatility,0.0
2026-09-28 22:34,volatility_20,lag_10,0.0
2026-09-28 22:34,volatility_20,lag_9,0.0
2026-09-28 22:34,volatility_20,lag_8,0.0
2026-09-28 22:34,volatility_20,lag_7,0.0
2026-09-28 22:34,volatility_20,lag_6,0.0
2026-09-28 22:34,volatility_20,lag_5,0.0
2026-09-28 22:34,volatility_20,lag_4,0.0
2026-09-28 22:34,volatility_20,lag_3,0.0
2026-09-28 22:34,volatility_20,lag_2,0.0
2026-09-28 22:34,volatility_20,lag_1,0.0
2026-09-28 22:34,volatility_20,ic_mean_5,0.0
2026-09-28 22:34,volatility_20,ic_std_5,0.0
2026-09-28 22:34,volatility_20,ic_slope_5,0.0
2026-09-28 22:34,volatility_20,volatility,0.0
2026-09-28 22:34,ma_ratio_10_30,lag_10,0.0
2026-09-28 22:34,ma_ratio_10_30,lag_9,0.0
2026-09-28 22:34,ma_ratio_10_30,lag_8,0.0
2026-09-28 22:34,ma_ratio_10_30,lag_7,0.0
2026-09-28 22:34,ma_ratio_10_30,lag_6,0.0
2026-09-28 22:34,ma_ratio_10_30,lag_5,0.0
2026-09-28 22:34,ma_ratio_10_30,lag_4,0.0
2026-09-28 22:34,ma_ratio_10_30,lag_3,0.0
2026-09-28 22:34,ma_ratio_10_30,lag_2,0.0
2026-09-28 22:34,ma_ratio_10_30,lag_1,0.0
2026-09-28 22:34,ma_ratio_10_30,ic_mean_5,0.0
2026-09-28 22:34,ma_ratio_10_30,ic_std_5,0.0
2026-09-28 22:34,ma_ratio_10_30,ic_slope_5,0.0
2026-09-28 22:34,ma_ratio_10_30,volatility,0.0
2026-09-28 22:34,volume_ratio_20,lag_10,0.0
2026-09-28 22:34,volume_ratio_20,lag_9,0.0
2026-09-28 22:34,volume_ratio_20,lag_8,0.0
2026-09-28 22:34,volume_ratio_20,lag_7,0.0
2026-09-28 22:34,volume_ratio_20,lag_6,0.0
2026-09-28 22:34,volume_ratio_20,lag_5,0.0
2026-09-28 22:34,volume_ratio_20,lag_4,0.0
2026-09-28 22:34,volume_ratio_20,lag_3,0.0
2026-09-28 22:34,volume_ratio_20,lag_2,0.0
2026-09-28 22:34,volume_ratio_20,lag_1,0.0
2026-09-28 22:34,volume_ratio_20,ic_mean_5,0.0
2026-09-28 22:34,volume_ratio_20,ic_std_5,0.0
2026-09-28 22:34,volume_ratio_20,ic_slope_5,0.0
2026-09-28 22:34,volume_ratio_20,volatility,0.0
2026-09-29 02:18,reversal_5,lag_10,0.0
2026-09-29 02:18,reversal_5,lag_9,0.0
2026-09-29 02:18,reversal_5,lag_8,0.0
2026-09-29 02:18,reversal_5,lag_7,0.0
2026-09-29 02:18,reversal_5,lag_6,0.0
2026-09-29 02:18,reversal_5,lag_5,0.0
2026-09-29 02:18,reversal_5,lag_4,0.0
2026-09-29 02:18,reversal_5,lag_3,0.0
2026-09-29 02:18,reversal_5,lag_2,0.0
2026-09-29 02:18,reversal_5,lag_1,0.0
2026-09-29 02:18,reversal_5,ic_mean_5,0.0
2026-09-29 02:18,reversal_5,ic_std_5,0.0
2026-09-29 02:18,reversal_5,ic_slope_5,0.0
2026-09-29 02:18,reversal_5,volatility,0.0
2026-09-29 02:18,volatility_20,lag_10,0.0
2026-09-29 02:18,volatility_20,lag_9,0.0
2026-09-29 02:18,volatility_20,lag_8,0.0
2026-09-29 02:18,volatility_20,lag_7,0.0
2026-09-29 02:18,volatility_20,lag_6,0.0
2026-09-29 02:18,volatility_20,lag_5,0.0
2026-09-29 02:18,volatility_20,lag_4,0.0
2026-09-29 02:18,volatility_20,lag_3,0.0
2026-09-29 02:18,volatility_20,lag_2,0.0
2026-09-29 02:18,volatility_20,lag_1,0.0
2026-09-29 02:18,volatility_20,ic_mean_5,0.0
2026-09-29 02:18,volatility_20,ic_std_5,0.0
2026-09-29 02:18,volatility_20,ic_slope_5,0.0
2026-09-29 02:18,volatility_20,volatility,0.0
2026-09-29 02:18,ma_ratio_10_30,lag_10,0.0
2026-09-29 02:18,ma_ratio_10_30,lag_9,0.0
2026-09-29 02:18,ma_ratio_10_30,lag_8,0.0
2026-09-29 02:18,ma_ratio_10_30,lag_7,0.0
2026-09-29 02:18,ma_ratio_10_30,lag_6,0.0
2026-09-29 02:18,ma_ratio_10_30,lag_5,0.0
2026-09-29 02:18,ma_ratio_10_30,lag_4,0.0
2026-09-29 02:18,ma_ratio_10_30,lag_3,0.0
2026-09-29 02:18,ma_ratio_10_30,lag_2,0.0
2026-09-29 02:18,ma_ratio_10_30,lag_1,0.0
2026-09-29 02:18,ma_ratio_10_30,ic_mean_5,0.0
2026-09-29 02:18,ma_ratio_10_30,ic_std_5,0.0
2026-09-29 02:18,ma_ratio_10_30,ic_slope_5,0.0
2026-09-29 02:18,ma_ratio_10_30,volatility,0.0
2026-09-29 02:18,volume_ratio_20,lag_10,0.0
2026-09-29 02:18,volume_ratio_20,lag_9,0.0
2026-09-29 02:18,volume_ratio_20,lag_8,0.0
2026-09-29 02:18,volume_ratio_20,lag_7,0.0
2026-09-29 02:18,volume_ratio_20,lag_6,0.0
2026-09-29 02:18,volume_ratio_20,lag_5,0.0
2026-09-29 02:18,volume_ratio_20,lag_4,0.0
2026-09-29 02:18,volume_ratio_20,lag_3,0.0
2026-09-29 02:18,volume_ratio_20,lag_2,0.0
2026-09-29 02:18,volume_ratio_20,lag_1,0.0
2026-09-29 02:18,volume_ratio_20,ic_mean_5,0.0
2026-09-29 02:18,volume_ratio_20,ic_std_5,0.0
2026-09-29 02:18,volume_ratio_20,ic_slope_5,0.0
2026-09-29 02:18,volume_ratio_20,volatility,0.0
2026-09-30 01:25,5-day SMA of Price,lag_10,0.0
2026-09-30 01:25,5-day SMA of Price,lag_9,0.0
2026-09-30 01:25,5-day SMA of Price,lag_8,0.0
2026-09-30 01:25,5-day SMA of Price,lag_7,0.0
2026-09-30 01:25,5-day SMA of Price,lag_6,0.0
2026-09-30 01:25,5-day SMA of Price,lag_5,0.0
2026-09-30 01:25,5-day SMA of Price,lag_4,0.0
2026-09-30 01:25,5-day SMA of Price,lag_3,0.0
2026-09-30 01:25,5-day SMA of Price,lag_2,0.0
2026-09-30 01:25,5-day SMA of Price,lag_1,0.0
2026-09-30 01:25,5-day SMA of Price,ic_mean_5,0.0
2026-09-30 01:25,5-day SMA of Price,ic_std_5,0.0
2026-09-30 01:25,5-day SMA of Price,ic_slope_5,0.0
2026-09-30 01:25,5-day SMA of Price,volatility,0.0
2026-09-30 01:25,reversal_5,lag_10,0.0
2026-09-30 01:25,reversal_5,lag_9,0.0
2026-09-30 01:25,reversal_5,lag_8,0.0
2026-09-30 01:25,reversal_5,lag_7,0.0
2026-09-30 01:25,reversal_5,lag_6,0.0
2026-09-30 01:25,reversal_5,lag_5,0.0
2026-09-30 01:25,reversal_5,lag_4,0.0
2026-09-30 01:25,reversal_5,lag_3,0.0
2026-09-30 01:25,reversal_5,lag_2,0.0
2026-09-30 01:25,reversal_5,lag_1,0.0
2026-09-30 01:25,reversal_5,ic_mean_5,0.0
2026-09-30 01:25,reversal_5,ic_std_5,0.0
2026-09-30 01:25,reversal_5,ic_slope_5,0.0
2026-09-30 01:25,reversal_5,volatility,0.0
2026-09-30 01:25,1-day SMA of Price over 60-day SMA of Price,lag_10,0.0
2026-09-30 01:25,1-day SMA of Price over 60-day SMA of Price,lag_9,0.0
2026-09-30 01:25,1-day SMA of Price over 60-day SMA of Price,lag_8,0.0
2026-09-30 01:25,1-day SMA of Price over 60-day SMA of Price,lag_7,0.0
2026-09-30 01:25,1-day SMA of Price over 60-day SMA of Price,lag_6,0.0
2026-09-30 01:25,1-day SMA of Price over 60-day SMA of Price,lag_5,0.0
2026-09-30 01:25,1-day SMA of Price over 60-day SMA of Price,lag_4,0.0
2026-09-30 01:25,1-day SMA of Price over 60-day SMA of Price,lag_3,0.0
2026-09-30 01:25,1-day SMA of Price over 60-day SMA of Price,lag_2,0.0
2026-09-30 01:25,1-day SMA of Price over 60-day SMA of Price,lag_1,0.0
2026-09-30 01:25,1-day SMA of Price over 60-day SMA of Price,ic_mean_5,0.0
2026-09-30 01:25,1-day SMA of Price over 60-day SMA of Price,ic_std_5,0.0
2026-09-30 01:25,1-day SMA of Price over 60-day SMA of Price,ic_slope_5,0.0
2026-09-30 01:25,1-day SMA of Price over 60-day SMA of Price,volatility,0.0
2026-09-30 01:25,volume_ratio_20,lag_10,0.0
2026-09-30 01:25,volume_ratio_20,lag_9,0.0
2026-09-30 01:25,volume_ratio_20,lag_8,0.0
2026-09-30 01:25,volume_ratio_20,lag_7,0.0
2026-09-30 01:25,volume_ratio_20,lag_6,0.0
2026-09-30 01:25,volume_ratio_20,lag_5,0.0
2026-09-30 01:25,volume_ratio_20,lag_4,0.0
2026-09-30 01:25,volume_ratio_20,lag_3,0.0
2026-09-30 01:25,volume_ratio_20,lag_2,0.0
2026-09-30 01:25,volume_ratio_20,lag_1,0.0
2026-09-30 01:25,volume_ratio_20,ic_mean_5,0.0
2026-09-30 01:25,volume_ratio_20,ic_std_5,0.0
2026-09-30 01:25,volume_ratio_20,ic_slope_5,0.0
2026-09-30 01:25,volume_ratio_20,volatility,0.0
2026-09-30 12:27,5-day SMA of Price,lag_10,0.0
2026-09-30 12:27,5-day SMA of Price,lag_9,0.0
2026-09-30 12:27,5-day SMA of Price,lag_8,0.0
2026-09-30 12:27,5-day SMA of Price,lag_7,0.0
2026-09-30 12:27,5-day SMA of Price,lag_6,0.0
2026-09-30 12:27,5-day SMA of Price,lag_5,0.0
2026-09-30 12:27,5-day SMA of Price,lag_4,0.0
2026-09-30 12:27,5-day SMA of Price,lag_3,0.0
2026-09-30 12:27,5-day SMA of Price,lag_2,0.0
2026-09-30 12:27,5-day SMA of Price,lag_1,0.0
2026-09-30 12:27,5-day SMA of Price,ic_mean_5,0.0
2026-09-30 12:27,5-day SMA of Price,ic_std_5,0.0
2026-09-30 12:27,5-day SMA of Price,ic_slope_5,0.0
2026-09-30 12:27,5-day SMA of Price,volatility,0.0
2026-09-30 12:27,reversal_5,lag_10,0.0
2026-09-30 12:27,reversal_5,lag_9,0.0
2026-09-30 12:27,reversal_5,lag_8,0.0
2026-09-30 12:27,reversal_5,lag_7,0.0
2026-09-30 12:27,reversal_5,lag_6,0.0
2026-09-30 12:27,reversal_5,lag_5,0.0
2026-09-30 12:27,reversal_5,lag_4,0.0
2026-09-30 12:27,reversal_5,lag_3,0.0
2026-09-30 12:27,reversal_5,lag_2,0.0
2026-09-30 12:27,reversal_5,lag_1,0.0
2026-09-30 12:27,reversal_5,ic_mean_5,0.0
2026-09-30 12:27,reversal_5,ic_std_5,0.0
2026-09-30 12:27,reversal_5,ic_slope_5,0.0
2026-09-30 12:27,reversal_5,volatility,0.0
2026-09-30 12:27,1-day SMA of Price over 60-day SMA of Price,lag_10,0.0
2026-09-30 12:27,1-day SMA of Price over 60-day SMA of Price,lag_9,0.0
2026-09-30 12:27,1-day SMA of Price over 60-day SMA of Price,lag_8,0.0
2026-09-30 12:27,1-day SMA of Price over 60-day SMA of Price,lag_7,0.0
2026-09-30 12:27,1-day SMA of Price over 60-day SMA of Price,lag_6,0.0
2026-09-30 12:27,1-day SMA of Price over 60-day SMA of Price,lag_5,0.0
2026-09-30 12:27,1-day SMA of Price over 60-day SMA of Price,lag_4,0.0
2026-09-30 12:27,1-day SMA of Price over 60-day SMA of Price,lag_3,0.0
2026-09-30 12:27,1-day SMA of Price over 60-day SMA of Price,lag_2,0.0
2026-09-30 12:27,1-day SMA of Price over 60-day SMA of Price,lag_1,0.0
2026-09-30 12:27,1-day SMA of Price over 60-day SMA of Price,ic_mean_5,0.0
2026-09-30 12:27,1-day SMA of Price over 60-day SMA of Price,ic_std_5,0.0
2026-09-30 12:27,1-day SMA of Price over 60-day SMA of Price,ic_slope_5,0.0
2026-09-30 12:27,1-day SMA of Price over 60-day SMA of Price,volatility,0.0
2026-09-30 12:27,volume_ratio_20,lag_10,0.0
2026-09-30 12:27,volume_ratio_20,lag_9,0.0
2026-09-30 12:27,volume_ratio_20,lag_8,0.0
2026-09-30 12:27,volume_ratio_20,lag_7,0.0
2026-09-30 12:27,volume_ratio_20,lag_6,0.0
2026-09-30 12:27,volume_ratio_20,lag_5,0.0
2026-09-30 12:27,volume_ratio_20,lag_4,0.0
2026-09-30 12:27,volume_ratio_20,lag_3,0.0
2026-09-30 12:27,volume_ratio_20,lag_2,0.0
2026-09-30 12:27,volume_ratio_20,lag_1,0.0
2026-09-30 12:27,volume_ratio_20,ic_mean_5,0.0
2026-09-30 12:27,volume_ratio_20,ic_std_5,0.0
2026-09-30 12:27,volume_ratio_20,ic_slope_5,0.0
2026-09-30 12:27,volume_ratio_20,volatility,0.0
2026-10-01 17:06,volatility_breakout_momentum,lag_10,0.0
2026-10-01 17:06,volatility_breakout_momentum,lag_9,0.0
2026-10-01 17:06,volatility_breakout_momentum,lag_8,0.0
2026-10-01 17:06,volatility_breakout_momentum,lag_7,0.0
2026-10-01 17:06,volatility_breakout_momentum,lag_6,0.0
2026-10-01 17:06,volatility_breakout_momentum,lag_5,0.0
2026-10-01 17:06,volatility_breakout_momentum,lag_4,0.0
2026-10-01 17:06,volatility_breakout_momentum,lag_3,0.0
2026-10-01 17:06,volatility_breakout_momentum,lag_2,0.0
2026-10-01 17:06,volatility_breakout_momentum,lag_1,0.0
2026-10-01 17:06,volatility_breakout_momentum,ic_mean_5,0.0
2026-10-01 17:06,volatility_breakout_momentum,ic_std_5,0.0
2026-10-01 17:06,volatility_breakout_momentum,ic_slope_5,0.0
2026-10-01 17:06,volatility_breakout_momentum,volatility,0.0
2026-10-01 17:06,reversal_5,lag_10,0.0
2026-10-01 17:06,reversal_5,lag_9,0.0
2026-10-01 17:06,reversal_5,lag_8,0.0
2026-10-01 17:06,reversal_5,lag_7,0.0
2026-10-01 17:06,reversal_5,lag_6,0.0
2026-10-01 17:06,reversal_5,lag_5,0.0
2026-10-01 17:06,reversal_5,lag_4,0.0
2026-10-01 17:06,reversal_5,lag_3,0.0
2026-10-01 17:06,reversal_5,lag_2,0.0
2026-10-01 17:06,reversal_5,lag_1,0.0
2026-10-01 17:06,reversal_5,ic_mean_5,0.0
2026-10-01 17:06,reversal_5,ic_std_5,0.0
2026-10-01 17:06,reversal_5,ic_slope_5,0.0
2026-10-01 17:06,reversal_5,volatility,0.0
2026-10-01 17:06,price_vol_asymmetry,lag_10,0.0
2026-10-01 17:06,price_vol_asymmetry,lag_9,0.0
2026-10-01 17:06,price_vol_asymmetry,lag_8,0.0
2026-10-01 17:06,price_vol_asymmetry,lag_7,0.0
2026-10-01 17:06,price_vol_asymmetry,lag_6,0.0
2026-10-01 17:06,price_vol_asymmetry,lag_5,0.0
2026-10-01 17:06,price_vol_asymmetry,lag_4,0.0
2026-10-01 17:06,price_vol_asymmetry,lag_3,0.0
2026-10-01 17:06,price_vol_asymmetry,lag_2,0.0
2026-10-01 17:06,price_vol_asymmetry,lag_1,0.0
2026-10-01 17:06,price_vol_asymmetry,ic_mean_5,0.0
2026-10-01 17:06,price_vol_asymmetry,ic_std_5,0.0
2026-10-01 17:06,price_vol_asymmetry,ic_slope_5,0.0
2026-10-01 17:06,price_vol_asymmetry,volatility,0.0
2026-10-01 17:06,ma_ratio_10_30,lag_10,0.0
2026-10-01 17:06,ma_ratio_10_30,lag_9,0.0
2026-10-01 17:06,ma_ratio_10_30,lag_8,0.0
2026-10-01 17:06,ma_ratio_10_30,lag_7,0.0
2026-10-01 17:06,ma_ratio_10_30,lag_6,0.0
2026-10-01 17:06,ma_ratio_10_30,lag_5,0.0
2026-10-01 17:06,ma_ratio_10_30,lag_4,0.0
2026-10-01 17:06,ma_ratio_10_30,lag_3,0.0
2026-10-01 17:06,ma_ratio_10_30,lag_2,0.0
2026-10-01 17:06,ma_ratio_10_30,lag_1,0.0
2026-10-01 17:06,ma_ratio_10_30,ic_mean_5,0.0
2026-10-01 17:06,ma_ratio_10_30,ic_std_5,0.0
2026-10-01 17:06,ma_ratio_10_30,ic_slope_5,0.0
2026-10-01 17:06,ma_ratio_10_30,volatility,0.0
2026-10-01 17:06,volume_ratio_20,lag_10,0.0
2026-10-01 17:06,volume_ratio_20,lag_9,0.0
2026-10-01 17:06,volume_ratio_20,lag_8,0.0
2026-10-01 17:06,volume_ratio_20,lag_7,0.0
2026-10-01 17:06,volume_ratio_20,lag_6,0.0
2026-10-01 17:06,volume_ratio_20,lag_5,0.0
2026-10-01 17:06,volume_ratio_20,lag_4,0.0
2026-10-01 17:06,volume_ratio_20,lag_3,0.0
2026-10-01 17:06,volume_ratio_20,lag_2,0.0
2026-10-01 17:06,volume_ratio_20,lag_1,0.0
2026-10-01 17:06,volume_ratio_20,ic_mean_5,0.0
2026-10-01 17:06,volume_ratio_20,ic_std_5,0.0
2026-10-01 17:06,volume_ratio_20,ic_slope_5,0.0
2026-10-01 17:06,volume_ratio_20,volatility,0.0
2026-10-02 23:32,vol_gap_resist,lag_10,0.0
2026-10-02 23:32,vol_gap_resist,lag_9,0.0
2026-10-02 23:32,vol_gap_resist,lag_8,0.0
2026-10-02 23:32,vol_gap_resist,lag_7,0.0
2026-10-02 23:32,vol_gap_resist,lag_6,0.0
2026-10-02 23:32,vol_gap_resist,lag_5,0.0
2026-10-02 23:32,vol_gap_resist,lag_4,0.0
2026-10-02 23:32,vol_gap_resist,lag_3,0.0
2026-10-02 23:32,vol_gap_resist,lag_2,0.0
2026-10-02 23:32,vol_gap_resist,lag_1,0.0
2026-10-02 23:32,vol_gap_resist,ic_mean_5,0.0
2026-10-02 23:32,vol_gap_resist,ic_std_5,0.0
2026-10-02 23:32,vol_gap_resist,ic_slope_5,0.0
2026-10-02 23:32,vol_gap_resist,volatility,0.0
2026-10-02 23:32,reversal_5,lag_10,0.0
2026-10-02 23:32,reversal_5,lag_9,0.0
2026-10-02 23:32,reversal_5,lag_8,0.0
2026-10-02 23:32,reversal_5,lag_7,0.0
2026-10-02 23:32,reversal_5,lag_6,0.0
2026-10-02 23:32,reversal_5,lag_5,0.0
2026-10-02 23:32,reversal_5,lag_4,0.0
2026-10-02 23:32,reversal_5,lag_3,0.0
2026-10-02 23:32,reversal_5,lag_2,0.0
2026-10-02 23:32,reversal_5,lag_1,0.0
2026-10-02 23:32,reversal_5,ic_mean_5,0.0
2026-10-02 23:32,reversal_5,ic_std_5,0.0
2026-10-02 23:32,reversal_5,ic_slope_5,0.0
2026-10-02 23:32,reversal_5,volatility,0.0
2026-10-02 23:32,1-day SMA of Price over 60-day SMA of Price,lag_10,0.0
2026-10-02 23:32,1-day SMA of Price over 60-day SMA of Price,lag_9,0.0
2026-10-02 23:32,1-day SMA of Price over 60-day SMA of Price,lag_8,0.0
2026-10-02 23:32,1-day SMA of Price over 60-day SMA of Price,lag_7,0.0
2026-10-02 23:32,1-day SMA of Price over 60-day SMA of Price,lag_6,0.0
2026-10-02 23:32,1-day SMA of Price over 60-day SMA of Price,lag_5,0.0
2026-10-02 23:32,1-day SMA of Price over 60-day SMA of Price,lag_4,0.0
2026-10-02 23:32,1-day SMA of Price over 60-day SMA of Price,lag_3,0.0
2026-10-02 23:32,1-day SMA of Price over 60-day SMA of Price,lag_2,0.0
2026-10-02 23:32,1-day SMA of Price over 60-day SMA of Price,lag_1,0.0
2026-10-02 23:32,1-day SMA of Price over 60-day SMA of Price,ic_mean_5,0.0
2026-10-02 23:32,1-day SMA of Price over 60-day SMA of Price,ic_std_5,0.0
2026-10-02 23:32,1-day SMA of Price over 60-day SMA of Price,ic_slope_5,0.0
2026-10-02 23:32,1-day SMA of Price over 60-day SMA of Price,volatility,0.0
2026-10-02 23:32,volume_ratio_20,lag_10,0.0
2026-10-02 23:32,volume_ratio_20,lag_9,0.0
2026-10-02 23:32,volume_ratio_20,lag_8,0.0
2026-10-02 23:32,volume_ratio_20,lag_7,0.0
2026-10-02 23:32,volume_ratio_20,lag_6,0.0
2026-10-02 23:32,volume_ratio_20,lag_5,0.0
2026-10-02 23:32,volume_ratio_20,lag_4,0.0
2026-10-02 23:32,volume_ratio_20,lag_3,0.0
2026-10-02 23:32,volume_ratio_20,lag_2,0.0
2026-10-02 23:32,volume_ratio_20,lag_1,0.0
2026-10-02 23:32,volume_ratio_20,ic_mean_5,0.0
2026-10-02 23:32,volume_ratio_20,ic_std_5,0.0
2026-10-02 23:32,volume_ratio_20,ic_slope_5,0.0
2026-10-02 23:32,volume_ratio_20,volatility,0.0
2026-10-03 02:43,5-day SMA of Price,lag_10,0.0
2026-10-03 02:43,5-day SMA of Price,lag_9,0.0
2026-10-03 02:43,5-day SMA of Price,lag_8,0.0
2026-10-03 02:43,5-day SMA of Price,lag_7,0.0
2026-10-03 02:43,5-day SMA of Price,lag_6,0.0
2026-10-03 02:43,5-day SMA of Price,lag_5,0.0
2026-10-03 02:43,5-day SMA of Price,lag_4,0.0
2026-10-03 02:43,5-day SMA of Price,lag_3,0.0
2026-10-03 02:43,5-day SMA of Price,lag_2,0.0
2026-10-03 02:43,5-day SMA of Price,lag_1,0.0
2026-10-03 02:43,5-day SMA of Price,ic_mean_5,0.0
2026-10-03 02:43,5-day SMA of Price,ic_std_5,0.0
2026-10-03 02:43,5-day SMA of Price,ic_slope_5,0.0
2026-10-03 02:43,5-day SMA of Price,volatility,0.0
2026-10-03 02:43,volatility_reversion,lag_10,0.0
2026-10-03 02:43,volatility_reversion,lag_9,0.0
2026-10-03 02:43,volatility_reversion,lag_8,0.0
2026-10-03 02:43,volatility_reversion,lag_7,0.0
2026-10-03 02:43,volatility_reversion,lag_6,0.0
2026-10-03 02:43,volatility_reversion,lag_5,0.0
2026-10-03 02:43,volatility_reversion,lag_4,0.0
2026-10-03 02:43,volatility_reversion,lag_3,0.0
2026-10-03 02:43,volatility_reversion,lag_2,0.0
2026-10-03 02:43,volatility_reversion,lag_1,0.0
2026-10-03 02:43,volatility_reversion,ic_mean_5,0.0
2026-10-03 02:43,volatility_reversion,ic_std_5,0.0
2026-10-03 02:43,volatility_reversion,ic_slope_5,0.0
2026-10-03 02:43,volatility_reversion,volatility,0.0
2026-10-03 02:43,reversal_5,lag_10,0.0
2026-10-03 02:43,reversal_5,lag_9,0.0
2026-10-03 02:43,reversal_5,lag_8,0.0
2026-10-03 02:43,reversal_5,lag_7,0.0
2026-10-03 02:43,reversal_5,lag_6,0.0
2026-10-03 02:43,reversal_5,lag_5,0.0
2026-10-03 02:43,reversal_5,lag_4,0.0
2026-10-03 02:43,reversal_5,lag_3,0.0
2026-10-03 02:43,reversal_5,lag_2,0.0
2026-10-03 02:43,reversal_5,lag_1,0.0
2026-10-03 02:43,reversal_5,ic_mean_5,0.0
2026-10-03 02:43,reversal_5,ic_std_5,0.0
2026-10-03 02:43,reversal_5,ic_slope_5,0.0
2026-10-03 02:43,reversal_5,volatility,0.0
2026-10-03 02:43,1-day SMA of Price over 60-day SMA of Price,lag_10,0.0
2026-10-03 02:43,1-day SMA of Price over 60-day SMA of Price,lag_9,0.0
2026-10-03 02:43,1-day SMA of Price over 60-day SMA of Price,lag_8,0.0
2026-10-03 02:43,1-day SMA of Price over 60-day SMA of Price,lag_7,0.0
2026-10-03 02:43,1-day SMA of Price over 60-day SMA of Price,lag_6,0.0
2026-10-03 02:43,1-day SMA of Price over 60-day SMA of Price,lag_5,0.0
2026-10-03 02:43,1-day SMA of Price over 60-day SMA of Price,lag_4,0.0
2026-10-03 02:43,1-day SMA of Price over 60-day SMA of Price,lag_3,0.0
2026-10-03 02:43,1-day SMA of Price over 60-day SMA of Price,lag_2,0.0
2026-10-03 02:43,1-day SMA of Price over 60-day SMA of Price,lag_1,0.0
2026-10-03 02:43,1-day SMA of Price over 60-day SMA of Price,ic_mean_5,0.0
2026-10-03 02:43,1-day SMA of Price over 60-day SMA of Price,ic_std_5,0.0
2026-10-03 02:43,1-day SMA of Price over 60-day SMA of Price,ic_slope_5,0.0
2026-10-03 02:43,1-day SMA of Price over 60-day SMA of Price,volatility,0.0
2026-10-03 02:43,volume_ratio_20,lag_10,0.0
2026-10-03 02:43,volume_ratio_20,lag_9,0.0
2026-10-03 02:43,volume_ratio_20,lag_8,0.0
2026-10-03 02:43,volume_ratio_20,lag_7,0.0
2026-10-03 02:43,volume_ratio_20,lag_6,0.0
2026-10-03 02:43,volume_ratio_20,lag_5,0.0
2026-10-03 02:43,volume_ratio_20,lag_4,0.0
2026-10-03 02:43,volume_ratio_20,lag_3,0.0
2026-10-03 02:43,volume_ratio_20,lag_2,0.0
2026-10-03 02:43,volume_ratio_20,lag_1,0.0
2026-10-03 02:43,volume_ratio_20,ic_mean_5,0.0
2026-10-03 02:43,volume_ratio_20,ic_std_5,0.0
2026-10-03 02:43,volume_ratio_20,ic_slope_5,0.0
2026-10-03 02:43,volume_ratio_20,volatility,0.0
2026-10-03 14:29,return_accelerated_rank,lag_10,0.0
2026-10-03 14:29,return_accelerated_rank,lag_9,0.0
2026-10-03 14:29,return_accelerated_rank,lag_8,0.0
2026-10-03 14:29,return_accelerated_rank,lag_7,0.0
2026-10-03 14:29,return_accelerated_rank,lag_6,0.0
2026-10-03 14:29,return_accelerated_rank,lag_5,0.0
2026-10-03 14:29,return_accelerated_rank,lag_4,0.0
2026-10-03 14:29,return_accelerated_rank,lag_3,0.0
2026-10-03 14:29,return_accelerated_rank,lag_2,0.0
2026-10-03 14:29,return_accelerated_rank,lag_1,0.0
2026-10-03 14:29,return_accelerated_rank,ic_mean_5,0.0
2026-10-03 14:29,return_accelerated_rank,ic_std_5,0.0
2026-10-03 14:29,return_accelerated_rank,ic_slope_5,0.0
2026-10-03 14:29,return_accelerated_rank,volatility,0.0
2026-10-03 14:29,5-day SMA of Price,lag_10,0.0
2026-10-03 14:29,5-day SMA of Price,lag_9,0.0
2026-10-03 14:29,5-day SMA of Price,lag_8,0.0
2026-10-03 14:29,5-day SMA of Price,lag_7,0.0
2026-10-03 14:29,5-day SMA of Price,lag_6,0.0
2026-10-03 14:29,5-day SMA of Price,lag_5,0.0
2026-10-03 14:29,5-day SMA of Price,lag_4,0.0
2026-10-03 14:29,5-day SMA of Price,lag_3,0.0
2026-10-03 14:29,5-day SMA of Price,lag_2,0.0
2026-10-03 14:29,5-day SMA of Price,lag_1,0.0
2026-10-03 14:29,5-day SMA of Price,ic_mean_5,0.0
2026-10-03 14:29,5-day SMA of Price,ic_std_5,0.0
2026-10-03 14:29,5-day SMA of Price,ic_slope_5,0.0
2026-10-03 14:29,5-day SMA of Price,volatility,0.0
2026-10-03 14:29,reversal_5,lag_10,0.0
2026-10-03 14:29,reversal_5,lag_9,0.0
2026-10-03 14:29,reversal_5,lag_8,0.0
2026-10-03 14:29,reversal_5,lag_7,0.0
2026-10-03 14:29,reversal_5,lag_6,0.0
2026-10-03 14:29,reversal_5,lag_5,0.0
2026-10-03 14:29,reversal_5,lag_4,0.0
2026-10-03 14:29,reversal_5,lag_3,0.0
2026-10-03 14:29,reversal_5,lag_2,0.0
2026-10-03 14:29,reversal_5,lag_1,0.0
2026-10-03 14:29,reversal_5,ic_mean_5,0.0
2026-10-03 14:29,reversal_5,ic_std_5,0.0
2026-10-03 14:29,reversal_5,ic_slope_5,0.0
2026-10-03 14:29,reversal_5,volatility,0.0
2026-10-03 14:29,1-day SMA of Price over 60-day SMA of Price,lag_10,0.0
2026-10-03 14:29,1-day SMA of Price over 60-day SMA of Price,lag_9,0.0
2026-10-03 14:29,1-day SMA of Price over 60-day SMA of Price,lag_8,0.0
2026-10-03 14:29,1-day SMA of Price over 60-day SMA of Price,lag_7,0.0
2026-10-03 14:29,1-day SMA of Price over 60-day SMA of Price,lag_6,0.0
2026-10-03 14:29,1-day SMA of Price over 60-day SMA of Price,lag_5,0.0
2026-10-03 14:29,1-day SMA of Price over 60-day SMA of Price,lag_4,0.0
2026-10-03 14:29,1-day SMA of Price over 60-day SMA of Price,lag_3,0.0
2026-10-03 14:29,1-day SMA of Price over 60-day SMA of Price,lag_2,0.0
2026-10-03 14:29,1-day SMA of Price over 60-day SMA of Price,lag_1,0.0
2026-10-03 14:29,1-day SMA of Price over 60-day SMA of Price,ic_mean_5,0.0
2026-10-03 14:29,1-day SMA of Price over 60-day SMA of Price,ic_std_5,0.0
2026-10-03 14:29,1-day SMA of Price over 60-day SMA of Price,ic_slope_5,0.0
2026-10-03 14:29,1-day SMA of Price over 60-day SMA of Price,volatility,0.0
2026-10-03 14:29,volume_ratio_20,lag_10,0.0
2026-10-03 14:29,volume_ratio_20,lag_9,0.0
2026-10-03 14:29,volume_ratio_20,lag_8,0.0
2026-10-03 14:29,volume_ratio_20,lag_7,0.0
2026-10-03 14:29,volume_ratio_20,lag_6,0.0
2026-10-03 14:29,volume_ratio_20,lag_5,0.0
2026-10-03 14:29,volume_ratio_20,lag_4,0.0
2026-10-03 14:29,volume_ratio_20,lag_3,0.0
2026-10-03 14:29,volume_ratio_20,lag_2,0.0
2026-10-03 14:29,volume_ratio_20,lag_1,0.0
2026-10-03 14:29,volume_ratio_20,ic_mean_5,0.0
2026-10-03 14:29,volume_ratio_20,ic_std_5,0.0
2026-10-03 14:29,volume_ratio_20,ic_slope_5,0.0
2026-10-03 14:29,volume_ratio_20,volatility,0.0
2026-10-04 00:53,5-day SMA of Price,lag_10,0.0
2026-10-04 00:53,5-day SMA of Price,lag_9,0.0
2026-10-04 00:53,5-day SMA of Price,lag_8,0.0
2026-10-04 00:53,5-day SMA of Price,lag_7,0.0
2026-10-04 00:53,5-day SMA of Price,lag_6,0.0
2026-10-04 00:53,5-day SMA of Price,lag_5,0.0
2026-10-04 00:53,5-day SMA of Price,lag_4,0.0
2026-10-04 00:53,5-day SMA of Price,lag_3,0.0
2026-10-04 00:53,5-day SMA of Price,lag_2,0.0
2026-10-04 00:53,5-day SMA of Price,lag_1,0.0
2026-10-04 00:53,5-day SMA of Price,ic_mean_5,0.0
2026-10-04 00:53,5-day SMA of Price,ic_std_5,0.0
2026-10-04 00:53,5-day SMA of Price,ic_slope_5,0.0
2026-10-04 00:53,5-day SMA of Price,volatility,0.0
2026-10-04 00:53,return_variance_decay,lag_10,0.0
2026-10-04 00:53,return_variance_decay,lag_9,0.0
2026-10-04 00:53,return_variance_decay,lag_8,0.0
2026-10-04 00:53,return_variance_decay,lag_7,0.0
2026-10-04 00:53,return_variance_decay,lag_6,0.0
2026-10-04 00:53,return_variance_decay,lag_5,0.0
2026-10-04 00:53,return_variance_decay,lag_4,0.0
2026-10-04 00:53,return_variance_decay,lag_3,0.0
2026-10-04 00:53,return_variance_decay,lag_2,0.0
2026-10-04 00:53,return_variance_decay,lag_1,0.0
2026-10-04 00:53,return_variance_decay,ic_mean_5,0.0
2026-10-04 00:53,return_variance_decay,ic_std_5,0.0
2026-10-04 00:53,return_variance_decay,ic_slope_5,0.0
2026-10-04 00:53,return_variance_decay,volatility,0.0
2026-10-04 00:53,reversal_5,lag_10,0.0
2026-10-04 00:53,reversal_5,lag_9,0.0
2026-10-04 00:53,reversal_5,lag_8,0.0
2026-10-04 00:53,reversal_5,lag_7,0.0
2026-10-04 00:53,reversal_5,lag_6,0.0
2026-10-04 00:53,reversal_5,lag_5,0.0
2026-10-04 00:53,reversal_5,lag_4,0.0
2026-10-04 00:53,reversal_5,lag_3,0.0
2026-10-04 00:53,reversal_5,lag_2,0.0
2026-10-04 00:53,reversal_5,lag_1,0.0
2026-10-04 00:53,reversal_5,ic_mean_5,0.0
2026-10-04 00:53,reversal_5,ic_std_5,0.0
2026-10-04 00:53,reversal_5,ic_slope_5,0.0
2026-10-04 00:53,reversal_5,volatility,0.0
2026-10-04 00:53,1-day SMA of Price over 60-day SMA of Price,lag_10,0.0
2026-10-04 00:53,1-day SMA of Price over 60-day SMA of Price,lag_9,0.0
2026-10-04 00:53,1-day SMA of Price over 60-day SMA of Price,lag_8,0.0
2026-10-04 00:53,1-day SMA of Price over 60-day SMA of Price,lag_7,0.0
2026-10-04 00:53,1-day SMA of Price over 60-day SMA of Price,lag_6,0.0
2026-10-04 00:53,1-day SMA of Price over 60-day SMA of Price,lag_5,0.0
2026-10-04 00:53,1-day SMA of Price over 60-day SMA of Price,lag_4,0.0
2026-10-04 00:53,1-day SMA of Price over 60-day SMA of Price,lag_3,0.0
2026-10-04 00:53,1-day SMA of Price over 60-day SMA of Price,lag_2,0.0
2026-10-04 00:53,1-day SMA of Price over 60-day SMA of Price,lag_1,0.0
2026-10-04 00:53,1-day SMA of Price over 60-day SMA of Price,ic_mean_5,0.0
2026-10-04 00:53,1-day SMA of Price over 60-day SMA of Price,ic_std_5,0.0
2026-10-04 00:53,1-day SMA of Price over 60-day SMA of Price,ic_slope_5,0.0
2026-10-04 00:53,1-day SMA of Price over 60-day SMA of Price,volatility,0.0
2026-10-04 00:53,volume_ratio_20,lag_10,0.0
2026-10-04 00:53,volume_ratio_20,lag_9,0.0
2026-10-04 00:53,volume_ratio_20,lag_8,0.0
2026-10-04 00:53,volume_ratio_20,lag_7,0.0
2026-10-04 00:53,volume_ratio_20,lag_6,0.0
2026-10-04 00:53,volume_ratio_20,lag_5,0.0
2026-10-04 00:53,volume_ratio_20,lag_4,0.0
2026-10-04 00:53,volume_ratio_20,lag_3,0.0
2026-10-04 00:53,volume_ratio_20,lag_2,0.0
2026-10-04 00:53,volume_ratio_20,lag_1,0.0
2026-10-04 00:53,volume_ratio_20,ic_mean_5,0.0
2026-10-04 00:53,volume_ratio_20,ic_std_5,0.0
2026-10-04 00:53,volume_ratio_20,ic_slope_5,0.0
2026-10-04 00:53,volume_ratio_20,volatility,0.0
