datetime,target_code,bar_idx
2010-01-04,,0
2010-01-05,,1
2010-01-06,,2
2010-01-07,,3
2010-01-08,,4
2010-01-11,,5
2010-01-12,,6
2010-01-13,,7
2010-01-14,,8
2010-01-15,,9
2010-01-18,,10
2010-01-19,,11
2010-01-20,,12
2010-01-21,,13
2010-01-22,,14
2010-01-25,,15
2010-01-26,,16
2010-01-27,,17
2010-01-28,,18
2010-01-29,,19
2010-02-01,,20
2010-02-02,,21
2010-02-03,,22
2010-02-04,,23
2010-02-05,,24
2010-02-08,,25
2010-02-09,,26
2010-02-10,,27
2010-02-11,,28
2010-02-12,,29
2010-02-22,,30
2010-02-23,,31
2010-02-24,,32
2010-02-25,,33
2010-02-26,,34
2010-03-01,,35
2010-03-02,,36
2010-03-03,,37
2010-03-04,,38
2010-03-05,,39
2010-03-08,,40
2010-03-09,,41
2010-03-10,,42
2010-03-11,,43
2010-03-12,,44
2010-03-15,,45
2010-03-16,,46
2010-03-17,,47
2010-03-18,,48
2010-03-19,,49
2010-03-22,,50
2010-03-23,,51
2010-03-24,,52
2010-03-25,,53
2010-03-26,,54
2010-03-29,,55
2010-03-30,,56
2010-03-31,,57
2010-04-01,,58
2010-04-02,,59
2010-04-06,,60
2010-04-07,,61
2010-04-08,,62
2010-04-09,,63
2010-04-12,,64
2010-04-13,,65
2010-04-14,,66
2010-04-15,,67
2010-04-16,,68
2010-04-19,,69
2010-04-20,,70
2010-04-21,,71
2010-04-22,,72
2010-04-23,,73
2010-04-26,,74
2010-04-27,,75
2010-04-28,,76
2010-04-29,,77
2010-04-30,,78
2010-05-04,,79
2010-05-05,,80
2010-05-06,,81
2010-05-07,,82
2010-05-10,,83
2010-05-11,,84
2010-05-12,,85
2010-05-13,,86
2010-05-14,,87
2010-05-17,,88
2010-05-18,,89
2010-05-19,,90
2010-05-20,,91
2010-05-21,,92
2010-05-24,,93
2010-05-25,,94
2010-05-26,,95
2010-05-27,,96
2010-05-28,,97
2010-05-31,,98
2010-06-01,,99
2010-06-02,,100
2010-06-03,,101
2010-06-04,,102
2010-06-07,,103
2010-06-08,,104
2010-06-09,,105
2010-06-10,,106
2010-06-11,,107
2010-06-17,,108
2010-06-18,,109
2010-06-21,,110
2010-06-22,,111
2010-06-23,,112
2010-06-24,,113
2010-06-25,,114
2010-06-28,,115
2010-06-29,,116
2010-06-30,,117
2010-07-01,,118
2010-07-02,,119
2010-07-05,,120
2010-07-06,,121
2010-07-07,,122
2010-07-08,,123
2010-07-09,,124
2010-07-12,,125
2010-07-13,,126
2010-07-14,,127
2010-07-15,,128
2010-07-16,,129
2010-07-19,,130
2010-07-20,,131
2010-07-21,,132
2010-07-22,,133
2010-07-23,,134
2010-07-26,,135
2010-07-27,,136
2010-07-28,510050,137
2010-07-29,510050,138
2010-07-30,510050,139
2010-08-02,510050,140
2010-08-03,510050,141
2010-08-04,510050,142
2010-08-05,510050,143
2010-08-06,510050,144
2010-08-09,510050,145
2010-08-10,510050,146
2010-08-11,510050,147
2010-08-12,510050,148
2010-08-13,,149
2010-08-16,,150
2010-08-17,,151
2010-08-18,,152
2010-08-19,,153
2010-08-20,,154
2010-08-23,,155
2010-08-24,,156
2010-08-25,,157
2010-08-26,,158
2010-08-27,,159
2010-08-30,,160
2010-08-31,,161
2010-09-01,510050,162
2010-09-02,,163
2010-09-03,,164
2010-09-06,,165
2010-09-07,,166
2010-09-08,,167
2010-09-09,510050,168
2010-09-10,510050,169
2010-09-13,510050,170
2010-09-14,510050,171
2010-09-15,510050,172
2010-09-16,510050,173
2010-09-17,,174
2010-09-20,,175
2010-09-21,,176
2010-09-27,,177
2010-09-28,510050,178
2010-09-29,,179
2010-09-30,,180
2010-10-08,510050,181
2010-10-11,510050,182
2010-10-12,510050,183
2010-10-13,510050,184
2010-10-14,510050,185
2010-10-15,510050,186
2010-10-18,510050,187
2010-10-19,510050,188
2010-10-20,510050,189
2010-10-21,510050,190
2010-10-22,510050,191
2010-10-25,510050,192
2010-10-26,510050,193
2010-10-27,510050,194
2010-10-28,,195
2010-10-29,,196
2010-11-01,,197
2010-11-02,,198
2010-11-03,,199
2010-11-04,,200
2010-11-05,510050,201
2010-11-08,510050,202
2010-11-09,510050,203
2010-11-10,510050,204
2010-11-11,510050,205
2010-11-12,510050,206
2010-11-15,510050,207
2010-11-16,510050,208
2010-11-17,510050,209
2010-11-18,,210
2010-11-19,,211
2010-11-22,,212
2010-11-23,,213
2010-11-24,,214
2010-11-25,,215
2010-11-26,,216
2010-11-29,,217
2010-11-30,,218
2010-12-01,,219
2010-12-02,,220
2010-12-03,,221
2010-12-06,,222
2010-12-07,,223
2010-12-08,,224
2010-12-09,,225
2010-12-10,510050,226
2010-12-13,510050,227
2010-12-14,510050,228
2010-12-15,510050,229
2010-12-16,,230
2010-12-17,,231
2010-12-20,510050,232
2010-12-21,510050,233
2010-12-22,510050,234
2010-12-23,510050,235
2010-12-24,510050,236
2010-12-27,510050,237
2010-12-28,,238
2010-12-29,,239
2010-12-30,,240
2010-12-31,,241
2011-01-04,510050,242
2011-01-05,510050,243
2011-01-06,510050,244
2011-01-07,510050,245
2011-01-10,,246
2011-01-11,,247
2011-01-12,,248
2011-01-13,,249
2011-01-14,,250
2011-01-17,510050,251
2011-01-18,,252
2011-01-19,,253
2011-01-20,,254
2011-01-21,510050,255
2011-01-24,510050,256
2011-01-25,510050,257
2011-01-26,,258
2011-01-27,,259
2011-01-28,,260
2011-01-31,,261
2011-02-01,,262
2011-02-09,510050,263
2011-02-10,510050,264
2011-02-11,510050,265
2011-02-14,510050,266
2011-02-15,510050,267
2011-02-16,510050,268
2011-02-17,510050,269
2011-02-18,510050,270
2011-02-21,510050,271
2011-02-22,510050,272
2011-02-23,,273
2011-02-24,,274
2011-02-25,510050,275
2011-02-28,510050,276
2011-03-01,,277
2011-03-02,,278
2011-03-03,,279
2011-03-04,,280
2011-03-07,,281
2011-03-08,,282
2011-03-09,,283
2011-03-10,,284
2011-03-11,,285
2011-03-14,,286
2011-03-15,510050,287
2011-03-16,,288
2011-03-17,,289
2011-03-18,,290
2011-03-21,,291
2011-03-22,,292
2011-03-23,,293
2011-03-24,,294
2011-03-25,510050,295
2011-03-28,,296
2011-03-29,,297
2011-03-30,,298
2011-03-31,,299
2011-04-01,,300
2011-04-06,,301
2011-04-07,510050,302
2011-04-08,510050,303
2011-04-11,510050,304
2011-04-12,510050,305
2011-04-13,510050,306
2011-04-14,510050,307
2011-04-15,510050,308
2011-04-18,510050,309
2011-04-19,510050,310
2011-04-20,,311
2011-04-21,,312
2011-04-22,,313
2011-04-25,510050,314
2011-04-26,,315
2011-04-27,,316
2011-04-28,,317
2011-04-29,,318
2011-05-03,,319
2011-05-04,,320
2011-05-05,,321
2011-05-06,,322
2011-05-09,,323
2011-05-10,,324
2011-05-11,,325
2011-05-12,510050,326
2011-05-13,510050,327
2011-05-16,510050,328
2011-05-17,510050,329
2011-05-18,510050,330
2011-05-19,,331
2011-05-20,,332
2011-05-23,510050,333
2011-05-24,,334
2011-05-25,,335
2011-05-26,,336
2011-05-27,510050,337
2011-05-30,510050,338
2011-05-31,510050,339
2011-06-01,510050,340
2011-06-02,510050,341
2011-06-03,510050,342
2011-06-07,,343
2011-06-08,,344
2011-06-09,,345
2011-06-10,,346
2011-06-13,,347
2011-06-14,,348
2011-06-15,,349
2011-06-16,,350
2011-06-17,,351
2011-06-20,,352
2011-06-21,,353
2011-06-22,,354
2011-06-23,,355
2011-06-24,510050,356
2011-06-27,510050,357
2011-06-28,510050,358
2011-06-29,510050,359
2011-06-30,510050,360
2011-07-01,510050,361
2011-07-04,510050,362
2011-07-05,510050,363
2011-07-06,510050,364
2011-07-07,,365
2011-07-08,,366
2011-07-11,,367
2011-07-12,510050,368
2011-07-13,,369
2011-07-14,,370
2011-07-15,510050,371
2011-07-18,510050,372
2011-07-19,510050,373
2011-07-20,510050,374
2011-07-21,510050,375
2011-07-22,,376
2011-07-25,510050,377
2011-07-26,,378
2011-07-27,510050,379
2011-07-28,510050,380
2011-07-29,510050,381
2011-08-01,,382
2011-08-02,,383
2011-08-03,,384
2011-08-04,,385
2011-08-05,510050,386
2011-08-08,510050,387
2011-08-09,510050,388
2011-08-10,,389
2011-08-11,,390
2011-08-12,,391
2011-08-15,,392
2011-08-16,,393
2011-08-17,,394
2011-08-18,,395
2011-08-19,,396
2011-08-22,,397
2011-08-23,,398
2011-08-24,,399
2011-08-25,510050,400
2011-08-26,510050,401
2011-08-29,510050,402
2011-08-30,510050,403
2011-08-31,,404
2011-09-01,,405
2011-09-02,,406
2011-09-05,510050,407
2011-09-06,510050,408
2011-09-07,510050,409
2011-09-08,510050,410
2011-09-09,510050,411
2011-09-13,510050,412
2011-09-14,510050,413
2011-09-15,,414
2011-09-16,,415
2011-09-19,510050,416
2011-09-20,,417
2011-09-21,510050,418
2011-09-22,510050,419
2011-09-23,,420
2011-09-26,,421
2011-09-27,,422
2011-09-28,510050,423
2011-09-29,510050,424
2011-09-30,510050,425
2011-10-10,510050,426
2011-10-11,510050,427
2011-10-12,510050,428
2011-10-13,510050,429
2011-10-14,510050,430
2011-10-17,,431
2011-10-18,510050,432
2011-10-19,,433
2011-10-20,,434
2011-10-21,,435
2011-10-24,,436
2011-10-25,,437
2011-10-26,,438
2011-10-27,510050,439
2011-10-28,510050,440
2011-10-31,510050,441
2011-11-01,510050,442
2011-11-02,510050,443
2011-11-03,510050,444
2011-11-04,510050,445
2011-11-07,510050,446
2011-11-08,510050,447
2011-11-09,510050,448
2011-11-10,510050,449
2011-11-11,,450
2011-11-14,510050,451
2011-11-15,,452
2011-11-16,510050,453
2011-11-17,,454
2011-11-18,510050,455
2011-11-21,510050,456
2011-11-22,510050,457
2011-11-23,510050,458
2011-11-24,510050,459
2011-11-25,,460
2011-11-28,,461
2011-11-29,,462
2011-11-30,510050,463
2011-12-01,510050,464
2011-12-02,,465
2011-12-05,,466
2011-12-06,,467
2011-12-07,,468
2011-12-08,,469
2011-12-09,,470
2011-12-12,,471
2011-12-13,510050,472
2011-12-14,,473
2011-12-15,510050,474
2011-12-16,,475
2011-12-19,,476
2011-12-20,,477
2011-12-21,,478
2011-12-22,,479
2011-12-23,,480
2011-12-26,,481
2011-12-27,,482
2011-12-28,,483
2011-12-29,,484
2011-12-30,,485
2012-01-04,510050,486
2012-01-05,510050,487
2012-01-06,,488
2012-01-09,510050,489
2012-01-10,510050,490
2012-01-11,510050,491
2012-01-12,510050,492
2012-01-13,510050,493
2012-01-16,510050,494
2012-01-17,510050,495
2012-01-18,510050,496
2012-01-19,510050,497
2012-01-20,510050,498
2012-01-30,510050,499
2012-01-31,510050,500
2012-02-01,510050,501
2012-02-02,510050,502
2012-02-03,,503
2012-02-06,,504
2012-02-07,,505
2012-02-08,,506
2012-02-09,,507
2012-02-10,510050,508
2012-02-13,510050,509
2012-02-14,510050,510
2012-02-15,510050,511
2012-02-16,510050,512
2012-02-17,,513
2012-02-20,,514
2012-02-21,,515
2012-02-22,,516
2012-02-23,,517
2012-02-24,,518
2012-02-27,510050,519
2012-02-28,510050,520
2012-02-29,,521
2012-03-01,,522
2012-03-02,510050,523
2012-03-05,,524
2012-03-06,510050,525
2012-03-07,510050,526
2012-03-08,510050,527
2012-03-09,,528
2012-03-12,,529
2012-03-13,,530
2012-03-14,,531
2012-03-15,,532
2012-03-16,,533
2012-03-19,,534
2012-03-20,,535
2012-03-21,,536
2012-03-22,,537
2012-03-23,,538
2012-03-26,,539
2012-03-27,,540
2012-03-28,510050,541
2012-03-29,510050,542
2012-03-30,,543
2012-04-05,,544
2012-04-06,,545
2012-04-09,,546
2012-04-10,,547
2012-04-11,510050,548
2012-04-12,510050,549
2012-04-13,510050,550
2012-04-16,510050,551
2012-04-17,510050,552
2012-04-18,510050,553
2012-04-19,510050,554
2012-04-20,510050,555
2012-04-23,510050,556
2012-04-24,510050,557
2012-04-25,510050,558
2012-04-26,,559
2012-04-27,,560
2012-05-02,,561
2012-05-03,,562
2012-05-04,510050,563
2012-05-07,510050,564
2012-05-08,510050,565
2012-05-09,,566
2012-05-10,,567
2012-05-11,,568
2012-05-14,,569
2012-05-15,,570
2012-05-16,510050,571
2012-05-17,,572
2012-05-18,510050,573
2012-05-21,510050,574
2012-05-22,,575
2012-05-23,,576
2012-05-24,510050,577
2012-05-25,510050,578
2012-05-28,510050,579
2012-05-29,,580
2012-05-30,,581
2012-05-31,,582
2012-06-01,,583
2012-06-04,510050,584
2012-06-05,,585
2012-06-06,,586
2012-06-07,510050,587
2012-06-08,510050,588
2012-06-11,510050,589
2012-06-12,510050,590
2012-06-13,510050,591
2012-06-14,,592
2012-06-15,510050,593
2012-06-18,,594
2012-06-19,,595
2012-06-20,,596
2012-06-21,510050,597
2012-06-25,510050,598
2012-06-26,510050,599
2012-06-27,510050,600
2012-06-28,,601
2012-06-29,,602
2012-07-02,,603
2012-07-03,,604
2012-07-04,,605
2012-07-05,,606
2012-07-06,,607
2012-07-09,510050,608
2012-07-10,,609
2012-07-11,,610
2012-07-12,,611
2012-07-13,,612
2012-07-16,,613
2012-07-17,,614
2012-07-18,,615
2012-07-19,,616
2012-07-20,,617
2012-07-23,510050,618
2012-07-24,,619
2012-07-25,510050,620
2012-07-26,510050,621
2012-07-27,510050,622
2012-07-30,,623
2012-07-31,,624
2012-08-01,,625
2012-08-02,,626
2012-08-03,,627
2012-08-06,510050,628
2012-08-07,510050,629
2012-08-08,510050,630
2012-08-09,510050,631
2012-08-10,,632
2012-08-13,510050,633
2012-08-14,,634
2012-08-15,510050,635
2012-08-16,,636
2012-08-17,,637
2012-08-20,,638
2012-08-21,,639
2012-08-22,,640
2012-08-23,,641
2012-08-24,,642
2012-08-27,510050,643
2012-08-28,510050,644
2012-08-29,,645
2012-08-30,,646
2012-08-31,,647
2012-09-03,,648
2012-09-04,,649
2012-09-05,,650
2012-09-06,,651
2012-09-07,510050,652
2012-09-10,510050,653
2012-09-11,510050,654
2012-09-12,510050,655
2012-09-13,510050,656
2012-09-14,,657
2012-09-17,510050,658
2012-09-18,510050,659
2012-09-19,,660
2012-09-20,510050,661
2012-09-21,,662
2012-09-24,,663
2012-09-25,,664
2012-09-26,,665
2012-09-27,510050,666
2012-09-28,510050,667
2012-10-08,510050,668
2012-10-09,510050,669
2012-10-10,510050,670
2012-10-11,510050,671
2012-10-12,510050,672
2012-10-15,510050,673
2012-10-16,510050,674
2012-10-17,510050,675
2012-10-18,510050,676
2012-10-19,510050,677
2012-10-22,510050,678
2012-10-23,510050,679
2012-10-24,,680
2012-10-25,,681
2012-10-26,510050,682
2012-10-29,,683
2012-10-30,,684
2012-10-31,,685
2012-11-01,,686
2012-11-02,,687
2012-11-05,,688
2012-11-06,,689
2012-11-07,,690
2012-11-08,510050,691
2012-11-09,,692
2012-11-12,,693
2012-11-13,510050,694
2012-11-14,510050,695
2012-11-15,510050,696
2012-11-16,510050,697
2012-11-19,510050,698
2012-11-20,,699
2012-11-21,510050,700
2012-11-22,,701
2012-11-23,,702
2012-11-26,,703
2012-11-27,,704
2012-11-28,,705
2012-11-29,,706
2012-11-30,,707
2012-12-03,,708
2012-12-04,,709
2012-12-05,510050,710
2012-12-06,510050,711
2012-12-07,510050,712
2012-12-10,510050,713
2012-12-11,510050,714
2012-12-12,510050,715
2012-12-13,510050,716
2012-12-14,510050,717
2012-12-17,510050,718
2012-12-18,510050,719
2012-12-19,510050,720
2012-12-20,510050,721
2012-12-21,510050,722
2012-12-24,,723
2012-12-25,510050,724
2012-12-26,510050,725
2012-12-27,,726
2012-12-28,,727
2012-12-31,,728
2013-01-04,,729
2013-01-07,510050,730
2013-01-08,510050,731
2013-01-09,510050,732
2013-01-10,510050,733
2013-01-11,510050,734
2013-01-14,510050,735
2013-01-15,510050,736
2013-01-16,510050,737
2013-01-17,510050,738
2013-01-18,510050,739
2013-01-21,510050,740
2013-01-22,510050,741
2013-01-23,,742
2013-01-24,510050,743
2013-01-25,,744
2013-01-28,,745
2013-01-29,,746
2013-01-30,510050,747
2013-01-31,510050,748
2013-02-01,510050,749
2013-02-04,510050,750
2013-02-05,510050,751
2013-02-06,,752
2013-02-07,510050,753
2013-02-08,,754
2013-02-18,510050,755
2013-02-19,510050,756
2013-02-20,510050,757
2013-02-21,510050,758
2013-02-22,,759
2013-02-25,,760
2013-02-26,510050,761
2013-02-27,,762
2013-02-28,510050,763
2013-03-01,,764
2013-03-04,510050,765
2013-03-05,,766
2013-03-06,,767
2013-03-07,,768
2013-03-08,,769
2013-03-11,,770
2013-03-12,,771
2013-03-13,,772
2013-03-14,,773
2013-03-15,,774
2013-03-18,,775
2013-03-19,,776
2013-03-20,,777
2013-03-21,,778
2013-03-22,,779
2013-03-25,,780
2013-03-26,,781
2013-03-27,,782
2013-03-28,510050,783
2013-03-29,,784
2013-04-01,510050,785
2013-04-02,510050,786
2013-04-03,510050,787
2013-04-08,510050,788
2013-04-09,,789
2013-04-10,,790
2013-04-11,,791
2013-04-12,,792
2013-04-15,,793
2013-04-16,,794
2013-04-17,,795
2013-04-18,,796
2013-04-19,510050,797
2013-04-22,,798
2013-04-23,510050,799
2013-04-24,,800
2013-04-25,,801
2013-04-26,,802
2013-05-02,,803
2013-05-03,,804
2013-05-06,,805
2013-05-07,,806
2013-05-08,,807
2013-05-09,,808
2013-05-10,,809
2013-05-13,,810
2013-05-14,,811
2013-05-15,,812
2013-05-16,,813
2013-05-17,,814
2013-05-20,,815
2013-05-21,,816
2013-05-22,,817
2013-05-23,510050,818
2013-05-24,510050,819
2013-05-27,510050,820
2013-05-28,510050,821
2013-05-29,510050,822
2013-05-30,510050,823
2013-05-31,510050,824
2013-06-03,,825
2013-06-04,,826
2013-06-05,,827
2013-06-06,,828
2013-06-07,,829
2013-06-13,510300,830
2013-06-14,,831
2013-06-17,510300,832
2013-06-18,510300,833
2013-06-19,510300,834
2013-06-20,510050,835
2013-06-21,510050,836
2013-06-24,510050,837
2013-06-25,510050,838
2013-06-26,510050,839
2013-06-27,510050,840
2013-06-28,510050,841
2013-07-01,510050,842
2013-07-02,510300,843
2013-07-03,510300,844
2013-07-04,510300,845
2013-07-05,,846
2013-07-08,510300,847
2013-07-09,510300,848
2013-07-10,,849
2013-07-11,510050,850
2013-07-12,510050,851
2013-07-15,510050,852
2013-07-16,510050,853
2013-07-17,510050,854
2013-07-18,510050,855
2013-07-19,510050,856
2013-07-22,510050,857
2013-07-23,510050,858
2013-07-24,510050,859
2013-07-25,510050,860
2013-07-26,,861
2013-07-29,,862
2013-07-30,,863
2013-07-31,,864
2013-08-01,,865
2013-08-02,,866
2013-08-05,,867
2013-08-06,,868
2013-08-07,,869
2013-08-08,,870
2013-08-09,,871
2013-08-12,510300,872
2013-08-13,510300,873
2013-08-14,510300,874
2013-08-15,510300,875
2013-08-16,510300,876
2013-08-19,,877
2013-08-20,510050,878
2013-08-21,510050,879
2013-08-22,510050,880
2013-08-23,510050,881
2013-08-26,510050,882
2013-08-27,510050,883
2013-08-28,510050,884
2013-08-29,510050,885
2013-08-30,,886
2013-09-02,,887
2013-09-03,,888
2013-09-04,,889
2013-09-05,,890
2013-09-06,,891
2013-09-09,510050,892
2013-09-10,510050,893
2013-09-11,510300,894
2013-09-12,510300,895
2013-09-13,510300,896
2013-09-16,510300,897
2013-09-17,510300,898
2013-09-18,510300,899
2013-09-23,510300,900
2013-09-24,510300,901
2013-09-25,510300,902
2013-09-26,510300,903
2013-09-27,510300,904
2013-09-30,510300,905
2013-10-08,510300,906
2013-10-09,510300,907
2013-10-10,510300,908
2013-10-11,510300,909
2013-10-14,510300,910
2013-10-15,,911
2013-10-16,,912
2013-10-17,,913
2013-10-18,,914
2013-10-21,510050,915
2013-10-22,510050,916
2013-10-23,510050,917
2013-10-24,510050,918
2013-10-25,510050,919
2013-10-28,,920
2013-10-29,510300,921
2013-10-30,510050,922
2013-10-31,,923
2013-11-01,,924
2013-11-04,,925
2013-11-05,,926
2013-11-06,,927
2013-11-07,,928
2013-11-08,510300,929
2013-11-11,,930
2013-11-12,,931
2013-11-13,510050,932
2013-11-14,,933
2013-11-15,,934
2013-11-18,,935
2013-11-19,510300,936
2013-11-20,510300,937
2013-11-21,510300,938
2013-11-22,510300,939
2013-11-25,,940
2013-11-26,,941
2013-11-27,,942
2013-11-28,510050,943
2013-11-29,,944
2013-12-02,510050,945
2013-12-03,510050,946
2013-12-04,,947
2013-12-05,510050,948
2013-12-06,510050,949
2013-12-09,510050,950
2013-12-10,,951
2013-12-11,510050,952
2013-12-12,510050,953
2013-12-13,510050,954
2013-12-16,510050,955
2013-12-17,510050,956
2013-12-18,510050,957
2013-12-19,510050,958
2013-12-20,510050,959
2013-12-23,510050,960
2013-12-24,,961
2013-12-25,,962
2013-12-26,510300,963
2013-12-27,510300,964
2013-12-30,,965
2013-12-31,510300,966
2014-01-02,510300,967
2014-01-03,510300,968
2014-01-06,510300,969
2014-01-07,,970
2014-01-08,,971
2014-01-09,510300,972
2014-01-10,510300,973
2014-01-13,510300,974
2014-01-14,,975
2014-01-15,510300,976
2014-01-16,,977
2014-01-17,510300,978
2014-01-20,510300,979
2014-01-21,510050,980
2014-01-22,510050,981
2014-01-23,510050,982
2014-01-24,510050,983
2014-01-27,510050,984
2014-01-28,510050,985
2014-01-29,,986
2014-01-30,510050,987
2014-02-07,510050,988
2014-02-10,510050,989
2014-02-11,510050,990
2014-02-12,510050,991
2014-02-13,510050,992
2014-02-14,510050,993
2014-02-17,510050,994
2014-02-18,510050,995
2014-02-19,510300,996
2014-02-20,510300,997
2014-02-21,,998
2014-02-24,,999
2014-02-25,510300,1000
2014-02-26,,1001
2014-02-27,,1002
2014-02-28,,1003
2014-03-03,510300,1004
2014-03-04,510300,1005
2014-03-05,510300,1006
2014-03-06,510300,1007
2014-03-07,510300,1008
2014-03-10,510300,1009
2014-03-11,510300,1010
2014-03-12,,1011
2014-03-13,,1012
2014-03-14,,1013
2014-03-17,,1014
2014-03-18,,1015
2014-03-19,510300,1016
2014-03-20,510300,1017
2014-03-21,510050,1018
2014-03-24,510050,1019
2014-03-25,510050,1020
2014-03-26,510050,1021
2014-03-27,510050,1022
2014-03-28,510050,1023
2014-03-31,510050,1024
2014-04-01,,1025
2014-04-02,,1026
2014-04-03,510300,1027
2014-04-04,510500,1028
2014-04-08,510300,1029
2014-04-09,510050,1030
2014-04-10,510050,1031
2014-04-11,510050,1032
2014-04-14,510050,1033
2014-04-15,510050,1034
2014-04-16,510050,1035
2014-04-17,510050,1036
2014-04-18,510050,1037
2014-04-21,510050,1038
2014-04-22,510050,1039
2014-04-23,510050,1040
2014-04-24,,1041
2014-04-25,510500,1042
2014-04-28,,1043
2014-04-29,510500,1044
2014-04-30,510500,1045
2014-05-05,510500,1046
2014-05-06,510500,1047
2014-05-07,,1048
2014-05-08,510050,1049
2014-05-09,,1050
2014-05-12,510050,1051
2014-05-13,510500,1052
2014-05-14,,1053
2014-05-15,510050,1054
2014-05-16,510050,1055
2014-05-19,510050,1056
2014-05-20,,1057
2014-05-21,510050,1058
2014-05-22,510050,1059
2014-05-23,510050,1060
2014-05-26,510050,1061
2014-05-27,510500,1062
2014-05-28,510300,1063
2014-05-29,510300,1064
2014-05-30,510300,1065
2014-06-03,510300,1066
2014-06-04,510300,1067
2014-06-05,,1068
2014-06-06,,1069
2014-06-09,510050,1070
2014-06-10,510050,1071
2014-06-11,510500,1072
2014-06-12,,1073
2014-06-13,,1074
2014-06-16,510050,1075
2014-06-17,510300,1076
2014-06-18,510300,1077
2014-06-19,510500,1078
2014-06-20,510500,1079
2014-06-23,510500,1080
2014-06-24,510500,1081
2014-06-25,510050,1082
2014-06-26,510050,1083
2014-06-27,510050,1084
2014-06-30,510050,1085
2014-07-01,510500,1086
2014-07-02,510500,1087
2014-07-03,510500,1088
2014-07-04,510500,1089
2014-07-07,510500,1090
2014-07-08,510500,1091
2014-07-09,510500,1092
2014-07-10,510500,1093
2014-07-11,510500,1094
2014-07-14,510500,1095
2014-07-15,510500,1096
2014-07-16,510050,1097
2014-07-17,510300,1098
2014-07-18,510050,1099
2014-07-21,,1100
2014-07-22,510300,1101
2014-07-23,510300,1102
2014-07-24,510050,1103
2014-07-25,510050,1104
2014-07-28,510300,1105
2014-07-29,510050,1106
2014-07-30,510050,1107
2014-07-31,510050,1108
2014-08-01,510050,1109
2014-08-04,510300,1110
2014-08-05,510050,1111
2014-08-06,510300,1112
2014-08-07,510500,1113
2014-08-08,510500,1114
2014-08-11,510500,1115
2014-08-12,510500,1116
2014-08-13,510500,1117
2014-08-14,510500,1118
2014-08-15,510500,1119
2014-08-18,510500,1120
2014-08-19,510500,1121
2014-08-20,510500,1122
2014-08-21,518880,1123
2014-08-22,510300,1124
2014-08-25,510050,1125
2014-08-26,518880,1126
2014-08-27,510500,1127
2014-08-28,510500,1128
2014-08-29,510050,1129
2014-09-01,510050,1130
2014-09-02,510050,1131
2014-09-03,510050,1132
2014-09-04,510050,1133
2014-09-05,510300,1134
2014-09-09,510050,1135
2014-09-10,510050,1136
2014-09-11,510050,1137
2014-09-12,510500,1138
2014-09-15,518880,1139
2014-09-16,510500,1140
2014-09-17,510500,1141
2014-09-18,518880,1142
2014-09-19,518880,1143
2014-09-22,518880,1144
2014-09-23,518880,1145
2014-09-24,518880,1146
2014-09-25,510300,1147
2014-09-26,510300,1148
2014-09-29,510300,1149
2014-09-30,510300,1150
2014-10-08,510500,1151
2014-10-09,510500,1152
2014-10-10,510500,1153
2014-10-13,510500,1154
2014-10-14,510500,1155
2014-10-15,518880,1156
2014-10-16,518880,1157
2014-10-17,518880,1158
2014-10-20,518880,1159
2014-10-21,510050,1160
2014-10-22,510050,1161
2014-10-23,510050,1162
2014-10-24,510050,1163
2014-10-27,510050,1164
2014-10-28,510050,1165
2014-10-29,510300,1166
2014-10-30,518880,1167
2014-10-31,518880,1168
2014-11-03,510050,1169
2014-11-04,518880,1170
2014-11-05,518880,1171
2014-11-06,518880,1172
2014-11-07,518880,1173
2014-11-10,518880,1174
2014-11-11,518880,1175
2014-11-12,518880,1176
2014-11-13,518880,1177
2014-11-14,518880,1178
2014-11-17,510050,1179
2014-11-18,510050,1180
2014-11-19,510050,1181
2014-11-20,510050,1182
2014-11-21,510050,1183
2014-11-24,510300,1184
2014-11-25,510300,1185
2014-11-26,510500,1186
2014-11-27,510300,1187
2014-11-28,510300,1188
2014-12-01,510050,1189
2014-12-02,510300,1190
2014-12-03,510050,1191
2014-12-04,510300,1192
2014-12-05,510050,1193
2014-12-08,510050,1194
2014-12-09,510050,1195
2014-12-10,510050,1196
2014-12-11,510050,1197
2014-12-12,510500,1198
2014-12-15,510300,1199
2014-12-16,510300,1200
2014-12-17,510300,1201
2014-12-18,510050,1202
2014-12-19,510500,1203
2014-12-22,510500,1204
2014-12-23,510050,1205
2014-12-24,510500,1206
2014-12-25,510500,1207
2014-12-26,,1208
2014-12-29,510500,1209
2014-12-30,510500,1210
2014-12-31,510300,1211
2015-01-05,510300,1212
2015-01-06,510050,1213
2015-01-07,510050,1214
2015-01-08,510050,1215
2015-01-09,510050,1216
2015-01-12,510050,1217
2015-01-13,,1218
2015-01-14,,1219
2015-01-15,510300,1220
2015-01-16,,1221
2015-01-19,518880,1222
2015-01-20,518880,1223
2015-01-21,518880,1224
2015-01-22,518880,1225
2015-01-23,518880,1226
2015-01-26,518880,1227
2015-01-27,518880,1228
2015-01-28,510500,1229
2015-01-29,510500,1230
2015-01-30,518880,1231
2015-02-02,518880,1232
2015-02-03,510050,1233
2015-02-04,,1234
2015-02-05,510500,1235
2015-02-06,,1236
2015-02-09,518880,1237
2015-02-10,,1238
2015-02-11,,1239
2015-02-12,,1240
2015-02-13,518880,1241
2015-02-16,,1242
2015-02-17,,1243
2015-02-25,510300,1244
2015-02-26,510050,1245
2015-02-27,510050,1246
2015-03-02,510050,1247
2015-03-03,510500,1248
2015-03-04,510500,1249
2015-03-05,510500,1250
2015-03-06,510500,1251
2015-03-09,510500,1252
2015-03-10,510500,1253
2015-03-11,510500,1254
2015-03-12,510500,1255
2015-03-13,510050,1256
2015-03-16,510050,1257
2015-03-17,510300,1258
2015-03-18,510300,1259
2015-03-19,510300,1260
2015-03-20,510300,1261
2015-03-23,510500,1262
2015-03-24,510500,1263
2015-03-25,510500,1264
2015-03-26,510500,1265
2015-03-27,510500,1266
2015-03-30,510300,1267
2015-03-31,510300,1268
2015-04-01,510500,1269
2015-04-02,510050,1270
2015-04-03,510500,1271
2015-04-07,510500,1272
2015-04-08,510050,1273
2015-04-09,510500,1274
2015-04-10,510300,1275
2015-04-13,510300,1276
2015-04-14,510300,1277
2015-04-15,510300,1278
2015-04-16,510500,1279
2015-04-17,510300,1280
2015-04-20,510500,1281
2015-04-21,510500,1282
2015-04-22,510300,1283
2015-04-23,518880,1284
2015-04-24,510500,1285
2015-04-27,510500,1286
2015-04-28,510300,1287
2015-04-29,510300,1288
2015-04-30,,1289
2015-05-04,518880,1290
2015-05-05,510300,1291
2015-05-06,510300,1292
2015-05-07,,1293
2015-05-08,,1294
2015-05-11,,1295
2015-05-12,510500,1296
2015-05-13,510500,1297
2015-05-14,,1298
2015-05-15,518880,1299
2015-05-18,518880,1300
2015-05-19,510050,1301
2015-05-20,518880,1302
2015-05-21,510050,1303
2015-05-22,510050,1304
2015-05-25,518880,1305
2015-05-26,518880,1306
2015-05-27,518880,1307
2015-05-28,518880,1308
2015-05-29,510050,1309
2015-06-01,510500,1310
2015-06-02,510500,1311
2015-06-03,510300,1312
2015-06-04,510300,1313
2015-06-05,510300,1314
2015-06-08,510300,1315
2015-06-09,510300,1316
2015-06-10,,1317
2015-06-11,510300,1318
2015-06-12,510050,1319
2015-06-15,,1320
2015-06-16,,1321
2015-06-17,510300,1322
2015-06-18,510300,1323
2015-06-19,510300,1324
2015-06-23,510300,1325
2015-06-24,510050,1326
2015-06-25,510050,1327
2015-06-26,510300,1328
2015-06-29,510300,1329
2015-06-30,510300,1330
2015-07-01,510300,1331
2015-07-02,510300,1332
2015-07-03,518880,1333
2015-07-06,518880,1334
2015-07-07,518880,1335
2015-07-08,518880,1336
2015-07-09,518880,1337
2015-07-10,518880,1338
2015-07-13,518880,1339
2015-07-14,518880,1340
2015-07-15,518880,1341
2015-07-16,510050,1342
2015-07-17,510050,1343
2015-07-20,518880,1344
2015-07-21,518880,1345
2015-07-22,518880,1346
2015-07-23,518880,1347
2015-07-24,518880,1348
2015-07-27,518880,1349
2015-07-28,518880,1350
2015-07-29,510500,1351
2015-07-30,510500,1352
2015-07-31,510500,1353
2015-08-03,510500,1354
2015-08-04,510500,1355
2015-08-05,510500,1356
2015-08-06,510500,1357
2015-08-07,510300,1358
2015-08-10,510500,1359
2015-08-11,510500,1360
2015-08-12,518880,1361
2015-08-13,518880,1362
2015-08-14,518880,1363
2015-08-17,518880,1364
2015-08-18,510500,1365
2015-08-19,510500,1366
2015-08-20,518880,1367
2015-08-21,518880,1368
2015-08-24,518880,1369
2015-08-25,510050,1370
2015-08-26,510050,1371
2015-08-27,510050,1372
2015-08-28,510500,1373
2015-08-31,510500,1374
2015-09-01,,1375
2015-09-02,,1376
2015-09-07,,1377
2015-09-08,,1378
2015-09-09,,1379
2015-09-10,,1380
2015-09-11,,1381
2015-09-14,,1382
2015-09-15,,1383
2015-09-16,510300,1384
2015-09-17,510050,1385
2015-09-18,,1386
2015-09-21,510050,1387
2015-09-22,510050,1388
2015-09-23,,1389
2015-09-24,510300,1390
2015-09-25,510300,1391
2015-09-28,510300,1392
2015-09-29,510300,1393
2015-09-30,510300,1394
2015-10-08,518880,1395
2015-10-09,510500,1396
2015-10-12,510300,1397
2015-10-13,510500,1398
2015-10-14,510500,1399
2015-10-15,510500,1400
2015-10-16,510500,1401
2015-10-19,510500,1402
2015-10-20,510500,1403
2015-10-21,510050,1404
2015-10-22,510500,1405
2015-10-23,510500,1406
2015-10-26,510300,1407
2015-10-27,510500,1408
2015-10-28,,1409
2015-10-29,,1410
2015-10-30,,1411
2015-11-02,,1412
2015-11-03,,1413
2015-11-04,510500,1414
2015-11-05,518880,1415
2015-11-06,518880,1416
2015-11-09,518880,1417
2015-11-10,518880,1418
2015-11-11,518880,1419
2015-11-12,518880,1420
2015-11-13,518880,1421
2015-11-16,518880,1422
2015-11-17,518880,1423
2015-11-18,518880,1424
2015-11-19,,1425
2015-11-20,,1426
2015-11-23,,1427
2015-11-24,,1428
2015-11-25,,1429
2015-11-26,,1430
2015-11-27,510050,1431
2015-11-30,,1432
2015-12-01,510300,1433
2015-12-02,510300,1434
2015-12-03,518880,1435
2015-12-04,510050,1436
2015-12-07,518880,1437
2015-12-08,510050,1438
2015-12-09,,1439
2015-12-10,,1440
2015-12-11,518880,1441
2015-12-14,,1442
2015-12-15,518880,1443
2015-12-16,518880,1444
2015-12-17,518880,1445
2015-12-18,518880,1446
2015-12-21,,1447
2015-12-22,,1448
2015-12-23,,1449
2015-12-24,510500,1450
2015-12-25,510500,1451
2015-12-28,,1452
2015-12-29,,1453
2015-12-30,,1454
2015-12-31,510050,1455
2016-01-04,510300,1456
2016-01-05,510500,1457
2016-01-06,518880,1458
2016-01-07,518880,1459
2016-01-08,518880,1460
2016-01-11,510050,1461
2016-01-12,518880,1462
2016-01-13,518880,1463
2016-01-14,518880,1464
2016-01-15,518880,1465
2016-01-18,518880,1466
2016-01-19,510500,1467
2016-01-20,518880,1468
2016-01-21,518880,1469
2016-01-22,510050,1470
2016-01-25,510300,1471
2016-01-26,510300,1472
2016-01-27,510300,1473
2016-01-28,518880,1474
2016-01-29,,1475
2016-02-01,510300,1476
2016-02-02,510300,1477
2016-02-03,510300,1478
2016-02-04,510300,1479
2016-02-05,510500,1480
2016-02-15,518880,1481
2016-02-16,518880,1482
2016-02-17,518880,1483
2016-02-18,518880,1484
2016-02-19,518880,1485
2016-02-22,510300,1486
2016-02-23,518880,1487
2016-02-24,518880,1488
2016-02-25,510050,1489
2016-02-26,518880,1490
2016-02-29,510050,1491
2016-03-01,510500,1492
2016-03-02,510500,1493
2016-03-03,,1494
2016-03-04,510050,1495
2016-03-07,510500,1496
2016-03-08,510500,1497
2016-03-09,518880,1498
2016-03-10,518880,1499
2016-03-11,,1500
2016-03-14,510300,1501
2016-03-15,518880,1502
2016-03-16,,1503
2016-03-17,510500,1504
2016-03-18,510500,1505
2016-03-21,510500,1506
2016-03-22,510500,1507
2016-03-23,510500,1508
2016-03-24,510300,1509
2016-03-25,510500,1510
2016-03-28,510050,1511
2016-03-29,510300,1512
2016-03-30,510500,1513
2016-03-31,510050,1514
2016-04-01,510050,1515
2016-04-05,510050,1516
2016-04-06,510300,1517
2016-04-07,,1518
2016-04-08,,1519
2016-04-11,,1520
2016-04-12,,1521
2016-04-13,510050,1522
2016-04-14,,1523
2016-04-15,,1524
2016-04-18,,1525
2016-04-19,,1526
2016-04-20,510050,1527
2016-04-21,518880,1528
2016-04-22,518880,1529
2016-04-25,518880,1530
2016-04-26,,1531
2016-04-27,518880,1532
2016-04-28,518880,1533
2016-04-29,518880,1534
2016-05-03,518880,1535
2016-05-04,518880,1536
2016-05-05,518880,1537
2016-05-06,510300,1538
2016-05-09,510300,1539
2016-05-10,518880,1540
2016-05-11,,1541
2016-05-12,510500,1542
2016-05-13,510500,1543
2016-05-16,510500,1544
2016-05-17,510500,1545
2016-05-18,510050,1546
2016-05-19,510500,1547
2016-05-20,510300,1548
2016-05-23,,1549
2016-05-24,510050,1550
2016-05-25,518880,1551
2016-05-26,510300,1552
2016-05-27,,1553
2016-05-30,510050,1554
2016-05-31,510300,1555
2016-06-01,510300,1556
2016-06-02,510050,1557
2016-06-03,510300,1558
2016-06-06,510050,1559
2016-06-07,510500,1560
2016-06-08,510300,1561
2016-06-13,510300,1562
2016-06-14,518880,1563
2016-06-15,510500,1564
2016-06-16,518880,1565
2016-06-17,518880,1566
2016-06-20,518880,1567
2016-06-21,518880,1568
2016-06-22,518880,1569
2016-06-23,518880,1570
2016-06-24,518880,1571
2016-06-27,518880,1572
2016-06-28,518880,1573
2016-06-29,518880,1574
2016-06-30,518880,1575
2016-07-01,518880,1576
2016-07-04,518880,1577
2016-07-05,510300,1578
2016-07-06,510300,1579
2016-07-07,510300,1580
2016-07-08,510300,1581
2016-07-11,510300,1582
2016-07-12,510500,1583
2016-07-13,510300,1584
2016-07-14,510300,1585
2016-07-15,510300,1586
2016-07-18,510300,1587
2016-07-19,510300,1588
2016-07-20,,1589
2016-07-21,510300,1590
2016-07-22,510300,1591
2016-07-25,510300,1592
2016-07-26,510050,1593
2016-07-27,510500,1594
2016-07-28,510050,1595
2016-07-29,,1596
2016-08-01,,1597
2016-08-02,,1598
2016-08-03,518880,1599
2016-08-04,518880,1600
2016-08-05,518880,1601
2016-08-08,518880,1602
2016-08-09,510300,1603
2016-08-10,518880,1604
2016-08-11,510050,1605
2016-08-12,510050,1606
2016-08-15,510050,1607
2016-08-16,510050,1608
2016-08-17,510050,1609
2016-08-18,510050,1610
2016-08-19,510050,1611
2016-08-22,,1612
2016-08-23,,1613
2016-08-24,,1614
2016-08-25,518880,1615
2016-08-26,,1616
2016-08-29,,1617
2016-08-30,,1618
2016-08-31,510300,1619
2016-09-01,510300,1620
2016-09-02,510300,1621
2016-09-05,510300,1622
2016-09-06,510500,1623
2016-09-07,510300,1624
2016-09-08,,1625
2016-09-09,510500,1626
2016-09-12,510500,1627
2016-09-13,510500,1628
2016-09-14,510500,1629
2016-09-19,,1630
2016-09-20,,1631
2016-09-21,510500,1632
2016-09-22,,1633
2016-09-23,,1634
2016-09-26,510050,1635
2016-09-27,510050,1636
2016-09-28,510050,1637
2016-09-29,510050,1638
2016-09-30,510050,1639
2016-10-10,518880,1640
2016-10-11,518880,1641
2016-10-12,518880,1642
2016-10-13,518880,1643
2016-10-14,518880,1644
2016-10-17,510500,1645
2016-10-18,510500,1646
2016-10-19,510500,1647
2016-10-20,510050,1648
2016-10-21,510050,1649
2016-10-24,510050,1650
2016-10-25,510050,1651
2016-10-26,510050,1652
2016-10-27,510300,1653
2016-10-28,510300,1654
2016-10-31,,1655
2016-11-01,510300,1656
2016-11-02,510300,1657
2016-11-03,510300,1658
2016-11-04,510300,1659
2016-11-07,518880,1660
2016-11-08,518880,1661
2016-11-09,518880,1662
2016-11-10,518880,1663
2016-11-11,518880,1664
2016-11-14,518880,1665
2016-11-15,518880,1666
2016-11-16,518880,1667
2016-11-17,518880,1668
2016-11-18,518880,1669
2016-11-21,510050,1670
2016-11-22,510300,1671
2016-11-23,510300,1672
2016-11-24,510300,1673
2016-11-25,510300,1674
2016-11-28,510300,1675
2016-11-29,510050,1676
2016-11-30,510050,1677
2016-12-01,510050,1678
2016-12-02,510300,1679
2016-12-05,510300,1680
2016-12-06,510300,1681
2016-12-07,510300,1682
2016-12-08,510300,1683
2016-12-09,510500,1684
2016-12-12,510500,1685
2016-12-13,510500,1686
2016-12-14,510500,1687
2016-12-15,510500,1688
2016-12-16,510500,1689
2016-12-19,510500,1690
2016-12-20,510300,1691
2016-12-21,510050,1692
2016-12-22,510300,1693
2016-12-23,518880,1694
2016-12-26,518880,1695
2016-12-27,518880,1696
2016-12-28,,1697
2016-12-29,,1698
2016-12-30,518880,1699
2017-01-03,518880,1700
2017-01-04,518880,1701
2017-01-05,518880,1702
2017-01-06,,1703
2017-01-09,,1704
2017-01-10,518880,1705
2017-01-11,510300,1706
2017-01-12,510500,1707
2017-01-13,510500,1708
2017-01-16,510050,1709
2017-01-17,518880,1710
2017-01-18,510500,1711
2017-01-19,518880,1712
2017-01-20,510500,1713
2017-01-23,510300,1714
2017-01-24,,1715
2017-01-25,,1716
2017-01-26,,1717
2017-02-03,510300,1718
2017-02-06,,1719
2017-02-07,,1720
2017-02-08,510050,1721
2017-02-09,510050,1722
2017-02-10,518880,1723
2017-02-13,,1724
2017-02-14,,1725
2017-02-15,518880,1726
2017-02-16,510500,1727
2017-02-17,510500,1728
2017-02-20,510050,1729
2017-02-21,510050,1730
2017-02-22,510500,1731
2017-02-23,510300,1732
2017-02-24,510300,1733
2017-02-27,510300,1734
2017-02-28,510300,1735
2017-03-01,510300,1736
2017-03-02,510500,1737
2017-03-03,510500,1738
2017-03-06,,1739
2017-03-07,,1740
2017-03-08,510300,1741
2017-03-09,510300,1742
2017-03-10,510300,1743
2017-03-13,510300,1744
2017-03-14,518880,1745
2017-03-15,518880,1746
2017-03-16,510050,1747
2017-03-17,510500,1748
2017-03-20,510500,1749
2017-03-21,518880,1750
2017-03-22,518880,1751
2017-03-23,518880,1752
2017-03-24,510050,1753
2017-03-27,510050,1754
2017-03-28,518880,1755
2017-03-29,518880,1756
2017-03-30,518880,1757
2017-03-31,518880,1758
2017-04-05,518880,1759
2017-04-06,518880,1760
2017-04-07,518880,1761
2017-04-10,518880,1762
2017-04-11,510500,1763
2017-04-12,518880,1764
2017-04-13,518880,1765
2017-04-14,510500,1766
2017-04-17,518880,1767
2017-04-18,518880,1768
2017-04-19,510500,1769
2017-04-20,510500,1770
2017-04-21,510050,1771
2017-04-24,510500,1772
2017-04-25,518880,1773
2017-04-26,510500,1774
2017-04-27,510500,1775
2017-04-28,510500,1776
2017-05-02,,1777
2017-05-03,,1778
2017-05-04,518880,1779
2017-05-05,510300,1780
2017-05-08,510050,1781
2017-05-09,510300,1782
2017-05-10,510300,1783
2017-05-11,510500,1784
2017-05-12,510050,1785
2017-05-15,510050,1786
2017-05-16,510050,1787
2017-05-17,510050,1788
2017-05-18,510050,1789
2017-05-19,510050,1790
2017-05-22,510050,1791
2017-05-23,510050,1792
2017-05-24,510050,1793
2017-05-25,510300,1794
2017-05-26,510300,1795
2017-05-31,510300,1796
2017-06-01,510300,1797
2017-06-02,510300,1798
2017-06-05,510300,1799
2017-06-06,510300,1800
2017-06-07,510300,1801
2017-06-08,510300,1802
2017-06-09,510300,1803
2017-06-12,510300,1804
2017-06-13,510300,1805
2017-06-14,510300,1806
2017-06-15,518880,1807
2017-06-16,518880,1808
2017-06-19,518880,1809
2017-06-20,,1810
2017-06-21,,1811
2017-06-22,,1812
2017-06-23,,1813
2017-06-26,510500,1814
2017-06-27,510300,1815
2017-06-28,510300,1816
2017-06-29,510300,1817
2017-06-30,510300,1818
2017-07-03,510300,1819
2017-07-04,510300,1820
2017-07-05,510300,1821
2017-07-06,510500,1822
2017-07-07,518880,1823
2017-07-10,518880,1824
2017-07-11,518880,1825
2017-07-12,510500,1826
2017-07-13,518880,1827
2017-07-14,518880,1828
2017-07-17,510300,1829
2017-07-18,510050,1830
2017-07-19,510050,1831
2017-07-20,510050,1832
2017-07-21,510050,1833
2017-07-24,510050,1834
2017-07-25,510050,1835
2017-07-26,518880,1836
2017-07-27,159949,1837
2017-07-28,518880,1838
2017-07-31,510500,1839
2017-08-01,518880,1840
2017-08-02,510500,1841
2017-08-03,159949,1842
2017-08-04,,1843
2017-08-07,510050,1844
2017-08-08,159949,1845
2017-08-09,510050,1846
2017-08-10,518880,1847
2017-08-11,510500,1848
2017-08-14,159949,1849
2017-08-15,510300,1850
2017-08-16,159949,1851
2017-08-17,159949,1852
2017-08-18,159949,1853
2017-08-21,159949,1854
2017-08-22,159949,1855
2017-08-23,159949,1856
2017-08-24,510300,1857
2017-08-25,510300,1858
2017-08-28,512880,1859
2017-08-29,512880,1860
2017-08-30,512880,1861
2017-08-31,512880,1862
2017-09-01,512880,1863
2017-09-04,510300,1864
2017-09-05,512880,1865
2017-09-06,512880,1866
2017-09-07,512880,1867
2017-09-08,510500,1868
2017-09-11,510500,1869
2017-09-12,510500,1870
2017-09-13,510500,1871
2017-09-14,510500,1872
2017-09-15,510500,1873
2017-09-18,,1874
2017-09-19,,1875
2017-09-20,,1876
2017-09-21,,1877
2017-09-22,512880,1878
2017-09-25,510500,1879
2017-09-26,,1880
2017-09-27,510050,1881
2017-09-28,518880,1882
2017-09-29,510300,1883
2017-10-09,510300,1884
2017-10-10,510300,1885
2017-10-11,,1886
2017-10-12,,1887
2017-10-13,159949,1888
2017-10-16,159949,1889
2017-10-17,512880,1890
2017-10-18,510050,1891
2017-10-19,512880,1892
2017-10-20,,1893
2017-10-23,510500,1894
2017-10-24,512880,1895
2017-10-25,,1896
2017-10-26,510300,1897
2017-10-27,510300,1898
2017-10-30,510300,1899
2017-10-31,510050,1900
2017-11-01,510050,1901
2017-11-02,510050,1902
2017-11-03,510050,1903
2017-11-06,510050,1904
2017-11-07,510050,1905
2017-11-08,510300,1906
2017-11-09,510300,1907
2017-11-10,510300,1908
2017-11-13,518880,1909
2017-11-14,510300,1910
2017-11-15,510300,1911
2017-11-16,510050,1912
2017-11-17,510050,1913
2017-11-20,510050,1914
2017-11-21,510050,1915
2017-11-22,510300,1916
2017-11-23,510300,1917
2017-11-24,510050,1918
2017-11-27,510050,1919
2017-11-28,510500,1920
2017-11-29,510500,1921
2017-11-30,510300,1922
2017-12-01,159949,1923
2017-12-04,159949,1924
2017-12-05,159949,1925
2017-12-06,518880,1926
2017-12-07,518880,1927
2017-12-08,518880,1928
2017-12-11,159949,1929
2017-12-12,518880,1930
2017-12-13,159949,1931
2017-12-14,518880,1932
2017-12-15,518880,1933
2017-12-18,518880,1934
2017-12-19,518880,1935
2017-12-20,512880,1936
2017-12-21,510300,1937
2017-12-22,510300,1938
2017-12-25,510300,1939
2017-12-26,510300,1940
2017-12-27,510050,1941
2017-12-28,510050,1942
2017-12-29,,1943
2018-01-02,510500,1944
2018-01-03,159949,1945
2018-01-04,510500,1946
2018-01-05,518880,1947
2018-01-08,518880,1948
2018-01-09,512880,1949
2018-01-10,512880,1950
2018-01-11,512880,1951
2018-01-12,512880,1952
2018-01-15,159949,1953
2018-01-16,518880,1954
2018-01-17,512880,1955
2018-01-18,512880,1956
2018-01-19,512880,1957
2018-01-22,159949,1958
2018-01-23,159949,1959
2018-01-24,159949,1960
2018-01-25,159949,1961
2018-01-26,159949,1962
2018-01-29,510300,1963
2018-01-30,510300,1964
2018-01-31,510300,1965
2018-02-01,510300,1966
2018-02-02,510500,1967
2018-02-05,510500,1968
2018-02-06,159949,1969
2018-02-07,510500,1970
2018-02-08,510500,1971
2018-02-09,510500,1972
2018-02-12,510500,1973
2018-02-13,512880,1974
2018-02-14,510050,1975
2018-02-22,510050,1976
2018-02-23,510050,1977
2018-02-26,518880,1978
2018-02-27,518880,1979
2018-02-28,510050,1980
2018-03-01,510050,1981
2018-03-02,510050,1982
2018-03-05,510050,1983
2018-03-06,518880,1984
2018-03-07,159949,1985
2018-03-08,159949,1986
2018-03-09,512100,1987
2018-03-12,510500,1988
2018-03-13,159949,1989
2018-03-14,159949,1990
2018-03-15,512100,1991
2018-03-16,512880,1992
2018-03-19,510050,1993
2018-03-20,512880,1994
2018-03-21,512880,1995
2018-03-22,510300,1996
2018-03-23,512100,1997
2018-03-26,510500,1998
2018-03-27,512100,1999
2018-03-28,518880,2000
2018-03-29,518880,2001
2018-03-30,518880,2002
2018-04-02,512880,2003
2018-04-03,518880,2004
2018-04-04,518880,2005
2018-04-09,,2006
2018-04-10,518880,2007
2018-04-11,510050,2008
2018-04-12,510050,2009
2018-04-13,510050,2010
2018-04-16,510050,2011
2018-04-17,159949,2012
2018-04-18,518880,2013
2018-04-19,518880,2014
2018-04-20,518880,2015
2018-04-23,518880,2016
2018-04-24,512880,2017
2018-04-25,159949,2018
2018-04-26,510300,2019
2018-04-27,510500,2020
2018-05-02,510300,2021
2018-05-03,510500,2022
2018-05-04,512880,2023
2018-05-07,512100,2024
2018-05-08,510300,2025
2018-05-09,,2026
2018-05-10,512100,2027
2018-05-11,512100,2028
2018-05-14,510300,2029
2018-05-15,510300,2030
2018-05-16,510050,2031
2018-05-17,510050,2032
2018-05-18,510050,2033
2018-05-21,510050,2034
2018-05-22,510050,2035
2018-05-23,510050,2036
2018-05-24,518880,2037
2018-05-25,518880,2038
2018-05-28,518880,2039
2018-05-29,512880,2040
2018-05-30,159949,2041
2018-05-31,510500,2042
2018-06-01,510500,2043
2018-06-04,510500,2044
2018-06-05,510500,2045
2018-06-06,510500,2046
2018-06-07,518880,2047
2018-06-08,510500,2048
2018-06-11,,2049
2018-06-12,,2050
2018-06-13,,2051
2018-06-14,518880,2052
2018-06-15,510500,2053
2018-06-19,510300,2054
2018-06-20,510500,2055
2018-06-21,512100,2056
2018-06-22,512100,2057
2018-06-25,512100,2058
2018-06-26,512100,2059
2018-06-27,512100,2060
2018-06-28,512880,2061
2018-06-29,512880,2062
2018-07-02,512100,2063
2018-07-03,510300,2064
2018-07-04,159949,2065
2018-07-05,,2066
2018-07-06,,2067
2018-07-09,,2068
2018-07-10,518880,2069
2018-07-11,510500,2070
2018-07-12,518880,2071
2018-07-13,518880,2072
2018-07-16,159949,2073
2018-07-17,518880,2074
2018-07-18,518880,2075
2018-07-19,518880,2076
2018-07-20,518880,2077
2018-07-23,512880,2078
2018-07-24,518880,2079
2018-07-25,510050,2080
2018-07-26,510050,2081
2018-07-27,510050,2082
2018-07-30,510050,2083
2018-07-31,510050,2084
2018-08-01,510300,2085
2018-08-02,512880,2086
2018-08-03,159949,2087
2018-08-06,512100,2088
2018-08-07,512100,2089
2018-08-08,159949,2090
2018-08-09,512100,2091
2018-08-10,512100,2092
2018-08-13,510500,2093
2018-08-14,159949,2094
2018-08-15,159949,2095
2018-08-16,518880,2096
2018-08-17,,2097
2018-08-20,518880,2098
2018-08-21,518880,2099
2018-08-22,518880,2100
2018-08-23,518880,2101
2018-08-24,518880,2102
2018-08-27,518880,2103
2018-08-28,518880,2104
2018-08-29,518880,2105
2018-08-30,518880,2106
2018-08-31,510050,2107
2018-09-03,518880,2108
2018-09-04,512880,2109
2018-09-05,510300,2110
2018-09-06,510300,2111
2018-09-07,510050,2112
2018-09-10,512880,2113
2018-09-11,512100,2114
2018-09-12,518880,2115
2018-09-13,510500,2116
2018-09-14,159949,2117
2018-09-17,518880,2118
2018-09-18,518880,2119
2018-09-19,510050,2120
2018-09-20,510050,2121
2018-09-21,510050,2122
2018-09-25,510050,2123
2018-09-26,510300,2124
2018-09-27,510300,2125
2018-09-28,510050,2126
2018-10-08,510300,2127
2018-10-09,510050,2128
2018-10-10,510050,2129
2018-10-11,512100,2130
2018-10-12,512880,2131
2018-10-15,512100,2132
2018-10-16,159949,2133
2018-10-17,512100,2134
2018-10-18,512100,2135
2018-10-19,159949,2136
2018-10-22,512100,2137
2018-10-23,512100,2138
2018-10-24,512880,2139
2018-10-25,510050,2140
2018-10-26,510050,2141
2018-10-29,510050,2142
2018-10-30,512880,2143
2018-10-31,512880,2144
2018-11-01,518880,2145
2018-11-02,510500,2146
2018-11-05,512100,2147
2018-11-06,159949,2148
2018-11-07,159949,2149
2018-11-08,510500,2150
2018-11-09,510500,2151
2018-11-12,510500,2152
2018-11-13,518880,2153
2018-11-14,518880,2154
2018-11-15,159949,2155
2018-11-16,159949,2156
2018-11-19,159949,2157
2018-11-20,159949,2158
2018-11-21,512880,2159
2018-11-22,512880,2160
2018-11-23,512880,2161
2018-11-26,512880,2162
2018-11-27,,2163
2018-11-28,510050,2164
2018-11-29,159949,2165
2018-11-30,510500,2166
2018-12-03,510300,2167
2018-12-04,,2168
2018-12-05,159949,2169
2018-12-06,510050,2170
2018-12-07,,2171
2018-12-10,,2172
2018-12-11,518880,2173
2018-12-12,518880,2174
2018-12-13,518880,2175
2018-12-14,518880,2176
2018-12-17,518880,2177
2018-12-18,518880,2178
2018-12-19,518880,2179
2018-12-20,518880,2180
2018-12-21,518880,2181
2018-12-24,518880,2182
2018-12-25,510500,2183
2018-12-26,518880,2184
2018-12-27,512100,2185
2018-12-28,518880,2186
2019-01-02,518880,2187
2019-01-03,518880,2188
2019-01-04,512880,2189
2019-01-07,518880,2190
2019-01-08,518880,2191
2019-01-09,518880,2192
2019-01-10,512880,2193
2019-01-11,510050,2194
2019-01-14,510050,2195
2019-01-15,510050,2196
2019-01-16,510050,2197
2019-01-17,510050,2198
2019-01-18,510050,2199
2019-01-21,510050,2200
2019-01-22,510050,2201
2019-01-23,510050,2202
2019-01-24,510050,2203
2019-01-25,510050,2204
2019-01-28,159949,2205
2019-01-29,159949,2206
2019-01-30,159949,2207
2019-01-31,512100,2208
2019-02-01,510300,2209
2019-02-11,510300,2210
2019-02-12,512100,2211
2019-02-13,510300,2212
2019-02-14,510300,2213
2019-02-15,512880,2214
2019-02-18,510500,2215
2019-02-19,510500,2216
2019-02-20,512100,2217
2019-02-21,512100,2218
2019-02-22,510500,2219
2019-02-25,510050,2220
2019-02-26,510300,2221
2019-02-27,512880,2222
2019-02-28,512880,2223
2019-03-01,510300,2224
2019-03-04,510300,2225
2019-03-05,510500,2226
2019-03-06,510500,2227
2019-03-07,510500,2228
2019-03-08,512100,2229
2019-03-11,512100,2230
2019-03-12,512100,2231
2019-03-13,512100,2232
2019-03-14,512880,2233
2019-03-15,159949,2234
2019-03-18,510300,2235
2019-03-19,159949,2236
2019-03-20,159949,2237
2019-03-21,159949,2238
2019-03-22,510050,2239
2019-03-25,510050,2240
2019-03-26,512880,2241
2019-03-27,510050,2242
2019-03-28,512880,2243
2019-03-29,510300,2244
2019-04-01,510300,2245
2019-04-02,518880,2246
2019-04-03,518880,2247
2019-04-04,518880,2248
2019-04-08,518880,2249
2019-04-09,518880,2250
2019-04-10,510050,2251
2019-04-11,518880,2252
2019-04-12,518880,2253
2019-04-15,518880,2254
2019-04-16,159949,2255
2019-04-17,518880,2256
2019-04-18,,2257
2019-04-19,518880,2258
2019-04-22,,2259
2019-04-23,,2260
2019-04-24,,2261
2019-04-25,512100,2262
2019-04-26,,2263
2019-04-29,512880,2264
2019-04-30,,2265
2019-05-06,512880,2266
2019-05-07,510300,2267
2019-05-08,510300,2268
2019-05-09,510300,2269
2019-05-10,512880,2270
2019-05-13,510300,2271
2019-05-14,518880,2272
2019-05-15,518880,2273
2019-05-16,518880,2274
2019-05-17,518880,2275
2019-05-20,518880,2276
2019-05-21,510300,2277
2019-05-22,510300,2278
2019-05-23,510300,2279
2019-05-24,510300,2280
2019-05-27,510300,2281
2019-05-28,510050,2282
2019-05-29,,2283
2019-05-30,518880,2284
2019-05-31,510500,2285
2019-06-03,518880,2286
2019-06-04,518880,2287
2019-06-05,518880,2288
2019-06-06,518880,2289
2019-06-10,518880,2290
2019-06-11,510500,2291
2019-06-12,159949,2292
2019-06-13,159949,2293
2019-06-14,518880,2294
2019-06-17,518880,2295
2019-06-18,518880,2296
2019-06-19,510500,2297
2019-06-20,510050,2298
2019-06-21,510050,2299
2019-06-24,510050,2300
2019-06-25,518880,2301
2019-06-26,518880,2302
2019-06-27,518880,2303
2019-06-28,518880,2304
2019-07-01,518880,2305
2019-07-02,518880,2306
2019-07-03,518880,2307
2019-07-04,518880,2308
2019-07-05,518880,2309
2019-07-08,159949,2310
2019-07-09,512880,2311
2019-07-10,512880,2312
2019-07-11,512880,2313
2019-07-12,510300,2314
2019-07-15,510300,2315
2019-07-16,512880,2316
2019-07-17,510500,2317
2019-07-18,510500,2318
2019-07-19,512100,2319
2019-07-22,512100,2320
2019-07-23,512100,2321
2019-07-24,159949,2322
2019-07-25,,2323
2019-07-26,,2324
2019-07-29,512880,2325
2019-07-30,159949,2326
2019-07-31,510050,2327
2019-08-01,510300,2328
2019-08-02,510300,2329
2019-08-05,159949,2330
2019-08-06,518880,2331
2019-08-07,518880,2332
2019-08-08,512100,2333
2019-08-09,512100,2334
2019-08-12,518880,2335
2019-08-13,518880,2336
2019-08-14,518880,2337
2019-08-15,518880,2338
2019-08-16,510050,2339
2019-08-19,512880,2340
2019-08-20,510050,2341
2019-08-21,510050,2342
2019-08-22,512100,2343
2019-08-23,510050,2344
2019-08-26,510050,2345
2019-08-27,510500,2346
2019-08-28,510500,2347
2019-08-29,510500,2348
2019-08-30,510300,2349
2019-09-02,510500,2350
2019-09-03,510500,2351
2019-09-04,510500,2352
2019-09-05,510500,2353
2019-09-06,518880,2354
2019-09-09,512100,2355
2019-09-10,512100,2356
2019-09-11,512100,2357
2019-09-12,512100,2358
2019-09-16,510500,2359
2019-09-17,510500,2360
2019-09-18,512880,2361
2019-09-19,159949,2362
2019-09-20,159949,2363
2019-09-23,159949,2364
2019-09-24,,2365
2019-09-25,159949,2366
2019-09-26,512100,2367
2019-09-27,512100,2368
2019-09-30,512100,2369
2019-10-08,510050,2370
2019-10-09,510500,2371
2019-10-10,510500,2372
2019-10-11,512880,2373
2019-10-14,518880,2374
2019-10-15,518880,2375
2019-10-16,518880,2376
2019-10-17,518880,2377
2019-10-18,512880,2378
2019-10-21,,2379
2019-10-22,,2380
2019-10-23,,2381
2019-10-24,512880,2382
2019-10-25,159949,2383
2019-10-28,159949,2384
2019-10-29,512880,2385
2019-10-30,512880,2386
2019-10-31,,2387
2019-11-01,510300,2388
2019-11-04,510050,2389
2019-11-05,510050,2390
2019-11-06,510300,2391
2019-11-07,510300,2392
2019-11-08,510300,2393
2019-11-11,510300,2394
2019-11-12,510300,2395
2019-11-13,518880,2396
2019-11-14,518880,2397
2019-11-15,512880,2398
2019-11-18,518880,2399
2019-11-19,159949,2400
2019-11-20,159949,2401
2019-11-21,159949,2402
2019-11-22,159949,2403
2019-11-25,159949,2404
2019-11-26,159949,2405
2019-11-27,159949,2406
2019-11-28,159949,2407
2019-11-29,159949,2408
2019-12-02,512880,2409
2019-12-03,159949,2410
2019-12-04,510050,2411
2019-12-05,510050,2412
2019-12-06,510500,2413
2019-12-09,510500,2414
2019-12-10,510500,2415
2019-12-11,510500,2416
2019-12-12,510500,2417
2019-12-13,510500,2418
2019-12-16,510500,2419
2019-12-17,510300,2420
2019-12-18,512880,2421
2019-12-19,512100,2422
2019-12-20,512100,2423
2019-12-23,159949,2424
2019-12-24,512100,2425
2019-12-25,512880,2426
2019-12-26,512880,2427
2019-12-27,512880,2428
2019-12-30,510050,2429
2019-12-31,512880,2430
2020-01-02,512880,2431
2020-01-03,518880,2432
2020-01-06,518880,2433
2020-01-07,518880,2434
2020-01-08,518880,2435
2020-01-09,518880,2436
2020-01-10,518880,2437
2020-01-13,518880,2438
2020-01-14,510500,2439
2020-01-15,510500,2440
2020-01-16,510500,2441
2020-01-17,510500,2442
2020-01-20,159949,2443
2020-01-21,159949,2444
2020-01-22,159949,2445
2020-01-23,159949,2446
2020-02-03,159949,2447
2020-02-04,512880,2448
2020-02-05,512100,2449
2020-02-06,159949,2450
2020-02-07,159949,2451
2020-02-10,159949,2452
2020-02-11,159949,2453
2020-02-12,510300,2454
2020-02-13,159949,2455
2020-02-14,159949,2456
2020-02-17,510500,2457
2020-02-18,510300,2458
2020-02-19,512100,2459
2020-02-20,510050,2460
2020-02-21,518880,2461
2020-02-24,518880,2462
2020-02-25,518880,2463
2020-02-26,518880,2464
2020-02-27,518880,2465
2020-02-28,510050,2466
2020-03-02,510500,2467
2020-03-03,510050,2468
2020-03-04,159949,2469
2020-03-05,510050,2470
2020-03-06,512880,2471
2020-03-09,159949,2472
2020-03-10,510300,2473
2020-03-11,512880,2474
2020-03-12,159949,2475
2020-03-13,510500,2476
2020-03-16,159949,2477
2020-03-17,510500,2478
2020-03-18,512880,2479
2020-03-19,510500,2480
2020-03-20,518880,2481
2020-03-23,518880,2482
2020-03-24,518880,2483
2020-03-25,518880,2484
2020-03-26,518880,2485
2020-03-27,518880,2486
2020-03-30,518880,2487
2020-03-31,510050,2488
2020-04-01,510050,2489
2020-04-02,510050,2490
2020-04-03,510050,2491
2020-04-07,510050,2492
2020-04-08,518880,2493
2020-04-09,,2494
2020-04-10,510050,2495
2020-04-13,510050,2496
2020-04-14,510300,2497
2020-04-15,518880,2498
2020-04-16,518880,2499
2020-04-17,510300,2500
2020-04-20,512100,2501
2020-04-21,510500,2502
2020-04-22,510500,2503
2020-04-23,,2504
2020-04-24,512880,2505
2020-04-27,510050,2506
2020-04-28,510300,2507
2020-04-29,510050,2508
2020-04-30,510300,2509
2020-05-06,510500,2510
2020-05-07,510500,2511
2020-05-08,510300,2512
2020-05-11,510500,2513
2020-05-12,510300,2514
2020-05-13,,2515
2020-05-14,,2516
2020-05-15,,2517
2020-05-18,518880,2518
2020-05-19,518880,2519
2020-05-20,512100,2520
2020-05-21,518880,2521
2020-05-22,518880,2522
2020-05-25,,2523
2020-05-26,,2524
2020-05-27,512100,2525
2020-05-28,510050,2526
2020-05-29,159949,2527
2020-06-01,512100,2528
2020-06-02,159949,2529
2020-06-03,159949,2530
2020-06-04,512880,2531
2020-06-05,512880,2532
2020-06-08,510500,2533
2020-06-09,510300,2534
2020-06-10,510300,2535
2020-06-11,510500,2536
2020-06-12,510500,2537
2020-06-15,510050,2538
2020-06-16,510050,2539
2020-06-17,510050,2540
2020-06-18,510050,2541
2020-06-19,510050,2542
2020-06-22,512880,2543
2020-06-23,510500,2544
2020-06-24,512880,2545
2020-06-29,512880,2546
2020-06-30,510500,2547
2020-07-01,510300,2548
2020-07-02,510300,2549
2020-07-03,512880,2550
2020-07-06,510500,2551
2020-07-07,512880,2552
2020-07-08,510050,2553
2020-07-09,510050,2554
2020-07-10,512100,2555
2020-07-13,512100,2556
2020-07-14,512100,2557
2020-07-15,159949,2558
2020-07-16,159949,2559
2020-07-17,159949,2560
2020-07-20,159949,2561
2020-07-21,518880,2562
2020-07-22,518880,2563
2020-07-23,518880,2564
2020-07-24,518880,2565
2020-07-27,518880,2566
2020-07-28,518880,2567
2020-07-29,518880,2568
2020-07-30,518880,2569
2020-07-31,518880,2570
2020-08-03,518880,2571
2020-08-04,518880,2572
2020-08-05,518880,2573
2020-08-06,518880,2574
2020-08-07,518880,2575
2020-08-10,518880,2576
2020-08-11,518880,2577
2020-08-12,518880,2578
2020-08-13,518880,2579
2020-08-14,510300,2580
2020-08-17,512880,2581
2020-08-18,518880,2582
2020-08-19,510050,2583
2020-08-20,510050,2584
2020-08-21,512100,2585
2020-08-24,510050,2586
2020-08-25,510050,2587
2020-08-26,510500,2588
2020-08-27,,2589
2020-08-28,510500,2590
2020-08-31,,2591
2020-09-01,,2592
2020-09-02,510050,2593
2020-09-03,,2594
2020-09-04,512480,2595
2020-09-07,512480,2596
2020-09-08,,2597
2020-09-09,159949,2598
2020-09-10,515880,2599
2020-09-11,512100,2600
2020-09-14,518880,2601
2020-09-15,518880,2602
2020-09-16,515880,2603
2020-09-17,518880,2604
2020-09-18,512880,2605
2020-09-21,512880,2606
2020-09-22,518880,2607
2020-09-23,512100,2608
2020-09-24,512100,2609
2020-09-25,,2610
2020-09-28,,2611
2020-09-29,510500,2612
2020-09-30,510500,2613
2020-10-09,510500,2614
2020-10-12,512480,2615
2020-10-13,512480,2616
2020-10-14,512480,2617
2020-10-15,510300,2618
2020-10-16,510300,2619
2020-10-19,510500,2620
2020-10-20,159949,2621
2020-10-21,512480,2622
2020-10-22,518880,2623
2020-10-23,159949,2624
2020-10-26,,2625
2020-10-27,,2626
2020-10-28,510300,2627
2020-10-29,510300,2628
2020-10-30,512480,2629
2020-11-02,512880,2630
2020-11-03,518880,2631
2020-11-04,510500,2632
2020-11-05,510500,2633
2020-11-06,510500,2634
2020-11-09,510300,2635
2020-11-10,512480,2636
2020-11-11,512480,2637
2020-11-12,512480,2638
2020-11-13,512480,2639
2020-11-16,512480,2640
2020-11-17,512480,2641
2020-11-18,510050,2642
2020-11-19,515880,2643
2020-11-20,510500,2644
2020-11-23,510050,2645
2020-11-24,518880,2646
2020-11-25,510050,2647
2020-11-26,518880,2648
2020-11-27,510050,2649
2020-11-30,510050,2650
2020-12-01,510050,2651
2020-12-02,512880,2652
2020-12-03,512880,2653
2020-12-04,510300,2654
2020-12-07,512880,2655
2020-12-08,512880,2656
2020-12-09,512880,2657
2020-12-10,518880,2658
2020-12-11,515880,2659
2020-12-14,512100,2660
2020-12-15,159949,2661
2020-12-16,515880,2662
2020-12-17,510050,2663
2020-12-18,510050,2664
2020-12-21,159949,2665
2020-12-22,159949,2666
2020-12-23,159949,2667
2020-12-24,159949,2668
2020-12-25,159949,2669
2020-12-28,159949,2670
2020-12-29,159949,2671
2020-12-30,159949,2672
2020-12-31,159949,2673
2021-01-04,512100,2674
2021-01-05,512100,2675
2021-01-06,512100,2676
2021-01-07,512100,2677
2021-01-08,510500,2678
2021-01-11,510500,2679
2021-01-12,510500,2680
2021-01-13,510500,2681
2021-01-14,512880,2682
2021-01-15,512880,2683
2021-01-18,510050,2684
2021-01-19,512480,2685
2021-01-20,515880,2686
2021-01-21,510050,2687
2021-01-22,510500,2688
2021-01-25,510050,2689
2021-01-26,510500,2690
2021-01-27,510500,2691
2021-01-28,510500,2692
2021-01-29,515880,2693
2021-02-01,515880,2694
2021-02-02,510300,2695
2021-02-03,512480,2696
2021-02-04,512100,2697
2021-02-05,512100,2698
2021-02-08,512100,2699
2021-02-09,512100,2700
2021-02-10,518880,2701
2021-02-18,518880,2702
2021-02-19,510300,2703
2021-02-22,512100,2704
2021-02-23,510500,2705
2021-02-24,510500,2706
2021-02-25,510500,2707
2021-02-26,,2708
2021-03-01,510500,2709
2021-03-02,512100,2710
2021-03-03,,2711
2021-03-04,512480,2712
2021-03-05,518880,2713
2021-03-08,512480,2714
2021-03-09,515880,2715
2021-03-10,,2716
2021-03-11,512480,2717
2021-03-12,512480,2718
2021-03-15,512480,2719
2021-03-16,512480,2720
2021-03-17,512480,2721
2021-03-18,159949,2722
2021-03-19,159949,2723
2021-03-22,159949,2724
2021-03-23,159949,2725
2021-03-24,518880,2726
2021-03-25,159949,2727
2021-03-26,159949,2728
2021-03-29,512480,2729
2021-03-30,512480,2730
2021-03-31,512480,2731
2021-04-01,512480,2732
2021-04-02,512480,2733
2021-04-06,518880,2734
2021-04-07,513090,2735
2021-04-08,510500,2736
2021-04-09,510050,2737
2021-04-12,510050,2738
2021-04-13,510050,2739
2021-04-14,510500,2740
2021-04-15,518880,2741
2021-04-16,510500,2742
2021-04-19,515880,2743
2021-04-20,515880,2744
2021-04-21,515880,2745
2021-04-22,512880,2746
2021-04-23,510050,2747
2021-04-26,159949,2748
2021-04-27,510500,2749
2021-04-28,159949,2750
2021-04-29,159949,2751
2021-04-30,159949,2752
2021-05-06,159949,2753
2021-05-07,512480,2754
2021-05-10,518880,2755
2021-05-11,518880,2756
2021-05-12,512480,2757
2021-05-13,512100,2758
2021-05-14,512880,2759
2021-05-17,512880,2760
2021-05-18,518880,2761
2021-05-19,510050,2762
2021-05-20,510050,2763
2021-05-21,510300,2764
2021-05-24,518880,2765
2021-05-25,510300,2766
2021-05-26,510050,2767
2021-05-27,510050,2768
2021-05-28,510050,2769
2021-05-31,510050,2770
2021-06-01,510050,2771
2021-06-02,515880,2772
2021-06-03,515880,2773
2021-06-04,510050,2774
2021-06-07,515880,2775
2021-06-08,512100,2776
2021-06-09,512480,2777
2021-06-10,512100,2778
2021-06-11,512480,2779
2021-06-15,512480,2780
2021-06-16,512480,2781
2021-06-17,512480,2782
2021-06-18,512480,2783
2021-06-21,512480,2784
2021-06-22,512480,2785
2021-06-23,512480,2786
2021-06-24,512480,2787
2021-06-25,512480,2788
2021-06-28,512480,2789
2021-06-29,512480,2790
2021-06-30,510500,2791
2021-07-01,512480,2792
2021-07-02,512100,2793
2021-07-05,513090,2794
2021-07-06,513090,2795
2021-07-07,513090,2796
2021-07-08,513090,2797
2021-07-09,159949,2798
2021-07-12,513090,2799
2021-07-13,512100,2800
2021-07-14,512100,2801
2021-07-15,512100,2802
2021-07-16,159949,2803
2021-07-19,510500,2804
2021-07-20,159949,2805
2021-07-21,159949,2806
2021-07-22,159949,2807
2021-07-23,512100,2808
2021-07-26,510050,2809
2021-07-27,513090,2810
2021-07-28,512480,2811
2021-07-29,512880,2812
2021-07-30,512880,2813
2021-08-02,512880,2814
2021-08-03,512880,2815
2021-08-04,512880,2816
2021-08-05,515880,2817
2021-08-06,512480,2818
2021-08-09,518880,2819
2021-08-10,510300,2820
2021-08-11,510300,2821
2021-08-12,512880,2822
2021-08-13,510300,2823
2021-08-16,512100,2824
2021-08-17,510500,2825
2021-08-18,513090,2826
2021-08-19,513090,2827
2021-08-20,513090,2828
2021-08-23,512880,2829
2021-08-24,513090,2830
2021-08-25,513090,2831
2021-08-26,513090,2832
2021-08-27,513090,2833
2021-08-30,513090,2834
2021-08-31,513090,2835
2021-09-01,510500,2836
2021-09-02,510500,2837
2021-09-03,510500,2838
2021-09-06,159949,2839
2021-09-07,510500,2840
2021-09-08,513090,2841
2021-09-09,512880,2842
2021-09-10,510500,2843
2021-09-13,512480,2844
2021-09-14,510500,2845
2021-09-15,510500,2846
2021-09-16,512100,2847
2021-09-17,510500,2848
2021-09-22,510500,2849
2021-09-23,518880,2850
2021-09-24,510050,2851
2021-09-27,510050,2852
2021-09-28,512100,2853
2021-09-29,515880,2854
2021-09-30,513090,2855
2021-10-08,510050,2856
2021-10-11,510050,2857
2021-10-12,159949,2858
2021-10-13,510050,2859
2021-10-14,518880,2860
2021-10-15,159949,2861
2021-10-18,518880,2862
2021-10-19,510300,2863
2021-10-20,,2864
2021-10-21,515880,2865
2021-10-22,512480,2866
2021-10-25,159949,2867
2021-10-26,515880,2868
2021-10-27,510050,2869
2021-10-28,510300,2870
2021-10-29,510300,2871
2021-11-01,515880,2872
2021-11-02,515880,2873
2021-11-03,515880,2874
2021-11-04,515880,2875
2021-11-05,515880,2876
2021-11-08,515880,2877
2021-11-09,515880,2878
2021-11-10,515880,2879
2021-11-11,513090,2880
2021-11-12,515880,2881
2021-11-15,518880,2882
2021-11-16,518880,2883
2021-11-17,518880,2884
2021-11-18,510500,2885
2021-11-19,510500,2886
2021-11-22,512880,2887
2021-11-23,512880,2888
2021-11-24,512480,2889
2021-11-25,512480,2890
2021-11-26,512480,2891
2021-11-29,512480,2892
2021-11-30,512480,2893
2021-12-01,513090,2894
2021-12-02,588000,2895
2021-12-03,588000,2896
2021-12-06,588000,2897
2021-12-07,512480,2898
2021-12-08,510300,2899
2021-12-09,510300,2900
2021-12-10,510300,2901
2021-12-13,510300,2902
2021-12-14,510300,2903
2021-12-15,510300,2904
2021-12-16,510050,2905
2021-12-17,510500,2906
2021-12-20,510500,2907
2021-12-21,510050,2908
2021-12-22,512880,2909
2021-12-23,512880,2910
2021-12-24,512880,2911
2021-12-27,512880,2912
2021-12-28,513090,2913
2021-12-29,159949,2914
2021-12-30,518880,2915
2021-12-31,512880,2916
2022-01-04,512100,2917
2022-01-05,512100,2918
2022-01-06,512100,2919
2022-01-07,512100,2920
2022-01-10,515880,2921
2022-01-11,512480,2922
2022-01-12,513090,2923
2022-01-13,510050,2924
2022-01-14,513090,2925
2022-01-17,510300,2926
2022-01-18,510300,2927
2022-01-19,510300,2928
2022-01-20,510300,2929
2022-01-21,510300,2930
2022-01-24,510500,2931
2022-01-25,510050,2932
2022-01-26,510050,2933
2022-01-27,512100,2934
2022-01-28,510500,2935
2022-02-07,512480,2936
2022-02-08,518880,2937
2022-02-09,510500,2938
2022-02-10,510300,2939
2022-02-11,159949,2940
2022-02-14,512880,2941
2022-02-15,512880,2942
2022-02-16,159949,2943
2022-02-17,512880,2944
2022-02-18,512880,2945
2022-02-21,159949,2946
2022-02-22,510050,2947
2022-02-23,512480,2948
2022-02-24,512480,2949
2022-02-25,518880,2950
2022-02-28,518880,2951
2022-03-01,510500,2952
2022-03-02,159949,2953
2022-03-03,159949,2954
2022-03-04,510050,2955
2022-03-07,510050,2956
2022-03-08,512100,2957
2022-03-09,512100,2958
2022-03-10,518880,2959
2022-03-11,518880,2960
2022-03-14,588000,2961
2022-03-15,588000,2962
2022-03-16,588000,2963
2022-03-17,510300,2964
2022-03-18,159949,2965
2022-03-21,159949,2966
2022-03-22,159949,2967
2022-03-23,515880,2968
2022-03-24,515880,2969
2022-03-25,159949,2970
2022-03-28,159949,2971
2022-03-29,510050,2972
2022-03-30,510050,2973
2022-03-31,159949,2974
2022-04-01,513090,2975
2022-04-06,512480,2976
2022-04-07,512880,2977
2022-04-08,512880,2978
2022-04-11,512880,2979
2022-04-12,512880,2980
2022-04-13,512880,2981
2022-04-14,512880,2982
2022-04-15,512880,2983
2022-04-18,512880,2984
2022-04-19,512880,2985
2022-04-20,512880,2986
2022-04-21,510500,2987
2022-04-22,518880,2988
2022-04-25,518880,2989
2022-04-26,512100,2990
2022-04-27,515880,2991
2022-04-28,159949,2992
2022-04-29,515880,2993
2022-05-05,159949,2994
2022-05-06,159949,2995
2022-05-09,588000,2996
2022-05-10,513090,2997
2022-05-11,515880,2998
2022-05-12,588000,2999
2022-05-13,588000,3000
2022-05-16,588000,3001
2022-05-17,588000,3002
2022-05-18,512480,3003
2022-05-19,588000,3004
2022-05-20,588000,3005
2022-05-23,510050,3006
2022-05-24,512480,3007
2022-05-25,510300,3008
2022-05-26,515880,3009
2022-05-27,512100,3010
2022-05-30,518880,3011
2022-05-31,510500,3012
2022-06-01,510300,3013
2022-06-02,588000,3014
2022-06-06,510500,3015
2022-06-07,515880,3016
2022-06-08,159949,3017
2022-06-09,159949,3018
2022-06-10,510500,3019
2022-06-13,510050,3020
2022-06-14,159949,3021
2022-06-15,513090,3022
2022-06-16,512880,3023
2022-06-17,512880,3024
2022-06-20,512880,3025
2022-06-21,512880,3026
2022-06-22,512880,3027
2022-06-23,512880,3028
2022-06-24,510050,3029
2022-06-27,510300,3030
2022-06-28,515880,3031
2022-06-29,510300,3032
2022-06-30,510300,3033
2022-07-01,513180,3034
2022-07-04,515880,3035
2022-07-05,513180,3036
2022-07-06,513180,3037
2022-07-07,513180,3038
2022-07-08,513180,3039
2022-07-11,513180,3040
2022-07-12,518880,3041
2022-07-13,518880,3042
2022-07-14,518880,3043
2022-07-15,518880,3044
2022-07-18,518880,3045
2022-07-19,159949,3046
2022-07-20,518880,3047
2022-07-21,512480,3048
2022-07-22,510500,3049
2022-07-25,518880,3050
2022-07-26,518880,3051
2022-07-27,518880,3052
2022-07-28,518880,3053
2022-07-29,518880,3054
2022-08-01,518880,3055
2022-08-02,512880,3056
2022-08-03,518880,3057
2022-08-04,518880,3058
2022-08-05,513090,3059
2022-08-08,512480,3060
2022-08-09,512480,3061
2022-08-10,512480,3062
2022-08-11,512480,3063
2022-08-12,512880,3064
2022-08-15,512880,3065
2022-08-16,512880,3066
2022-08-17,510500,3067
2022-08-18,515880,3068
2022-08-19,512100,3069
2022-08-22,512100,3070
2022-08-23,512100,3071
2022-08-24,512100,3072
2022-08-25,512100,3073
2022-08-26,512100,3074
2022-08-29,512100,3075
2022-08-30,512100,3076
2022-08-31,512100,3077
2022-09-01,512100,3078
2022-09-02,515880,3079
2022-09-05,512100,3080
2022-09-06,512100,3081
2022-09-07,512100,3082
2022-09-08,512100,3083
2022-09-09,512100,3084
2022-09-13,512100,3085
2022-09-14,513180,3086
2022-09-15,512100,3087
2022-09-16,513180,3088
2022-09-19,513180,3089
2022-09-20,513180,3090
2022-09-21,513180,3091
2022-09-22,513180,3092
2022-09-23,588000,3093
2022-09-26,510500,3094
2022-09-27,510500,3095
2022-09-28,510500,3096
2022-09-29,510500,3097
2022-09-30,510500,3098
2022-10-10,512480,3099
2022-10-11,510500,3100
2022-10-12,510500,3101
2022-10-13,518880,3102
2022-10-14,518880,3103
2022-10-17,518880,3104
2022-10-18,518880,3105
2022-10-19,518880,3106
2022-10-20,518880,3107
2022-10-21,512880,3108
2022-10-24,510050,3109
2022-10-25,510050,3110
2022-10-26,513180,3111
2022-10-27,513180,3112
2022-10-28,515880,3113
2022-10-31,515880,3114
2022-11-01,515880,3115
2022-11-02,510300,3116
2022-11-03,513180,3117
2022-11-04,510300,3118
2022-11-07,510300,3119
2022-11-08,510300,3120
2022-11-09,518880,3121
2022-11-10,518880,3122
2022-11-11,518880,3123
2022-11-14,518880,3124
2022-11-15,518880,3125
2022-11-16,512880,3126
2022-11-17,518880,3127
2022-11-18,512480,3128
2022-11-21,512880,3129
2022-11-22,513180,3130
2022-11-23,513180,3131
2022-11-24,513180,3132
2022-11-25,518880,3133
2022-11-28,513180,3134
2022-11-29,518880,3135
2022-11-30,518880,3136
2022-12-01,159949,3137
2022-12-02,510300,3138
2022-12-05,510050,3139
2022-12-06,518880,3140
2022-12-07,513180,3141
2022-12-08,513180,3142
2022-12-09,513180,3143
2022-12-12,588000,3144
2022-12-13,588000,3145
2022-12-14,588000,3146
2022-12-15,588000,3147
2022-12-16,159949,3148
2022-12-19,510500,3149
2022-12-20,512100,3150
2022-12-21,512480,3151
2022-12-22,,3152
2022-12-23,515880,3153
2022-12-26,518880,3154
2022-12-27,510500,3155
2022-12-28,512100,3156
2022-12-29,588000,3157
2022-12-30,588000,3158
2023-01-03,588000,3159
2023-01-04,588000,3160
2023-01-05,159949,3161
2023-01-06,159949,3162
2023-01-09,512100,3163
2023-01-10,513090,3164
2023-01-11,512100,3165
2023-01-12,518880,3166
2023-01-13,588000,3167
2023-01-16,588000,3168
2023-01-17,510300,3169
2023-01-18,510500,3170
2023-01-19,510300,3171
2023-01-20,512880,3172
2023-01-30,510300,3173
2023-01-31,510300,3174
2023-02-01,515880,3175
2023-02-02,515880,3176
2023-02-03,515880,3177
2023-02-06,515880,3178
2023-02-07,512880,3179
2023-02-08,512880,3180
2023-02-09,515880,3181
2023-02-10,515880,3182
2023-02-13,512880,3183
2023-02-14,515880,3184
2023-02-15,515880,3185
2023-02-16,515880,3186
2023-02-17,515880,3187
2023-02-20,512880,3188
2023-02-21,512480,3189
2023-02-22,512480,3190
2023-02-23,512480,3191
2023-02-24,512100,3192
2023-02-27,512480,3193
2023-02-28,588000,3194
2023-03-01,510300,3195
2023-03-02,513180,3196
2023-03-03,512480,3197
2023-03-06,512880,3198
2023-03-07,515880,3199
2023-03-08,515880,3200
2023-03-09,515880,3201
2023-03-10,513180,3202
2023-03-13,510300,3203
2023-03-14,512480,3204
2023-03-15,512480,3205
2023-03-16,512100,3206
2023-03-17,512100,3207
2023-03-20,518880,3208
2023-03-21,518880,3209
2023-03-22,518880,3210
2023-03-23,513180,3211
2023-03-24,513180,3212
2023-03-27,513180,3213
2023-03-28,515880,3214
2023-03-29,515880,3215
2023-03-30,515880,3216
2023-03-31,512480,3217
2023-04-03,512880,3218
2023-04-04,159949,3219
2023-04-06,159949,3220
2023-04-07,512480,3221
2023-04-10,510300,3222
2023-04-11,513090,3223
2023-04-12,588000,3224
2023-04-13,512480,3225
2023-04-14,512480,3226
2023-04-17,513090,3227
2023-04-18,513090,3228
2023-04-19,510050,3229
2023-04-20,159949,3230
2023-04-21,512100,3231
2023-04-24,159949,3232
2023-04-25,512100,3233
2023-04-26,159949,3234
2023-04-27,159949,3235
2023-04-28,510500,3236
2023-05-04,588000,3237
2023-05-05,588000,3238
2023-05-08,510300,3239
2023-05-09,510500,3240
2023-05-10,512880,3241
2023-05-11,512880,3242
2023-05-12,512880,3243
2023-05-15,512880,3244
2023-05-16,512880,3245
2023-05-17,512880,3246
2023-05-18,512880,3247
2023-05-19,510500,3248
2023-05-22,512880,3249
2023-05-23,510050,3250
2023-05-24,510050,3251
2023-05-25,513180,3252
2023-05-26,159949,3253
2023-05-29,159949,3254
2023-05-30,510050,3255
2023-05-31,518880,3256
2023-06-01,512480,3257
2023-06-02,512480,3258
2023-06-05,518880,3259
2023-06-06,588000,3260
2023-06-07,588000,3261
2023-06-08,588000,3262
2023-06-09,588000,3263
2023-06-12,510050,3264
2023-06-13,512480,3265
2023-06-14,510300,3266
2023-06-15,510300,3267
2023-06-16,510300,3268
2023-06-19,510300,3269
2023-06-20,510300,3270
2023-06-21,510300,3271
2023-06-26,515880,3272
2023-06-27,515880,3273
2023-06-28,515880,3274
2023-06-29,512880,3275
2023-06-30,159949,3276
2023-07-03,513180,3277
2023-07-04,513180,3278
2023-07-05,513180,3279
2023-07-06,513180,3280
2023-07-07,513090,3281
2023-07-10,159949,3282
2023-07-11,159949,3283
2023-07-12,515880,3284
2023-07-13,510500,3285
2023-07-14,159949,3286
2023-07-17,510500,3287
2023-07-18,510500,3288
2023-07-19,518880,3289
2023-07-20,518880,3290
2023-07-21,518880,3291
2023-07-24,518880,3292
2023-07-25,512880,3293
2023-07-26,512880,3294
2023-07-27,518880,3295
2023-07-28,518880,3296
2023-07-31,513090,3297
2023-08-01,513090,3298
2023-08-02,513090,3299
2023-08-03,510500,3300
2023-08-04,513120,3301
2023-08-07,513120,3302
2023-08-08,513180,3303
2023-08-09,513120,3304
2023-08-10,513120,3305
2023-08-11,513120,3306
2023-08-14,513120,3307
2023-08-15,512480,3308
2023-08-16,159949,3309
2023-08-17,512100,3310
2023-08-18,512100,3311
2023-08-21,512100,3312
2023-08-22,512100,3313
2023-08-23,512100,3314
2023-08-24,512880,3315
2023-08-25,510050,3316
2023-08-28,510050,3317
2023-08-29,512480,3318
2023-08-30,512480,3319
2023-08-31,588000,3320
2023-09-01,588000,3321
2023-09-04,510300,3322
2023-09-05,510300,3323
2023-09-06,510300,3324
2023-09-07,510300,3325
2023-09-08,510300,3326
2023-09-11,512480,3327
2023-09-12,512480,3328
2023-09-13,512480,3329
2023-09-14,512480,3330
2023-09-15,518880,3331
2023-09-18,515880,3332
2023-09-19,518880,3333
2023-09-20,515880,3334
2023-09-21,515880,3335
2023-09-22,515880,3336
2023-09-25,515880,3337
2023-09-26,515880,3338
2023-09-27,512100,3339
2023-09-28,513180,3340
2023-10-09,518880,3341
2023-10-10,518880,3342
2023-10-11,518880,3343
2023-10-12,518880,3344
2023-10-13,518880,3345
2023-10-16,518880,3346
2023-10-17,512880,3347
2023-10-18,513120,3348
2023-10-19,159949,3349
2023-10-20,518880,3350
2023-10-23,518880,3351
2023-10-24,510500,3352
2023-10-25,518880,3353
2023-10-26,513120,3354
2023-10-27,513120,3355
2023-10-30,513120,3356
2023-10-31,513120,3357
2023-11-01,512100,3358
2023-11-02,512100,3359
2023-11-03,512100,3360
2023-11-06,512100,3361
2023-11-07,512880,3362
2023-11-08,512880,3363
2023-11-09,510050,3364
2023-11-10,510050,3365
2023-11-13,510050,3366
2023-11-14,510050,3367
2023-11-15,510300,3368
2023-11-16,510050,3369
2023-11-17,510050,3370
2023-11-20,512880,3371
2023-11-21,512480,3372
2023-11-22,159949,3373
2023-11-23,512100,3374
2023-11-24,513180,3375
2023-11-27,510050,3376
2023-11-28,513180,3377
2023-11-29,513180,3378
2023-11-30,513180,3379
2023-12-01,512100,3380
2023-12-04,513120,3381
2023-12-05,515880,3382
2023-12-06,513090,3383
2023-12-07,513090,3384
2023-12-08,515880,3385
2023-12-11,515880,3386
2023-12-12,515880,3387
2023-12-13,513120,3388
2023-12-14,513120,3389
2023-12-15,513120,3390
2023-12-18,510300,3391
2023-12-19,510300,3392
2023-12-20,512880,3393
2023-12-21,510050,3394
2023-12-22,513180,3395
2023-12-25,588200,3396
2023-12-26,588200,3397
2023-12-27,513180,3398
2023-12-28,513180,3399
2023-12-29,510050,3400
2024-01-02,510050,3401
2024-01-03,510050,3402
2024-01-04,510050,3403
2024-01-05,513090,3404
2024-01-08,513090,3405
2024-01-09,513120,3406
2024-01-10,513090,3407
2024-01-11,512100,3408
2024-01-12,512100,3409
2024-01-15,513180,3410
2024-01-16,512100,3411
2024-01-17,512100,3412
2024-01-18,513310,3413
2024-01-19,513310,3414
2024-01-22,513090,3415
2024-01-23,513090,3416
2024-01-24,588200,3417
2024-01-25,588200,3418
2024-01-26,588200,3419
2024-01-29,512880,3420
2024-01-30,510050,3421
2024-01-31,512100,3422
2024-02-01,512100,3423
2024-02-02,512100,3424
2024-02-05,512100,3425
2024-02-06,510300,3426
2024-02-07,510500,3427
2024-02-08,510500,3428
2024-02-19,510500,3429
2024-02-20,512480,3430
2024-02-21,510300,3431
2024-02-22,510300,3432
2024-02-23,510300,3433
2024-02-26,510050,3434
2024-02-27,510300,3435
2024-02-28,510300,3436
2024-02-29,513180,3437
2024-03-01,513120,3438
2024-03-04,513120,3439
2024-03-05,518880,3440
2024-03-06,518880,3441
2024-03-07,518880,3442
2024-03-08,518880,3443
2024-03-11,518880,3444
2024-03-12,518880,3445
2024-03-13,518880,3446
2024-03-14,513120,3447
2024-03-15,513090,3448
2024-03-18,513090,3449
2024-03-19,513090,3450
2024-03-20,513090,3451
2024-03-21,513090,3452
2024-03-22,513090,3453
2024-03-25,513090,3454
2024-03-26,513090,3455
2024-03-27,588200,3456
2024-03-28,512100,3457
2024-03-29,512100,3458
2024-04-01,518880,3459
2024-04-02,512100,3460
2024-04-03,518880,3461
2024-04-08,518880,3462
2024-04-09,518880,3463
2024-04-10,518880,3464
2024-04-11,518880,3465
2024-04-12,518880,3466
2024-04-15,510050,3467
2024-04-16,518880,3468
2024-04-17,513120,3469
2024-04-18,513120,3470
2024-04-19,515880,3471
2024-04-22,515880,3472
2024-04-23,,3473
2024-04-24,513090,3474
2024-04-25,513090,3475
2024-04-26,513090,3476
2024-04-29,513090,3477
2024-04-30,513090,3478
2024-05-06,510300,3479
2024-05-07,513120,3480
2024-05-08,512100,3481
2024-05-09,510500,3482
2024-05-10,510500,3483
2024-05-13,513120,3484
2024-05-14,588000,3485
2024-05-15,588000,3486
2024-05-16,588000,3487
2024-05-17,510050,3488
2024-05-20,518880,3489
2024-05-21,518880,3490
2024-05-22,510050,3491
2024-05-23,510050,3492
2024-05-24,513120,3493
2024-05-27,513120,3494
2024-05-28,513310,3495
2024-05-29,513310,3496
2024-05-30,513310,3497
2024-05-31,513090,3498
2024-06-03,512880,3499
2024-06-04,159949,3500
2024-06-05,513180,3501
2024-06-06,512880,3502
2024-06-07,513180,3503
2024-06-11,513180,3504
2024-06-12,588200,3505
2024-06-13,588200,3506
2024-06-14,515880,3507
2024-06-17,588200,3508
2024-06-18,515880,3509
2024-06-19,515880,3510
2024-06-20,515880,3511
2024-06-21,515880,3512
2024-06-24,510500,3513
2024-06-25,515880,3514
2024-06-26,515880,3515
2024-06-27,512480,3516
2024-06-28,512480,3517
2024-07-01,512480,3518
2024-07-02,512480,3519
2024-07-03,512480,3520
2024-07-04,512880,3521
2024-07-05,513090,3522
2024-07-08,512880,3523
2024-07-09,513090,3524
2024-07-10,510050,3525
2024-07-11,510050,3526
2024-07-12,510050,3527
2024-07-15,510050,3528
2024-07-16,510050,3529
2024-07-17,588200,3530
2024-07-18,510300,3531
2024-07-19,510300,3532
2024-07-22,510300,3533
2024-07-23,512480,3534
2024-07-24,512480,3535
2024-07-25,518880,3536
2024-07-26,512880,3537
2024-07-29,512880,3538
2024-07-30,512880,3539
2024-07-31,512880,3540
2024-08-01,512880,3541
2024-08-02,512880,3542
2024-08-05,513090,3543
2024-08-06,512880,3544
2024-08-07,513310,3545
2024-08-08,513310,3546
2024-08-09,588200,3547
2024-08-12,513310,3548
2024-08-13,,3549
2024-08-14,518880,3550
2024-08-15,510300,3551
2024-08-16,510300,3552
2024-08-19,513180,3553
2024-08-20,513180,3554
2024-08-21,513180,3555
2024-08-22,513180,3556
2024-08-23,513180,3557
2024-08-26,513180,3558
2024-08-27,513180,3559
2024-08-28,513180,3560
2024-08-29,513180,3561
2024-08-30,513180,3562
2024-09-02,159949,3563
2024-09-03,513180,3564
2024-09-04,513090,3565
2024-09-05,513180,3566
2024-09-06,513090,3567
2024-09-09,518880,3568
2024-09-10,515880,3569
2024-09-11,159949,3570
2024-09-12,159949,3571
2024-09-13,518880,3572
2024-09-18,518880,3573
2024-09-19,510500,3574
2024-09-20,510050,3575
2024-09-23,513180,3576
2024-09-24,510050,3577
2024-09-25,510050,3578
2024-09-26,510500,3579
2024-09-27,510500,3580
2024-09-30,510500,3581
2024-10-08,512100,3582
2024-10-09,512100,3583
2024-10-10,588200,3584
2024-10-11,513090,3585
2024-10-14,588200,3586
2024-10-15,588200,3587
2024-10-16,588200,3588
2024-10-17,588200,3589
2024-10-18,518880,3590
2024-10-21,518880,3591
2024-10-22,518880,3592
2024-10-23,518880,3593
2024-10-24,518880,3594
2024-10-25,518880,3595
2024-10-28,518880,3596
2024-10-29,518880,3597
2024-10-30,518880,3598
2024-10-31,518880,3599
2024-11-01,512100,3600
2024-11-04,518880,3601
2024-11-05,512100,3602
2024-11-06,512880,3603
2024-11-07,512880,3604
2024-11-08,512880,3605
2024-11-11,513090,3606
2024-11-12,159516,3607
2024-11-13,513090,3608
2024-11-14,512480,3609
2024-11-15,513180,3610
2024-11-18,518880,3611
2024-11-19,518880,3612
2024-11-20,588200,3613
2024-11-21,588200,3614
2024-11-22,588200,3615
2024-11-25,588200,3616
2024-11-26,,3617
2024-11-27,513120,3618
2024-11-28,518880,3619
2024-11-29,518880,3620
2024-12-02,518880,3621
2024-12-03,518880,3622
2024-12-04,518880,3623
2024-12-05,,3624
2024-12-06,513090,3625
2024-12-09,513120,3626
2024-12-10,513120,3627
2024-12-11,513180,3628
2024-12-12,513090,3629
2024-12-13,510050,3630
2024-12-16,159516,3631
2024-12-17,513180,3632
2024-12-18,513180,3633
2024-12-19,515880,3634
2024-12-20,159516,3635
2024-12-23,159516,3636
2024-12-24,159516,3637
2024-12-25,159516,3638
2024-12-26,515880,3639
2024-12-27,515880,3640
2024-12-30,515880,3641
2024-12-31,510050,3642
2025-01-02,515880,3643
2025-01-03,512100,3644
2025-01-06,,3645
2025-01-07,513310,3646
2025-01-08,513310,3647
2025-01-09,513310,3648
2025-01-10,513310,3649
2025-01-13,518880,3650
2025-01-14,513090,3651
2025-01-15,510500,3652
2025-01-16,513120,3653
2025-01-17,512480,3654
2025-01-20,510300,3655
2025-01-21,518880,3656
2025-01-22,518880,3657
2025-01-23,510300,3658
2025-01-24,510300,3659
2025-01-27,515880,3660
2025-02-05,518880,3661
2025-02-06,518880,3662
2025-02-07,588000,3663
2025-02-10,518880,3664
2025-02-11,518880,3665
2025-02-12,512480,3666
2025-02-13,512480,3667
2025-02-14,510050,3668
2025-02-17,512100,3669
2025-02-18,588200,3670
2025-02-19,513310,3671
2025-02-20,513310,3672
2025-02-21,513310,3673
2025-02-24,159570,3674
2025-02-25,159570,3675
2025-02-26,513310,3676
2025-02-27,159570,3677
2025-02-28,513090,3678
2025-03-03,513090,3679
2025-03-04,513310,3680
2025-03-05,510050,3681
2025-03-06,510050,3682
2025-03-07,512100,3683
2025-03-10,512880,3684
2025-03-11,512880,3685
2025-03-12,513180,3686
2025-03-13,513180,3687
2025-03-14,510050,3688
2025-03-17,510050,3689
2025-03-18,513180,3690
2025-03-19,513180,3691
2025-03-20,513180,3692
2025-03-21,513120,3693
2025-03-24,513120,3694
2025-03-25,513120,3695
2025-03-26,518880,3696
2025-03-27,159570,3697
2025-03-28,518880,3698
2025-03-31,518880,3699
2025-04-01,518880,3700
2025-04-02,513180,3701
2025-04-03,513310,3702
2025-04-07,513310,3703
2025-04-08,510500,3704
2025-04-09,513090,3705
2025-04-10,518880,3706
2025-04-11,518880,3707
2025-04-14,518880,3708
2025-04-15,518880,3709
2025-04-16,518880,3710
2025-04-17,518880,3711
2025-04-18,518880,3712
2025-04-21,518880,3713
2025-04-22,518880,3714
2025-04-23,518880,3715
2025-04-24,518880,3716
2025-04-25,518880,3717
2025-04-28,518880,3718
2025-04-29,518880,3719
2025-04-30,510300,3720
2025-05-06,510300,3721
2025-05-07,513120,3722
2025-05-08,159949,3723
2025-05-09,159949,3724
2025-05-12,159949,3725
2025-05-13,159949,3726
2025-05-14,512880,3727
2025-05-15,159949,3728
2025-05-16,513180,3729
2025-05-19,513310,3730
2025-05-20,513180,3731
2025-05-21,510300,3732
2025-05-22,513310,3733
2025-05-23,510050,3734
2025-05-26,513310,3735
2025-05-27,512100,3736
2025-05-28,159516,3737
2025-05-29,512100,3738
2025-05-30,512100,3739
2025-06-03,588200,3740
2025-06-04,588200,3741
2025-06-05,513310,3742
2025-06-06,513310,3743
2025-06-09,159570,3744
2025-06-10,588000,3745
2025-06-11,159570,3746
2025-06-12,513090,3747
2025-06-13,518880,3748
2025-06-16,159570,3749
2025-06-17,159570,3750
2025-06-18,159570,3751
2025-06-19,159949,3752
2025-06-20,159516,3753
2025-06-23,510300,3754
2025-06-24,510300,3755
2025-06-25,159949,3756
2025-06-26,512880,3757
2025-06-27,512880,3758
2025-06-30,513090,3759
2025-07-01,513090,3760
2025-07-02,510500,3761
2025-07-03,510500,3762
2025-07-04,510500,3763
2025-07-07,510500,3764
2025-07-08,510500,3765
2025-07-09,510500,3766
2025-07-10,510300,3767
2025-07-11,510300,3768
2025-07-14,510300,3769
2025-07-15,513180,3770
2025-07-16,515880,3771
2025-07-17,513120,3772
2025-07-18,513120,3773
2025-07-21,510500,3774
2025-07-22,510300,3775
2025-07-23,510500,3776
2025-07-24,510500,3777
2025-07-25,513090,3778
2025-07-28,513090,3779
2025-07-29,513090,3780
2025-07-30,588200,3781
2025-07-31,512480,3782
2025-08-01,512480,3783
2025-08-04,512480,3784
2025-08-05,512480,3785
2025-08-06,512480,3786
2025-08-07,512480,3787
2025-08-08,512480,3788
2025-08-11,588000,3789
2025-08-12,588000,3790
2025-08-13,515880,3791
2025-08-14,513310,3792
2025-08-15,515880,3793
2025-08-18,515880,3794
2025-08-19,512480,3795
2025-08-20,588200,3796
2025-08-21,512480,3797
2025-08-22,588200,3798
2025-08-25,588200,3799
2025-08-26,513310,3800
2025-08-27,512100,3801
2025-08-28,510500,3802
2025-08-29,513310,3803
2025-09-01,518880,3804
2025-09-02,515880,3805
2025-09-03,513310,3806
2025-09-04,515880,3807
2025-09-05,159949,3808
2025-09-08,159949,3809
2025-09-09,159949,3810
2025-09-10,588000,3811
2025-09-11,588000,3812
2025-09-12,588000,3813
2025-09-15,513180,3814
2025-09-16,513180,3815
2025-09-17,513180,3816
2025-09-18,510050,3817
2025-09-19,513180,3818
2025-09-22,513180,3819
2025-09-23,513180,3820
2025-09-24,513180,3821
2025-09-25,513180,3822
2025-09-26,513180,3823
2025-09-29,513090,3824
2025-09-30,512880,3825
2025-10-09,518880,3826
2025-10-10,512480,3827
2025-10-13,518880,3828
2025-10-14,518880,3829
2025-10-15,518880,3830
2025-10-16,518880,3831
2025-10-17,518880,3832
2025-10-20,518880,3833
2025-10-21,518880,3834
2025-10-22,513310,3835
2025-10-23,518880,3836
2025-10-24,513310,3837
2025-10-27,515880,3838
2025-10-28,515880,3839
2025-10-29,515880,3840
2025-10-30,515880,3841
2025-10-31,515880,3842
2025-11-03,513310,3843
2025-11-04,513310,3844
2025-11-05,513310,3845
2025-11-06,563360,3846
2025-11-07,563360,3847
2025-11-10,513090,3848
2025-11-11,513090,3849
2025-11-12,513090,3850
2025-11-13,513090,3851
2025-11-14,512100,3852
2025-11-17,510050,3853
2025-11-18,512100,3854
2025-11-19,512100,3855
2025-11-20,518880,3856
2025-11-21,512100,3857
2025-11-24,513090,3858
2025-11-25,518880,3859
2025-11-26,512480,3860
2025-11-27,512480,3861
2025-11-28,510050,3862
2025-12-01,510050,3863
2025-12-02,159570,3864
2025-12-03,513120,3865
2025-12-04,513120,3866
2025-12-05,513090,3867
2025-12-08,515880,3868
2025-12-09,513120,3869
2025-12-10,515880,3870
2025-12-11,515880,3871
2025-12-12,159516,3872
2025-12-15,159516,3873
2025-12-16,513180,3874
2025-12-17,510300,3875
2025-12-18,513180,3876
2025-12-19,513120,3877
2025-12-22,518880,3878
2025-12-23,518880,3879
2025-12-24,510500,3880
2025-12-25,510500,3881
2025-12-26,512100,3882
2025-12-29,513180,3883
2025-12-30,588200,3884
2025-12-31,588200,3885
2026-01-05,588200,3886
2026-01-06,563360,3887
2026-01-07,513090,3888
2026-01-08,510050,3889
2026-01-09,510050,3890
2026-01-12,563360,3891
2026-01-13,563360,3892
2026-01-14,563360,3893
2026-01-15,512100,3894
2026-01-16,563360,3895
2026-01-19,159516,3896
2026-01-20,518880,3897
2026-01-21,518880,3898
2026-01-22,518880,3899
2026-01-23,518880,3900
2026-01-26,518880,3901
2026-01-27,518880,3902
2026-01-28,518880,3903
2026-01-29,518880,3904
2026-01-30,515880,3905
2026-02-02,159949,3906
2026-02-03,159570,3907
2026-02-04,513310,3908
2026-02-05,513120,3909
2026-02-06,513120,3910
2026-02-09,513120,3911
2026-02-10,513120,3912
2026-02-11,513180,3913
2026-02-12,513180,3914
2026-02-13,513180,3915
2026-02-24,513180,3916
2026-02-25,512880,3917
2026-02-26,512880,3918
2026-02-27,159516,3919
2026-03-02,512880,3920
2026-03-03,159516,3921
2026-03-04,159516,3922
2026-03-05,159516,3923
2026-03-06,159516,3924
2026-03-09,159516,3925
2026-03-10,510300,3926
2026-03-11,513180,3927
2026-03-12,513180,3928
2026-03-13,515880,3929
2026-03-16,515880,3930
2026-03-17,515880,3931
2026-03-18,515880,3932
2026-03-19,518880,3933
2026-03-20,518880,3934
2026-03-23,159949,3935
2026-03-24,515880,3936
2026-03-25,512100,3937
2026-03-26,510050,3938
2026-03-27,510050,3939
2026-03-30,159516,3940
2026-03-31,159516,3941
2026-04-01,513180,3942
2026-04-02,159570,3943
2026-04-03,159570,3944
2026-04-07,513120,3945
2026-04-08,513120,3946
2026-04-09,159949,3947
2026-04-10,513090,3948
2026-04-13,159949,3949
2026-04-14,563360,3950
2026-04-15,563360,3951
2026-04-16,563360,3952
2026-04-17,563360,3953
2026-04-20,588200,3954
2026-04-21,515880,3955
2026-04-22,515880,3956
2026-04-23,588000,3957
2026-04-24,515880,3958
2026-04-27,588200,3959
2026-04-28,588200,3960
2026-04-29,518880,3961
2026-04-30,518880,3962
2026-05-06,588200,3963
2026-05-07,513310,3964
2026-05-08,513310,3965
2026-05-11,513310,3966
2026-05-12,513310,3967
2026-05-13,513310,3968
2026-05-14,513310,3969
2026-05-15,513310,3970
2026-05-18,513310,3971
2026-05-19,588170,3972
2026-05-20,588170,3973
2026-05-21,588170,3974
2026-05-22,588170,3975
2026-05-25,588170,3976
2026-05-26,588170,3977
2026-05-27,512480,3978
2026-05-28,512480,3979
2026-05-29,512480,3980
2026-06-01,512480,3981
2026-06-02,512480,3982
2026-06-03,588000,3983
2026-06-04,513180,3984
2026-06-05,513180,3985
2026-06-08,513180,3986
2026-06-09,513180,3987
2026-06-10,513180,3988
2026-06-11,513180,3989
2026-06-12,513180,3990
2026-06-15,510500,3991
2026-06-16,513180,3992
2026-06-17,512880,3993
2026-06-18,512880,3994
2026-06-22,510050,3995
2026-06-23,512880,3996
2026-06-24,512880,3997
2026-06-25,159516,3998
2026-06-26,512480,3999
2026-06-29,588200,4000
2026-06-30,588710,4001
2026-07-01,588200,4002
2026-07-02,588200,4003
2026-07-03,588200,4004
2026-07-06,512100,4005
2026-07-07,512100,4006
2026-07-08,518880,4007
2026-07-09,518880,4008
2026-07-10,515880,4009
2026-07-13,518880,4010
2026-07-14,518880,4011
2026-07-15,518880,4012
2026-07-16,513090,4013
2026-07-17,513180,4014
2026-07-20,513180,4015
2026-07-21,159570,4016
2026-07-22,518880,4017
2026-07-23,159570,4018
2026-07-24,513180,4019
2026-07-27,513180,4020
2026-07-28,513180,4021
2026-07-29,513180,4022
2026-07-30,513120,4023
2026-07-31,513120,4024
2026-08-03,513120,4025
2026-08-04,513120,4026
2026-08-05,513120,4027
2026-08-06,512480,4028
2026-08-07,512480,4029
2026-08-10,512480,4030
2026-08-11,159516,4031
2026-08-12,159516,4032
2026-08-13,159516,4033
2026-08-14,510500,4034
2026-08-17,510500,4035
2026-08-18,510500,4036
2026-08-19,515880,4037
2026-08-20,513120,4038
2026-08-21,588200,4039
2026-08-24,588200,4040
2026-08-25,588200,4041
2026-08-26,513090,4042
2026-08-27,588200,4043
2026-08-28,563360,4044
2026-08-31,563360,4045
2026-09-01,563360,4046
2026-09-02,159949,4047
2026-09-03,588200,4048
2026-09-04,588200,4049
2026-09-07,588200,4050
2026-09-08,518880,4051
2026-09-09,518880,4052
2026-09-10,518880,4053
2026-09-11,512880,4054
2026-09-14,512880,4055
2026-09-15,588710,4056
2026-09-16,588710,4057
2026-09-17,588710,4058
2026-09-18,588710,4059
