158000,鹏华中证港股通内地金融ETF
158001,嘉实国证价值100ETF
158003,嘉实中证港股通医疗主题ETF
158005,博时中证工程机械主题ETF
158006,博时中证细分化工产业主题ETF
158008,华夏国证新能源电池ETF
158009,南方国证航天航空行业ETF
158010,嘉实中证医疗ETF
158011,国泰创业板软件ETF
158012,南方中证云计算50ETF
158013,易方达国证航天航空行业ETF
158017,易方达中证细分化工产业主题ETF
158019,电池ETF永赢
158023,万家中证800红利低波动ETF
158027,易方达中证工业互联网主题ETF
158028,招商中证稀有金属主题ETF
159007,华泰柏瑞中证畜牧养殖产业ETF
159008,景顺长城中证全指证券公司ETF
159009,易方达创业板新能源ETF
159010,博时恒生港股通科技主题ETF
159011,华安中证畜牧养殖产业ETF
159012,鹏华科创创业50ETF
159013,大成中证工业互联网主题ETF
159015,国联恒生港股通科技ETF
159016,广发中证证券公司30ETF
159017,石油ETF工银
159018,广发国证石油天然气ETF
159019,华宝国证石油天然气ETF
159020,易方达中证畜牧养殖产业ETF
159021,华夏国证大盘价值ETF
159022,富国中证科创创业人工智能ETF
159023,万家中证畜牧养殖产业ETF
159026,南方国证石油天然气ETF
159027,大成中证畜牧养殖产业ETF
159028,天弘恒生港股通汽车主题ETF
159029,广发中证有色金属矿业主题ETF
159030,华夏国证粮食产业ETF
159031,博时国证粮食产业ETF
159032,易方达中证工业有色金属主题ETF
159033,国泰国证粮食产业ETF
159035,天弘中证软件服务ETF
159036,华宝中证全指软件开发ETF
159037,鹏华国证价值100ETF
159038,易方达国证粮食产业ETF
159039,华安国证机器人产业ETF
159040,鹏华中证港股通互联网ETF
159041,鹏华中证农业主题ETF
159042,汇添富国证价值100ETF
159043,华安中证全指食品ETF
159045,大成中证稀有金属主题ETF
159046,天弘国证绿色电力ETF
159048,大成国证机器人产业ETF
159049,有色ETF工银
159050,广发国证机器人产业ETF
159051,易方达中证全指医疗器械ETF
159052,嘉实国证新能源电池ETF
159053,华夏中证稀有金属主题ETF
159055,富国中证稀有金属主题ETF
159056,富国中证全指医疗器械ETF
159057,鹏华中证全指医疗器械ETF
159058,大成中证全指证券公司ETF
159059,大成中证全指电力公用事业ETF
159060,浦银国证粮食产业ETF
159061,南方国证绿色电力ETF
159062,南方中证稀有金属主题ETF
159063,南方国证粮食产业ETF
159065,景顺长城中证工程机械主题ETF
159066,建信中证A股ETF
159067,鹏华国证绿色电力ETF
159068,华夏中证全指软件ETF
159069,华泰柏瑞创业板新能源ETF
159070,嘉实中证工程机械主题ETF
159071,华宝国证新能源电池ETF
159072,景顺长城国证粮食产业ETF
159073,汇添富国证粮食产业ETF
159075,华夏中证工业互联网主题ETF
159076,华宝创业板新能源ETF
159077,鑫元中证电池主题ETF
159078,富国中证A股ETF
159079,兴全国证价值100ETF
159082,华夏中证细分化工产业主题ETF
159083,嘉实中证红利低波动100ETF
159085,价值ETF永赢
159086,广发中证金融科技主题ETF
159087,万家中证细分化工产业主题ETF
159091,易方达中证港股通内地金融ETF
159093,汇添富中证细分化工产业主题ETF
159095,云计算ETF银华
159096,华夏国证价值100ETF
159098,招商国证价值100ETF
159099,华宝中证云计算50ETF
159100,华夏布拉德斯科巴西伊博维斯帕ETF(QDII)
159101,华夏国证港股通科技ETF
159102,华安恒生生物科技ETF
159103,汇添富中证金融科技主题ETF
159105,易方达恒生生物科技ETF
159106,前海开源中证民企300ETF
159107,富国创业板软件ETF
159108,博时国证工业软件主题ETF
159109,景顺长城恒生港股通50ETF
159117,鹏华港股通低波红利ETF
159118,华夏标普港股通低波红利ETF
159119,招商中证800自由现金流ETF
159120,国联安港股通科技ETF
159121,易方达恒生港股通汽车主题ETF
159122,富国创业板新能源ETF
159123,嘉实中证光伏产业ETF
159125,招商国证港股通科技ETF
159126,南方中证港股通50ETF
159127,南方中证港股通高股息投资ETF
159128,天弘国证港股通科技ETF
159129,嘉实中证细分化工产业主题ETF
159130,鹏华恒生生物科技ETF
159131,华宝中证港股通信息技术综合ETF
159132,富国恒生生物科技ETF
159133,天弘中证细分化工产业主题ETF
159135,前海开源恒生港股通科技主题ETF
159136,广发中证A50ETF
159137,华宝中证港股通医疗主题ETF
159138,易方达中证工程机械主题ETF
159139,华泰柏瑞中证科创创业人工智能ETF
159140,易方达中证科创创业人工智能ETF
159141,科创创业人工智能ETF永赢
159142,景顺长城中证科创创业人工智能ETF
159143,平安恒生中国央企红利ETF
159145,广发国证工业软件主题ETF
159146,华宝中证全指电力公用事业ETF
159147,南方中证电池主题ETF
159148,富国国证石油天然气ETF
159149,创业板新能源ETF工银
159150,易方达深证50ETF
159151,华夏中证全指食品ETF
159152,平安恒生港股通科技主题ETF
159153,鹏华国证消费电子主题ETF
159155,大成中证电池主题ETF
159156,万家国证新能源车电池ETF
159157,天弘中证工业有色金属主题ETF
159158,景顺长城中证全指电力公用事业ETF
159159,国投瑞银中证全指公用事业ETF
159160,电池ETF东财
159161,工程机械ETF东财
159162,鹏华中证工业有色金属主题ETF
159163,泰康中证有色金属矿业主题ETF
159165,养殖ETF永赢
159166,长城国证自由现金流ETF
159167,港股通医疗ETF工银
159168,富国中证工业有色金属主题ETF
159169,广发恒生生物科技ETF
159170,港股通互联网ETF永赢
159171,博时中证工业有色金属主题ETF
159172,汇添富中证畜牧养殖产业ETF
159173,南方中证全指农牧渔ETF
159175,易方达中证电池主题ETF
159176,华宝中证全指家用电器ETF
159177,鹏华中证工程机械主题ETF
159178,汇添富国证消费电子主题ETF
159179,港股通互联网ETF工银
159180,软件ETF银华
159181,易方达国证石油天然气ETF
159182,南方中证全指家用电器ETF
159183,招商中证新能源汽车ETF
159185,鹏华中证港股通信息技术综合ETF
159186,鹏华恒生港股通汽车主题ETF
159187,景顺长城创业板新能源ETF
159188,景顺长城标普中国A股红利100ETF
159189,华夏国证石油天然气ETF
159190,天弘创业板新能源ETF
159191,易方达国证港股通科技ETF
159192,汇添富中证家电龙头ETF
159193,新能源电池ETF银华
159195,华安国证石油天然气ETF
159196,易方达中证港股通信息技术综合ETF
159197,招商国证石油天然气ETF
159198,富国中证港股通信息技术综合ETF
159199,平安国证石油天然气ETF
159201,华夏国证自由现金流ETF
159202,万家恒生互联网科技业ETF(QDII)
159203,博时国证大盘成长ETF
159205,创业板ETF东财
159206,卫星ETF永赢
159207,广发中证智选高股息策略ETF
159208,万家国证航天航空行业ETF
159209,招商中证全指红利质量ETF
159210,汇添富中证港股通汽车产业主题ETF
159211,富国深证100ETF
159212,南方深证100ETF
159213,汇添富中证机器人ETF
159215,平安中证A500ETF
159216,大成深证100ETF
159217,港股通创新药ETF工银
159218,招商中证卫星产业ETF
159219,融通深证100ETF
159220,华宝标普港股通低波红利ETF
159221,嘉实国证自由现金流ETF
159222,易方达国证自由现金流ETF
159223,现金流ETF永赢
159225,现金流ETF基金
159226,国泰中证A500增强策略ETF
159227,华夏国证航天航空行业ETF
159228,长城中证红利低波100ETF
159229,广发中证800自由现金流ETF
159230,华夏国证通用航空产业ETF
159231,华宝国证通用航空产业ETF
159232,南方中证全指自由现金流ETF
159233,平安中证全指自由现金流ETF
159235,大成中证全指自由现金流ETF
159236,自由现金流ETF工银
159237,港股汽车ETF工银
159238,景顺长城沪深300增强策略ETF
159239,富国恒生港股通汽车主题ETF
159240,天弘中证A500增强策略ETF
159241,天弘国证航天航空行业ETF
159242,大成创业板人工智能ETF
159243,招商创业板人工智能ETF
159245,富国国证港股通消费主题ETF
159246,富国创业板人工智能ETF
159247,汇添富创业板ETF
159248,万家中证人工智能主题ETF
159249,A500增强ETF工银
159251,万家国证港股通科技ETF
159253,博时中证银行ETF
159255,易方达国证通用航空产业ETF
159256,华夏创业板软件ETF
159257,汇添富国证通用航空产业ETF
159258,南方中证机器人ETF
159259,易方达国证成长100ETF
159260,博时证券公司ETF
159261,鹏华创业板新能源ETF
159262,广发恒生港股通科技主题ETF
159263,易方达国证价值100ETF
159265,鹏华国证港股通消费主题ETF
159266,港股央企红利ETF永赢
159267,华安国证航天航空行业ETF
159268,汇添富国证港股通消费主题ETF
159269,南方中证港股通科技ETF
159270,南方创业板200ETF
159271,鹏华恒生ETF
159272,富国国证机器人产业ETF
159273,汇添富中证沪港深云计算产业ETF
159275,华宝中证全指农牧渔ETF
159276,汇添富国证自由现金流ETF
159277,富国中证港股通高股息投资ETF
159278,鹏华国证机器人产业ETF
159279,华安创业板人工智能ETF
159280,汇添富国证港股通互联网ETF
159281,天弘中证港股通央企红利ETF
159283,南方中证通用航空主题ETF
159285,华安国证港股通消费主题ETF
159286,鹏华国证港股通创新药ETF
159287,博时创业板综合ETF
159288,创业板综ETF银华
159289,鹏华创业板综合ETF
159290,创业板综指增强ETF东财
159291,招商创业板综合增强策略ETF
159292,华宝创业板综合增强策略ETF
159293,建信创业板综合增强策略ETF
159295,西部利得创业板综合ETF
159296,华宝中证A500红利低波动ETF
159297,南方国证港股通创新药ETF
159298,大成创业板50ETF
159299,易方达中证金融科技主题ETF
159300,富国沪深300ETF
159301,华夏中证全指公用事业ETF
159302,港股高股息ETF
159303,大成恒生医疗保健ETF(QDII)
159305,广发国证新能源电池ETF
159306,平安中证汽车零部件主题ETF
159307,博时中证红利低波100ETF
159309,汇添富中证油气资源ETF
159310,天弘中证芯片产业ETF
159311,易方达中证数字经济主题ETF
159312,广发恒指港股通ETF
159315,黄金股ETF工银
159316,易方达恒生港股通创新药ETF
159318,恒生港股通ETF
159320,广发恒生A股电网设备ETF
159321,华安中证沪深港黄金产业股票ETF
159322,平安中证沪深港黄金产业ETF
159323,华夏中证港股通汽车产业主题ETF
159325,南方中证半导体行业精选ETF
159326,华夏中证电网设备主题ETF
159327,万家中证半导体材料设备主题ETF
159328,易方达中证家电龙头ETF
159329,南方基金南方东英沙特阿拉伯ETF(QDII)
159330,沪深300ETF基金
159331,国泰中证港股通高股息投资ETF
159332,富国中证中央企业红利ETF
159333,万家中证港股通央企红利ETF
159335,融通中证诚通央企科技创新ETF
159336,融通中证诚通央企红利ETF
159337,中证500ETF基金
159338,国泰中证A500ETF
159339,A500ETF
159350,富国深证50ETF
159351,嘉实中证A500ETF
159352,南方中证A500ETF
159353,景顺长城中证A500ETF
159355,华宝中证800红利低波动ETF
159356,万家中证A500ETF
159357,博时中证A500ETF
159358,大成中证A500ETF
159359,华安中证A500ETF
159360,天弘中证A500ETF
159361,易方达中证A500ETF
159362,A500ETF工银
159363,华宝创业板人工智能ETF
159365,富国恒指港股通ETF
159366,港股医疗ETF
159367,华夏创业板50ETF
159368,华夏创业板新能源ETF
159369,易方达创业板50ETF
159370,创50ETF工银
159371,富国创业板50ETF
159372,万家创业板50ETF
159373,嘉实创业板50ETF
159375,国泰创业板50ETF
159376,浦银中证A500ETF
159377,国泰创业板医药卫生ETF
159378,通用航空ETF永赢
159379,融通中证A500ETF
159380,A500ETF东财
159381,华夏创业板人工智能ETF
159382,南方创业板人工智能ETF
159383,华泰柏瑞创业板50ETF
159385,富国中证诚通国企数字经济ETF
159386,A500ETF永赢
159387,国泰创业板新能源ETF
159388,国泰创业板人工智能ETF
159389,嘉实中证诚通国企数字经济ETF
159390,国联中证A50ETF
159391,博时国证大盘价值ETF
159392,富国国证通用航空产业ETF
159393,万家沪深300ETF
159399,国泰富时中国A股自由现金流聚焦ETF
159500,富国中证500ETF
159501,嘉实纳斯达克100ETF(QDII)
159502,嘉实标普生物科技精选行业ETF(QDII)
159505,博时国证2000ETF
159506,富国恒生港股通创新药及医疗保健ETF
159507,广发国证通信ETF
159508,华安国证生物医药ETF
159509,景顺长城纳斯达克科技ETF(QDII)
159510,华夏中证智选300价值稳健策略ETF
159511,南方中证通信服务ETF
159512,广发中证全指汽车ETF
159513,大成纳斯达克100ETF(QDII)
159515,鹏扬中证国有企业红利ETF
159516,国泰中证半导体材料设备主题ETF
159517,800增强ETF
159518,嘉实标普石油天然气勘探及生产精选行业ETF(QDII)
159519,国泰中证香港内地国有企业ETF(QDII)
159520,消费龙头ETF工银
159521,平安国证2000ETF
159523,华夏中证智选300成长创新策略ETF
159525,富国中证红利低波动ETF
159526,嘉实中证机器人ETF
159527,广发中证云计算与大数据ETF
159528,富国中证国有企业改革ETF
159529,景顺长城标普消费精选ETF(QDII)
159530,易方达国证机器人产业ETF
159531,南方中证2000ETF
159532,易方达中证2000ETF
159533,博时中证2000ETF
159535,嘉实中证2000ETF
159536,汇添富中证2000ETF
159537,国泰国证信息技术创新主题ETF
159538,富国国证信息技术创新主题ETF
159539,广发国证信创ETF
159540,易方达国证信息技术创新主题ETF
159541,万家创业板综合ETF
159542,大成中证工程机械ETF
159543,国证2000ETF工银
159545,易方达恒生港股通红利低波动ETF
159546,国泰中证全指集成电路ETF
159547,华夏中证红利低波动ETF
159549,天弘中证红利低波动100ETF
159550,互联网ETF沪港深
159551,国泰中证机器人ETF
159552,招商中证2000增强策略ETF
159553,海富通中证2000增强策略ETF
159555,2000增强ETF
159556,平安中证2000增强策略ETF
159557,嘉实恒生医疗保健ETF(QDII)
159558,易方达中证半导体材料设备主题ETF
159559,景顺长城国证机器人产业ETF
159560,景顺长城中证芯片产业ETF
159561,嘉实德国DAX ETF(QDII)
159562,华夏中证沪深港黄金产业股票ETF
159563,华夏创业板综合ETF
159565,易方达中证汽车零部件主题ETF
159566,易方达国证新能源电池ETF
159567,港股创新药ETF
159568,博时港股通互联网ETF
159569,景顺长城国证港股通红利低波动率ETF
159570,汇添富国证港股通创新药ETF
159571,富国创业板200ETF
159572,易方达创业板200ETF
159573,华夏创业板200ETF
159575,创业板200ETF银华
159576,广发深证100ETF
159577,汇添富MSCI美国50ETF
159578,南方深证主板50ETF
159581,万家中证红利ETF
159583,富国中证通信设备主题ETF
159586,南方中证全指计算机ETF
159587,广发国证粮食产业ETF
159588,景顺长城国证石油天然气ETF
159589,广发中证红利ETF
159590,汇添富中证全指软件ETF
159591,富国中证A50ETF
159592,A50ETF基金
159593,平安中证A50ETF
159595,大成中证A50ETF
159596,华宝中证A50ETF
159597,易方达创业板成长ETF
159599,芯片ETF基金
159601,华夏MSCI中国A50互联互通ETF
159602,南方MSCI中国A50互联互通ETF
159603,天弘中证科创创业50ETF
159605,广发中证海外中国互联网30(QDII-ETF)
159606,易方达中证500质量成长ETF
159607,嘉实中证海外中国互联网30ETF(QDII)
159608,广发中证稀有金属ETF
159609,浦银中证光伏产业ETF
159610,景顺长城中证500增强策略ETF
159611,广发中证全指电力ETF
159612,国泰标普500ETF
159613,嘉实中证信息安全主题ETF
159615,南方恒生生物科技ETF(QDII)
159616,建信中证农牧主题ETF
159617,华夏中证智选500价值稳健策略ETF
159618,华安中证光伏产业ETF
159619,国泰中证基建ETF
159620,华夏中证智选500成长创新策略ETF
159621,国泰MSCI中国A股ESG通用ETF
159622,创新药ETF沪港深
159623,博时成渝经济圈ETF
159625,嘉实国证绿色电力ETF
159627,华夏中证A100ETF
159628,万家国证2000ETF
159629,富国中证1000ETF
159630,汇添富中证A100ETF
159631,招商中证A100ETF
159632,华安纳斯达克100ETF(QDII)
159633,易方达中证1000ETF
159635,华夏中证基建ETF
159636,港股通科技30ETF工银
159637,新能源车龙头ETF
159638,嘉实中证智选航空航天科技ETF
159639,南方中证上海环交所碳中和ETF
159640,碳中和龙头ETF工银
159641,招商中证上海环交所碳中和ETF
159642,大成中证上海环交所碳中和ETF
159643,国泰国证疫苗与生物科技ETF
159645,富国国证疫苗与生物科技ETF
159647,中药ETF
159652,汇添富中证细分有色金属产业主题ETF
159653,国联安ESG300ETF
159655,华夏标普500ETF(QDII)
159656,万家沪深300成长ETF
159657,生物疫苗ETF
159658,华安中证数字经济主题ETF
159659,招商纳斯达克100ETF(QDII)
159660,汇添富纳斯达克100ETF
159661,嘉实中证A100ETF
159662,南方国证交通运输行业ETF
159663,华夏中证机床ETF
159665,半导体龙头ETF工银
159666,华夏中证全指运输ETF
159667,国泰中证机床ETF
159669,国泰国证绿色电力ETF
159670,国联安消费50ETF
159671,稀有金属ETF工银
159672,博时主要消费ETF
159673,鹏华沪深300ETF
159675,嘉实创业板增强策略ETF
159676,富国创业板增强策略ETF
159677,1000增强ETF
159678,博时中证500增强ETF
159679,国泰中证1000增强策略ETF
159680,招商中证1000增强策略ETF
159681,创50ETF
159682,景顺长城创业板50ETF
159685,天弘中证1000增强策略ETF
159686,易方达中证A100ETF
159687,南方基金南方东英富时亚太精选ETF(QDII)
159688,华安恒生互联网科技业ETF(QDII)
159689,南方中证主要消费ETF
159690,招商中证有色金属矿业主题ETF
159691,港股红利ETF工
159692,证券ETF东财
159695,嘉实国证通信ETF
159696,易方达纳斯达克100ETF(QDII)
159697,油气ETF
159698,粮食ETF
159699,广发恒生消费(QDII-ETF)
159701,招商中证物联网主题ETF
159703,天弘中证新材料主题ETF
159706,深证100ETF华安
159707,华宝中证800地产ETF
159708,红利ETF
159709,物联网ETF工银
159711,华夏中证港股通50ETF
159712,国泰中证港股通50ETF
159713,富国中证稀土产业ETF
159715,易方达中证稀土产业ETF
159716,华宝深证100ETF
159717,ESGETF
159718,平安中证港股医药ETF
159719,平安富时中国国企开放共赢ETF
159720,智能车TK
159721,深证100ETF永赢
159723,汇添富中证沪港深科技龙头ETF
159725,线上消费ETF工银
159726,华夏恒生港股通中国内地企业红利ETF
159728,南方国证在线消费ETF
159729,汇添富中证沪港深互联网ETF
159730,博时龙头家电ETF
159731,华夏中证石化产业ETF
159732,华夏国证消费电子主题ETF
159735,港股消费
159736,天弘中证食品饮料ETF
159738,华泰柏瑞中证沪港深云计算产业ETF
159739,大数据ETF
159740,大成恒生科技ETF(QDII)
159741,嘉实恒生科技ETF(QDII)
159742,博时恒生科技ETF(QDII)
159743,博时湖北新旧动能转换ETF
159745,国泰中证全指建筑材料ETF
159747,南方中证香港科技ETF(QDII)
159748,富国中证沪港深创新药产业ETF
159750,招商中证香港科技ETF(QDII)
159751,港股科技ETF
159752,申万菱信中证内地新能源主题ETF
159755,广发国证新能源车电池ETF
159757,景顺长城国证新能源车电池ETF
159758,华夏中证红利质量ETF
159760,医疗健康
159761,国泰中证新材料主题ETF
159763,建信中证新材料主题ETF
159766,富国中证旅游主题ETF
159767,兴银国证新能源车电池ETF
159768,房地产ETF
159770,天弘中证机器人ETF
159773,华泰柏瑞创业板科技ETF
159775,建信国证新能源车电池ETF
159776,港股通医药ETF
159777,国联安创科技ETF
159778,工业互联ETF
159779,招商中证消费电子主题ETF
159780,南方中证科创创业50ETF
159781,易方达中证科创创业50ETF
159782,双创50
159783,华夏中证科创创业50ETF
159786,VRETF
159787,易方达中证全指建筑材料ETF
159788,易方达中证港股通中国100ETF
159790,华夏中证内地低碳经济主题ETF
159791,华夏沪深300ESG基准ETF
159792,富国中证港股通互联网ETF
159793,平安中证沪港深线上消费主题ETF
159795,汇添富中证智能汽车主题ETF
159796,汇添富中证电池主题ETF
159797,汇添富中证全指医疗器械ETF
159798,易方达中证消费50ETF
159800,鹏华中证800ETF
159801,广发国证半导体芯片ETF
159804,国寿安保创精选88ETF
159805,传媒ETF
159806,国泰中证新能源汽车ETF
159807,易方达中证科技50ETF
159808,融通创业板ETF
159810,浦银创业板ETF
159811,博时5G50ETF
159812,前海开源黄金ETF
159813,芯片
159814,西部利得创业板大盘ETF
159819,易方达中证人工智能主题ETF
159820,天弘中证500ETF
159821,BOCI创业
159822,新经济
159824,博时新能源汽车ETF
159825,富国中证农业主题ETF
159827,农业50
159828,国泰中证医疗ETF
159830,天弘上海金ETF
159831,嘉实上海金ETF
159834,南方上海金ETF
159835,建信中证创新药产业ETF
159836,天弘创业板300ETF
159837,易方达中证生物科技主题ETF
159838,博时医药50ETF
159839,汇添富国证生物医药ETF
159840,锂电池ETF工银
159841,天弘中证全指证券公司ETF
159842,券商ETF
159843,招商国证食品饮料ETF
159845,华夏中证1000ETF
159847,易方达中证医疗ETF
159848,国联安证券ETF
159849,招商中证生物科技主题ETF
159850,华夏恒生中国企业ETF(QDII)
159851,华宝中证金融科技主题ETF
159852,嘉实中证软件服务ETF
159855,影视ETF
159856,互联网龙头ETF工银
159857,天弘中证光伏产业ETF
159858,南方中证创新药产业ETF
159859,天弘国证生物医药ETF
159861,国泰中证环保产业50ETF
159862,食品ETF
159863,光伏产业
159864,国泰中证光伏产业ETF
159865,国泰中证畜牧养殖ETF
159866,日经ETF工银
159867,畜牧ETF
159869,华夏中证动漫游戏ETF
159870,化工ETF
159871,有色金属
159872,车联网
159873,天弘中证全指医疗保健设备与服务ETF
159875,嘉实中证新能源ETF
159876,有色龙头ETF
159877,南方中证全指医疗保健设备与服务ETF
159880,有色50
159881,国泰中证有色金属ETF
159883,医疗器械ETF永赢
159885,低碳ETF
159886,富国中证细分机械设备产业主题ETF
159887,富国中证800银行ETF
159888,华夏中证智能汽车主题ETF
159889,国泰中证智能汽车主题ETF
159890,招商中证云计算ETF
159891,建信中证全指医疗保健设备与服务ETF
159892,华夏恒生生物科技ETF(QDII)
159895,易方达中证物联网主题ETF
159896,南方中证物联网主题ETF
159898,招商中证全指医疗器械ETF
159899,招商中证全指软件ETF
159901,易方达深证100ETF
159902,华夏中小企业100ETF
159903,南方深证成份ETF
159905,红利ETF工银
159906,大成深证成长40ETF
159907,广发国证2000ETF
159908,博时创业板ETF
159909,深证TMT50ETF
159910,嘉实深证基本面120ETF
159912,汇添富深证300ETF
159913,交银深证300价值ETF
159915,易方达创业板ETF
159916,建信深证基本面60ETF
159918,嘉实中创400ETF
159919,嘉实沪深300ETF
159920,华夏恒生ETF
159922,嘉实中证500ETF
159923,大成中证A100ETF
159925,南方沪深300ETF
159928,汇添富中证主要消费ETF
159929,汇添富中证医药卫生ETF
159930,汇添富中证能源ETF
159931,汇添富中证金融地产ETF
159933,国投瑞银金融地产ETF
159934,易方达黄金ETF
159935,景顺长城中证500ETF
159936,广发中证全指可选消费ETF
159937,博时黄金ETF
159938,广发中证全指医药卫生ETF
159939,广发中证全指信息技术ETF
159940,广发中证全指金融地产ETF
159941,广发纳指100ETF
159943,深证ETF
159944,广发中证全指原材料ETF
159945,广发中证全指能源ETF
159948,南方创业板ETF
159949,华安创业板50ETF
159952,广发创业板ETF
159954,南方恒生中国企业ETF
159956,建信创业板ETF
159957,华夏创业板ETF
159958,创业板ETF工银
159959,央企ETF
159960,平安恒生中国企业ETF
159961,方正富邦深证100ETF
159964,平安创业板ETF
159965,国联央视50ETF
159966,华夏创业板低波价值ETF
159967,华夏创成长ETF
159968,博时中证500ETF
159970,深100ETF工银
159971,富国创业板ETF
159973,弘毅远方国证民企领先100ETF
159974,富国中证央企创新驱动ETF
159975,招商深证100ETF
159976,湾创ETF工银
159977,天弘创业板ETF
159980,大成有色金属期货ETF
159981,建信能源化工期货ETF
159982,中证500
159985,华夏饲料豆粕期货ETF
159991,招商创业板大盘ETF
159992,创新药
159993,龙头券商
159994,5GETF
159995,华夏国证半导体芯片ETF
159996,国泰中证全指家用电器ETF
159997,天弘中证电子ETF
159998,天弘中证计算机主题ETF
510010,交银上证180公司治理ETF
510020,博时上证超大盘ETF
510030,上证180价值ETF
510040,鹏华上证180ETF
510050,华夏上证50ETF
510060,央企ETF工银
510090,建信上证社会责任ETF
510100,易方达上证50ETF
510130,易方达上证中盘ETF
510140,华夏上证综合ETF
510150,招商上证消费80ETF
510160,南方中证小康产业ETF
510170,国联安上证商品ETF
510180,华安上证180ETF
510190,华安上证50ETF
510200,上证券商
510210,上证综指ETF
510230,国泰上证180金融ETF
510270,国企ETF
510290,南方上证380ETF
510300,华泰柏瑞沪深300ETF
510310,易方达沪深300ETF
510320,中金沪深300ETF
510330,华夏沪深300ETF
510350,沪深300ETF工银
510360,广发沪深300ETF
510370,兴业沪深300ETF
510380,国寿安保沪深300ETF
510390,平安沪深300ETF
510410,博时上证自然资源ETF
510500,南方中证500ETF
510510,广发中证500ETF
510530,中证500ETF工银
510550,方正富邦中证500ETF
510560,国寿安保中证500ETF
510570,兴业中证500ETF
510580,易方达中证500ETF
510590,平安中证500ETF
510600,申万菱信上证50ETF
510630,华夏消费ETF
510650,华夏金融ETF
510660,华夏医药ETF
510670,华夏上证180ETF
510680,万家上证50ETF
510710,博时上证50ETF
510720,国泰上证国有企业红利ETF
510760,国泰上证综合ETF
510770,申万菱信上证G60创新ETF
510800,建信上证50ETF
510810,中证上海国企ETF
510850,上证50ETF工银
510880,华泰柏瑞上证红利ETF
510900,易方达恒生国企(QDII-ETF)
510910,南方上证综合ETF
510950,广发上证50ETF
510980,汇添富上证综合ETF
510990,180ESGETF工银
512000,华宝中证全指证券公司ETF
512010,易方达沪深300医药ETF
512020,鹏华中证A500ETF
512030,易方达中证A50增强策略ETF
512040,富国中证价值ETF
512050,华夏中证A500ETF
512060,天弘中证A100ETF
512070,易方达沪深300非银ETF
512080,中金中证A500ETF
512090,易方达MSCI中国A股国际通ETF
512100,南方中证1000ETF
512120,华安中证细分医药ETF
512130,鹏华中证全指自由现金流ETF
512140,华安中证全指电力公用事业ETF
512150,A50ETF
512160,南方MSCI中国A股国际通ETF
512170,华宝中证医疗ETF
512180,建信MSCI中国A股国际通ETF
512190,浙商之江凤凰ETF
512200,南方中证全指房地产ETF
512220,景顺长城中证科技传媒通信150ETF
512240,鹏华中证A50ETF
512250,招商中证A50ETF
512260,华安中证500低波ETF
512290,国泰中证生物医药ETF
512330,南方中证500信息技术ETF
512360,平安MSCI中国A股国际ETF
512370,华夏中证A500增强策略ETF
512380,MSCI中国
512400,南方中证申万有色金属ETF
512410,广发中证银行ETF
512420,华安中证工程机械主题ETF
512430,华泰柏瑞中证家居家电ETF
512450,广发中证畜牧养殖产业ETF
512460,华夏中证电池主题ETF
512480,国联安半导体ETF
512500,华夏中证500ETF
512510,华泰柏瑞中证500ETF
512520,华泰柏瑞MSCI中国A股国际通ETF
512530,建信沪深300红利ETF
512550,嘉实富时中国A50ETF
512560,易方达中证军工ETF
512570,易方达中证全指证券公司ETF
512580,广发中证环保ETF
512600,嘉实中证主要消费ETF
512620,天弘中证农业主题ETF
512630,广发中证卫星产业ETF
512640,嘉实中证金融地产ETF
512650,添富中证长三角ETF
512660,国泰中证军工ETF
512670,国防ETF
512680,广发中证军工ETF
512690,酒ETF
512700,南方中证银行ETF
512710,富国中证军工龙头ETF
512720,国泰中证计算机主题ETF
512730,银行FUND
512750,嘉实基本面50ETF
512760,国泰CES半导体芯片行业ETF
512770,华夏战略新兴成指ETF
512800,华宝中证银行ETF
512810,华宝中证军工ETF
512820,中证银行ETF
512870,南华中证杭州湾区ETF
512880,国泰中证全指证券公司ETF
512890,华泰柏瑞中证红利低波动ETF
512900,南方中证全指证券公司ETF
512910,广发中证A100ETF
512930,平安人工智能ETF
512940,华安中证有色金属矿业主题ETF
512950,华夏中证央企ETF
512960,博时央企结构调整ETF
512970,粤港澳大湾区ETF
512980,广发中证传媒ETF
512990,华夏MSCI中国A股国际通ETF
513000,易方达奥明日经225ETF(QDII)
513010,易方达恒生科技ETF(QDII)
513020,国泰中证港股通科技ETF
513030,华安德国(DAX)ETF
513040,易方达中证港股通互联网ETF
513050,易方达中证海外中国互联网50(QDII-ETF)
513060,博时恒生医疗保健(QDII-ETF)
513070,易方达中证港股通消费主题ETF
513080,华安法国CAC40ETF
513090,易方达中证香港证券投资主题(港股通)ETF
513100,国泰纳斯达克100(QDII-ETF)
513110,华泰柏瑞纳斯达克100ETF(QDII)
513120,广发中证香港创新药(QDII-ETF)
513130,华泰柏瑞南方东英恒生科技指数ETF(QDII)
513140,华泰柏瑞中证港股通金融服务ETF(QDII)
513150,华泰柏瑞中证港股通科技ETF
513160,科技30
513170,鹏华恒生中国央企ETF(QDII)
513180,华夏恒生科技ETF(QDII)
513190,华夏中证港股通内地金融ETF
513200,易方达中证港股通医药卫生综合ETF
513210,易方达恒生ETF(QDII)
513220,招商中证全球中国互联网ETF(QDII)
513230,华夏中证港股通消费主题ETF
513240,华安中证港股通信息技术综合ETF
513260,汇添富恒生科技ETF
513280,汇添富恒生生物科技ETF
513290,汇添富纳斯达克生物科技ETF
513300,华夏纳斯达克100ETF(QDII)
513310,华泰柏瑞中证韩交所中韩半导体ETF(QDII)
513320,易方达恒生港股通新经济ETF
513330,华夏恒生互联网科技业ETF(QDII)
513350,富国标普石油天然气勘探及生产精选行业ETF(QDII)
513360,博时全球中国教育(QDII-ETF)
513380,广发恒生科技(QDII-ETF)
513390,博时纳斯达克100ETF
513400,道琼斯ETF
513500,博时标普500ETF
513520,华夏野村日经225ETF
513530,华泰柏瑞中证港股通高股息投资ETF(QDII)
513550,华泰柏瑞中证港股通50ETF
513560,兴银中证港股通科技ETF
513580,华安恒生科技ETF
513590,香港消费
513600,南方恒生指数ETF
513620,港医疗指
513630,摩根标普港股通低波红利ETF
513650,南方标普500ETF(QDII)
513660,华夏沪港通恒生ETF
513690,博时港股红利ETF
513700,香港医药
513720,国泰中证港股通互联网ETF
513730,华泰柏瑞南方东英新交所泛东南亚科技ETF(QDII)
513750,广发中证港股通非银ETF
513770,华宝中证港股通互联网ETF
513780,景顺长城中证港股通创新药ETF
513800,南方顶峰TOPIXETF(QDII)
513810,华夏中证香港内地国有企业ETF(QDII)
513820,汇添富中证港股通高股息投资ETF
513830,嘉实中证港股通高股息投资ETF
513850,易方达MSCI美国50ETF(QDII)
513860,海富通中证港股通科技ETF
513870,富国纳斯达克100ETF(QDII)
513880,华安日经225ETF
513890,摩根恒生科技ETF(QDII)
513900,华安CES港股通精选100ETF
513910,华夏中证港股通央企红利ETF
513920,华安恒生港股通中国央企红利ETF
513930,华泰柏瑞恒生生物科技ETF
513950,富国恒生港股通红利低波动ETF(QDII)
513970,景顺长城恒生消费ETF(QDII)
513980,景顺长城中证港股通科技ETF
513990,招商上证港股通ETF
515000,华宝中证科技龙头ETF
515010,华夏中证全指证券公司ETF
515020,华夏中证银行ETF
515030,华夏中证新能源汽车ETF
515040,华夏中证工业有色金属主题ETF
515050,华夏中证5G通信主题ETF
515060,华夏中证全指房地产ETF
515070,华夏中证人工智能主题ETF
515080,招商中证红利ETF
515090,博时可持续发展100ETF
515100,景顺长城中证红利低波动100ETF
515110,易方达中证国企一带一路ETF
515120,广发创新药ETF
515130,博时沪深300ETF
515150,富国中证国企一带一路ETF
515160,招商MSCI中国A股国际通ETF
515170,华夏中证细分食品饮料产业主题ETF
515180,易方达中证红利ETF
515190,中银证券中证500ETF
515200,申万菱信中证研发创新100ETF
515210,国泰中证钢铁ETF
515220,国泰中证煤炭ETF
515230,国泰中证全指软件ETF
515250,富国中证智能汽车主题ETF
515260,华宝中证电子50ETF
515290,天弘中证银行ETF
515300,嘉实沪深300红利低波动ETF
515310,添富沪深300ETF
515320,华安中证电子50ETF
515330,天弘沪深300ETF
515350,民生加银沪深300ETF
515360,方正富邦沪深300ETF
515370,华夏中证光伏产业ETF
515380,泰康300
515390,华安沪深300ETF
515400,富国中证大数据产业ETF
515440,南方中证A股ETF
515450,南方标普中国A股大盘红利低波50ETF
515460,南方中证全指红利质量ETF
515480,南方中证红利低波动100ETF
515530,泰康500
515550,国联中证500ETF
515560,建信中证全指证券公司ETF
515580,华泰柏瑞中证科技100ETF
515590,前海开源中证500等权ETF
515600,广发中证央企创新驱动ETF
515630,保险证券
515640,华夏中证全指家用电器ETF
515650,富国中证消费50ETF
515660,国联安沪深300ETF
515680,嘉实央企创新驱动ETF
515700,平安中证新能源汽车产业ETF
515710,华宝中证细分食品饮料产业主题ETF
515720,富国中证金融科技主题ETF
515730,家居家电ETF
515750,富国中证科技50策略ETF
515760,华夏中证浙江国资创新发展ETF
515770,摩根MSCI中国A股ETF
515790,华泰柏瑞中证光伏产业ETF
515800,添富中证800ETF
515810,易方达中证800ETF
515840,南方中证全指食品ETF
515850,富国中证全指证券公司ETF
515880,国泰中证全指通信设备ETF
515890,博时中证红利ETF
515900,博时央企创新ETF
515910,质量ETF
515920,博时智能消费ETF
515950,富国中证医药50ETF
515960,嘉实医药健康100ETF
515970,华夏中证工程机械主题ETF
515980,华富中证人工智能产业ETF
515990,添富中证国企一带一路ETF
516000,华夏中证大数据产业ETF
516010,国泰中证动漫游戏ETF
516020,华宝化工ETF
516050,科技龙头ETF工银
516060,创新药ETF工银
516070,易方达中证内地低碳经济主题ETF
516080,易方达中证创新药产业ETF
516090,易方达中证新能源ETF
516100,华夏中证金融科技主题ETF
516110,国泰中证800汽车与零部件ETF
516120,富国中证细分化工产业主题ETF
516130,华宝消费龙头ETF
516150,嘉实中证稀土产业ETF
516160,南方中证新能源ETF
516180,平安中证光伏产业ETF
516190,华夏中证文娱传媒ETF
516200,华安中证全指证券公司ETF
516210,华安中证银行ETF
516220,国泰中证细分化工产业主题ETF
516230,招商中证光伏产业ETF
516250,富国中证工程机械主题ETF
516260,华夏中证物联网主题ETF
516270,华安中证内地新能源主题ETF
516290,汇添富中证光伏产业ETF
516300,华泰柏瑞中证1000ETF
516310,易方达中证银行ETF
516320,华夏中证装备产业ETF
516330,华泰柏瑞中证物联网主题ETF
516350,易方达中证芯片产业ETF
516360,华宝新材料ETF
516370,汇添富中证全指电力公用事业ETF
516380,华宝智能电动汽车ETF
516390,汇添富中证新能源汽车产业ETF
516440,南方中证工程机械主题ETF
516460,鹏华中证800自由现金流ETF
516500,华夏中证生物科技主题ETF
516510,易方达中证云计算与大数据主题ETF
516520,华泰柏瑞中证智能汽车主题ETF
516530,物流快递
516550,嘉实中证大农业ETF
516560,华宝养老ETF
516570,易方达中证石化产业ETF
516580,博时新能源ETF
516590,易方达中证智能电动汽车ETF
516600,消费服务ETF工银
516610,医服ETF
516620,国泰中证影视主题ETF
516630,华夏中证云计算与大数据主题ETF
516640,富国中证芯片产业ETF
516650,华夏中证细分有色金属产业主题ETF
516660,华安中证新能源汽车ETF
516670,招商中证畜牧养殖ETF
516700,华宝大数据ETF
516710,华夏中证新材料主题ETF
516720,浦银中证ESG120策略ETF
516730,浦银中证证券公司30ETF
516750,富国中证全指建筑材料ETF
516760,平安中证畜牧养殖ETF
516770,华泰柏瑞中证动漫游戏ETF
516780,华泰柏瑞中证稀土产业ETF
516790,华泰柏瑞中证全指医疗保健设备与服务ETF
516800,华宝中证智能制造主题ETF
516810,华夏中证农业主题ETF
516820,平安中证医疗创新ETF
516830,富国沪深300ESG基准ETF
516840,南方中证全指汽车ETF
516850,华夏中证新能源ETF
516860,博时金融科技ETF
516880,光伏50
516890,平安中证新材料主题ETF
516900,华安中证申万食品饮料ETF
516910,富国中证现代物流ETF
516920,汇添富中证芯片产业ETF
516930,生物科技ETF基金
516950,基建ETF
516960,国泰中证细分机械设备产业主题ETF
516970,广发中证基建工程ETF
516980,华富中证证券公司先锋策略ETF
517000,沪港深
517010,易方达中证沪港深500ETF
517030,易方达中证沪港深300ETF
517050,华泰柏瑞中证沪港深互联网ETF
517080,汇添富中证沪港深500ETF
517090,国泰富时中国国企开放共赢ETF
517100,富国中证沪港深500ETF
517110,国泰中证沪港深创新药产业ETF
517120,华泰柏瑞中证沪港深创新药产业ETF
517130,嘉实中证沪港深云计算产业ETF
517160,南方中证长江保护主题ETF
517170,华夏中证沪港深500ETF
517180,南方富时中国国企开放共赢ETF
517200,嘉实中证沪港深互联网ETF
517230,云计算ETF永赢
517300,国寿安保中证沪港深300ETF
517330,易方达中证长江保护主题ETF
517350,广发中证沪港深科技龙头ETF
517360,华安中证沪港深科技100ETF
517380,天弘恒生沪深港创新药精选50ETF
517390,天弘中证沪港深云计算产业ETF
517400,国泰中证沪深港黄金产业股票ETF
517520,黄金股ETF永赢
517550,招商中证沪港深消费龙头ETF
517660,天弘中证沪港深物联网主题ETF
517770,浦银中证沪港深游戏及文化传媒ETF
517800,方正富邦沪港深人工智能50ETF
517850,汇添富中证沪港深张江自主创新50ETF
517880,华泰柏瑞中证沪港深品牌消费50ETF
517900,招商中证银行AH价格优选ETF
517950,交银中证智选沪深港科技50ETF
517990,招商中证沪港深500医药卫生ETF
518600,广发上海金ETF
518660,黄金ETF工银
518680,富国上海金ETF
518800,国泰黄金ETF
518850,华夏黄金ETF
518860,建信上海金ETF
518880,华安黄金ETF
518890,中银黄金
520500,华泰柏瑞恒生创新药ETF(QDII)
520510,华夏中证港股通医疗主题ETF
520520,华泰柏瑞恒生消费ETF(QDII)
520530,港股通科技ETF东财
520550,招商恒生港股通红利低波动ETF
520560,华宝港股通恒生中国(香港上市)30ETF
520570,南方恒生科技ETF(QDII)
520590,鹏华恒生科技ETF(QDII)
520600,广发中证港股通汽车ETF
520610,港红利指
520620,嘉实恒生消费ETF
520630,广发中证港股通互联网ETF
520650,南方中证港股通互联网ETF
520660,南方中证国新港股通央企红利ETF
520670,嘉实恒生港股通科技主题ETF
520680,南方中证港股通汽车产业主题ETF
520690,博时恒生港股通创新药精选ETF
520700,万家中证港股通创新药ETF
520710,广发中证港股通信息技术综合ETF
520720,国泰中证港股通汽车产业主题ETF
520730,万家恒生港股通汽车主题ETF
520740,华安中证港股通互联网ETF
520750,华富中证港股通信息技术综合ETF
520760,摩根恒生生物科技ETF
520770,建信恒指港股通ETF
520780,华宝中证港股通汽车产业主题ETF
520790,兴业中证港股通互联网ETF
520810,易方达中证港股通高股息投资ETF
520820,汇添富恒指港股通ETF
520830,华泰柏瑞南方东英沙特阿拉伯ETF(QDII)
520840,华安恒生港股通科技主题ETF
520850,易方达中证港股通医疗主题ETF
520860,富国中证港股通科技ETF
520870,易方达伊塔乌巴西IBOVESPA ETF(QDII)
520880,华宝恒生港股通创新药精选ETF
520890,华泰柏瑞恒生港股通红利低波动ETF
520900,广发中证国新港股通央企红利ETF
520910,华夏中证港股通互联网ETF
520920,天弘恒生科技ETF
520930,国泰恒生生物科技ETF
520940,华安恒指港股通ETF
520950,摩根恒生港股通50ETF
520960,嘉实恒指港股通ETF
520970,嘉实中证港股通创新药ETF
520980,汇添富恒生港股通中国科技ETF
520990,景顺长城中证国新港股通央企红利ETF
526000,华夏中证港股通信息技术综合ETF
526010,汇添富中证港股通医疗主题ETF
526030,汇添富中证港股通信息技术综合ETF
526050,招商中证港股通信息技术综合ETF
526060,华泰柏瑞中证港股通信息技术综合ETF
526070,博时恒指港股通ETF
530000,天弘上证50ETF
530050,上证50ETF东财
530060,易方达上证综合ETF
530080,天弘上证180ETF
530100,易方达上证580ETF
530180,易方达上证180ETF
530280,平安上证180ETF
530300,华泰柏瑞上证180ETF
530380,易方达上证380ETF
530530,华夏上证580ETF
530580,南方上证180ETF
530680,兴业上证180ETF
530800,上180ETF
530880,银河上证国有企业红利ETF
560010,广发中证1000ETF
560020,汇添富中证红利ETF
560030,汇添富中证800价值ETF
560050,汇添富MSCI中国A50互联互通ETF
560060,汇添富中证上海环交所碳中和ETF
560070,汇添富中证国新央企股东回报ETF
560080,汇添富中证中药ETF
560090,汇添富中证全指证券公司ETF
560100,南方中证500增强策略ETF
560110,汇添富中证1000ETF
560120,华夏中证500自由现金流ETF
560130,鹏华中证全指食品ETF
560150,红利TK
560160,易方达中证全指食品ETF
560170,南方中证国新央企科技引领ETF
560180,南方沪深300ESG基准ETF
560190,鹏华中证全指公用事业ETF
560210,景顺长城农牧渔ETF
560220,广发中证2000ETF
560230,富国中证光伏产业ETF
560250,富国中证全指红利质量ETF
560260,广发中证医疗ETF
560270,电力ETF工银
560280,广发中证工程机械ETF
560290,景顺长城中证有色金属矿业主题ETF
560300,汇添富中证电信主题ETF
560310,博时中证光伏产业ETF
560320,富国中证全指食品ETF
560330,申万菱信沪深300价值ETF
560350,摩根中证A50ETF
560360,万家中证软件服务ETF
560370,易方达中证全指红利质量ETF
560380,南方中证A100ETF
560390,易方达恒生A股电网设备ETF
560400,华泰柏瑞中证全指证券公司ETF
560410,鹏华中证电池主题ETF
560420,前海开源中证全指食品ETF
560450,天弘中证全指电力公用事业ETF
560460,平安中证全指电力公用事业ETF
560470,易方达中证细分有色金属产业主题ETF
560480,招商中证全指电力公用事业ETF
560490,华泰柏瑞中证工业有色金属主题ETF
560500,鹏扬中证500质量成长ETF
560510,中证A500ETF泰康
560520,大成中证红利低波动100ETF
560530,摩根中证A500ETF
560550,广发中证上海环交所碳中和ETF
560560,碳中和TK
560570,国联安中证A500红利低波ETF
560580,南方中证全指电力公用事业ETF
560590,1000ETF增强
560610,招商中证A500ETF
560620,万家中证全指公用事业ETF
560630,万家中证机器人ETF
560660,新华中证云计算50ETF
560670,华泰柏瑞中证银行ETF
560680,广发中证主要消费ETF
560690,电信ETF基金
560700,广发中证国新央企股东回报ETF
560710,富国中证智选船舶产业ETF
560720,红利低波100ETF工银
560730,国泰海通中证红利低波动ETF
560750,申万菱信中证A500ETF
560770,招商中证机器人ETF
560780,广发中证半导体材料设备ETF
560790,鹏华中证软件服务ETF
560800,鹏扬中证数字经济主题ETF
560810,融通中证诚通央企ESGETF
560820,新华中证A50ETF
560830,华夏中证全指电力公用事业ETF
560850,汇添富中证信息技术应用创新产业ETF
560860,万家中证工业有色金属主题ETF
560870,中银中证工业有色金属主题ETF
560880,广发中证全指家用电器ETF
560900,摩根中证创新药产业ETF
560910,华泰柏瑞中证电池主题ETF
560920,招商中证工程机械主题ETF
560930,易方达中证全指电力公用事业ETF
560950,汇添富中证500增强策略ETF
560970,平安中证工业有色金属主题ETF
560980,广发中证光伏龙头30ETF
560990,中金科技先锋ETF
561000,华安沪深300增强策略ETF
561010,华安中证全指软件开发ETF
561020,招商中证全指食品ETF
561030,华泰柏瑞中证工程机械主题ETF
561050,易方达中证稀有金属主题ETF
561060,华安中证国有企业红利ETF
561080,华安中证全指自由现金流ETF
561090,华安中证A500增强策略ETF
561100,富国中证消费电子主题ETF
561120,富国中证全指家用电器ETF
561130,富国中证新华社民族品牌工程ETF
561160,富国中证电池主题ETF
561170,富国中证绿色电力ETF
561180,富国中证A100ETF
561190,富国中证上海环交所碳中和ETF
561200,中证A100ETF工银
561220,数字经济ETF工银
561230,中证A50ETF工银
561250,鹏华中证稀有金属主题ETF
561260,能源ETF工银
561280,中证1000增强ETF工银
561300,国泰沪深300增强策略ETF
561310,国泰中证消费电子主题ETF
561320,国泰中证内地运输主题ETF
561330,国泰中证有色金属矿业主题ETF
561350,国泰中证500ETF
561360,国泰中证油气产业ETF
561370,国泰中证2000ETF
561380,国泰恒生A股电网设备ETF
561390,平安中证稀有金属主题ETF
561400,鑫元中证畜牧养殖产业ETF
561410,光伏ETF工银
561420,汇添富沪深300自由现金流ETF
561430,博时中证全指红利质量ETF
561450,华泰柏瑞标普中国A股大盘红利低波50ETF
561460,天弘中证人工智能主题ETF
561470,天弘中证畜牧养殖产业ETF
561490,财通资管中证全指红利质量ETF
561500,华泰柏瑞中证企业核心竞争力50ETF
561510,华泰柏瑞中证中药ETF
561530,银华银行
561550,华泰柏瑞中证500增强策略ETF
561560,华泰柏瑞中证全指电力公用事业ETF
561570,华泰柏瑞中证油气产业ETF
561580,华泰柏瑞中证中央企业红利ETF
561590,华泰柏瑞中证1000增强策略ETF
561600,平安中证消费电子主题ETF
561620,华泰柏瑞中证细分化工产业主题ETF
561630,华泰柏瑞中证全指红利质量ETF
561660,平安中证通用航空主题ETF
561680,平安中证A500红利低波动ETF
561690,农银沪深300质量ETF
561700,博时中证全指电力公用事业ETF
561730,华夏中证A股ETF
561750,博时中证A50ETF
561760,博时中证油气资源ETF
561770,博时中证A100ETF
561780,博时中证1000增强ETF
561790,博时中证国新央企现代能源ETF
561800,华富中证稀有金属主题ETF
561810,华泰柏瑞中证全指医疗器械ETF
561830,国泰海通中证有色金属矿业主题ETF
561870,华富中证全指自由现金流ETF
561880,华富中证A100ETF
561890,易方达中证A股ETF
561900,招商沪深300ESG基准ETF
561910,招商中证电池主题ETF
561920,招商中证疫苗与生物技术ETF
561930,招商沪深300ETF
561950,招商中证500增强策略ETF
561960,招商中证国新央企股东回报ETF
561980,招商中证半导体产业ETF
561990,招商沪深300增强策略ETF
562000,华宝中证A100ETF
562010,华宝中证绿色能源ETF
562030,华宝中证信息技术应用创新产业ETF
562050,华宝中证制药ETF
562060,华宝标普中国A股红利机会ETF
562070,华宝沪深300增强策略ETF
562080,华宝沪深300自由现金流ETF
562180,招商中证A500红利低波动ETF
562300,低碳ETF
562310,300成长
562320,300价值A
562330,500价值
562340,500成长
562350,电力
562360,机器人YH
562380,科技引领
562390,中药
562500,华夏中证机器人ETF
562510,华夏中证旅游主题ETF
562520,华夏中证智选1000成长创新策略ETF
562530,华夏中证智选1000价值稳健策略ETF
562550,华夏中证绿色电力ETF
562560,华夏中证全指信息技术ETF
562570,华夏中证信息技术应用创新产业ETF
562580,华夏中证全指可选消费ETF
562590,华夏中证半导体材料设备主题ETF
562600,华夏中证全指医疗器械ETF
562660,华夏中证2000ETF
562700,华夏中证汽车零部件主题ETF
562800,嘉实中证稀有金属主题ETF
562810,嘉实上证综合增强策略ETF
562820,嘉实中证全指集成电路ETF
562850,嘉实中证国新央企现代能源ETF
562860,嘉实中证疫苗与生物技术ETF
562870,嘉实中证全指证券公司ETF
562880,嘉实中证电池主题ETF
562890,嘉实中证A50ETF
562900,易方达中证现代农业主题ETF
562910,易方达中证装备产业ETF
562920,易方达中证信息安全主题ETF
562930,易方达中证软件服务ETF
562950,易方达中证消费电子主题ETF
562960,易方达中证绿色电力ETF
562970,易方达中证光伏产业ETF
562990,易方达中证上海环交所碳中和ETF
563000,易方达MSCI中国A50互联互通ETF
563010,易方达中证电信主题ETF
563020,易方达中证红利低波动ETF
563030,易方达中证500增强策略ETF
563050,易方达中证国新央企科技引领ETF
563060,易方达中证国资央企50ETF
563080,易方达中证A50ETF
563090,易方达上证50增强策略ETF
563150,油气资源
563180,高股息
563200,富国中证2000ETF
563210,富国恒生A股专精特新企业ETF
563220,富国中证A500ETF
563230,富国中证卫星产业ETF
563280,富国MSCI中国A50互联互通增强策略ETF
563300,华泰柏瑞中证2000ETF
563320,华泰柏瑞中证通用航空主题ETF
563330,华泰柏瑞中证A股ETF
563350,华泰柏瑞中证A50ETF
563360,华泰柏瑞中证A500ETF
563380,华泰柏瑞中证全指航空航天ETF
563390,华泰柏瑞中证全指自由现金流ETF
563500,华宝中证A500ETF
563510,易方达中证A500红利低波动ETF
563520,沪深300ETF永赢
563530,易方达中证卫星产业ETF
563550,摩根中证A500增强策略ETF
563560,兴业中证科技优势成长50策略ETF
563570,兴业中证金融科技ETF
563580,万家中证800自由现金流ETF
563590,国寿安保中证A500红利低波动ETF
563600,易方达中证A500增强策略ETF
563620,兴业中证全指自由现金流ETF
563630,国联安中证A500增强ETF
563650,兴业中证A500ETF
563660,银河中证A500ETF
563670,鹏华中证金融科技主题ETF
563680,汇添富中证800自由现金流ETF
563690,红利低波ETF永赢
563700,易方达中证红利价值ETF
563750,汇添富中证500ETF
563760,中银中证全指自由现金流ETF
563770,招商中证全指自由现金流ETF
563780,方正富邦中证全指自由现金流ETF
563790,鹏华中证卫星产业ETF
563800,广发中证A500ETF
563830,博时中证全指自由现金流ETF
563850,广发中证全指食品ETF
563860,海富通中证A500ETF
563870,鹏华中证通用航空主题ETF
563880,汇添富中证A500ETF
563890,创金合信中证国有企业红利ETF
563900,摩根沪深300自由现金流ETF
563930,招商上证综合增强策略ETF
563960,300质量ETF兴全
563980,鑫元中证800红利低波动ETF
563990,富国中证800自由现金流ETF
588000,华夏上证科创板50成份ETF
588010,博时上证科创板新材料ETF
588020,易方达上证科创板成长ETF
588030,博时科创100ETF
588040,鹏华科创板50ETF
588050,科创50ETF工银
588060,广发科创50ETF
588070,万家上证科创板成长ETF
588080,易方达上证科创板50ETF
588090,华泰柏瑞上证科创板50成份ETF
588100,嘉实上证科创板新一代信息技术ETF
588110,广发上证科创板成长ETF
588120,国泰上证科创板100ETF
588130,华夏上证科创板生物医药ETF
588140,广发上证科创板200ETF
588150,南方上证科创板50成份ETF
588160,南方上证科创板新材料ETF
588170,华夏上证科创板半导体材料设备主题ETF
588180,国联安科创ETF
588190,科创100
588200,嘉实上证科创板芯片ETF
588210,易方达上证科创板100ETF
588220,科创100ETF基金
588230,华泰柏瑞上证科创板200ETF
588240,鹏华科创板200ETF
588250,鹏华上证科创板生物医药ETF
588260,华安上证科创板新一代信息技术ETF
588270,易方达上证科创板200ETF
588280,华安上证科创板50ETF
588290,华安上证科创板芯片ETF
588300,招商中证科创创业50ETF
588310,方正富邦科创创业50ETF
588320,广发中证科创创业50增强策略ETF
588330,华宝双创龙头ETF
588350,鹏扬中证科创创业50ETF
588360,国泰中证科创创业50ETF
588370,南方上证科创板50成份增强策略ETF
588380,富国中证科创创业50ETF
588390,博时中证科创创业50ETF
588400,嘉实中证科创创业50ETF
588410,鹏华中证科创创业人工智能ETF
588420,摩根中证科创创业人工智能ETF
588430,科创创业人工智能ETF工银
588450,招商上证科创板50成份增强策略ETF
588460,科创50增强ETF
588470,华安中证科创创业人工智能ETF
588480,中金中证科创创业人工智能ETF
588500,易方达上证科创板100增强策略ETF
588510,华夏中证科创创业人工智能ETF
588520,科创增强ETF永赢
588530,科创创业人工智能ETF中银证券
588550,易方达上证科创板综合增强策略ETF
588660,兴银中证科创创业50ETF
588670,嘉实上证科创板综合增强策略ETF
588680,广发上证科创板100增强策略ETF
588690,科综指增
588700,嘉实上证科创板生物医药ETF
588710,华泰柏瑞上证科创板半导体材料设备主题ETF
588720,中银上证科创板50ETF
588730,易方达上证科创板人工智能ETF
588750,汇添富上证科创板芯片ETF
588760,广发上证科创板人工智能ETF
588770,摩根上证科创板新一代信息技术ETF
588780,国联安科创芯片设计ETF
588790,博时科创板人工智能ETF
588800,华夏上证科创板100ETF
588810,富国上证科创板芯片ETF
588820,华夏上证科创板200ETF
588830,鹏华科创板新能源ETF
588840,万家上证科创板50成份ETF
588850,嘉实上证科创板工业机械ETF
588860,科创医药ETF工银
588870,汇添富上证科创板50成份ETF
588880,华泰柏瑞上证科创板100ETF
588890,南方上证科创板芯片ETF
588900,南方上证科创板100ETF
588910,建信上证智选科创板创新价值ETF
588920,鹏华科创板芯片ETF
588930,科创板AI
588940,富国上证科创板50成份ETF
588950,景顺长城上证科创板50成份ETF
588960,富国上证科创板新能源ETF
588980,广发上证科创板100ETF
588990,博时上证科创板芯片ETF
589000,华夏上证科创板综合ETF
589010,华夏上证科创板人工智能ETF
589020,鹏华科创板半导体材料设备主题ETF
589030,易方达上证科创板芯片设计主题ETF
589050,兴业科创价格ETF
589060,科创综指ETF东财
589070,天弘上证科创板芯片设计主题ETF
589080,汇添富上证科创板综合ETF
589090,鹏华科创板人工智能ETF
589100,国泰上证科创板芯片ETF
589110,国泰上证科创板人工智能ETF
589120,汇添富上证科创板创新药ETF
589130,易方达上证科创板芯片ETF
589150,平安上证科创板50成份ETF
589160,广发上证科创板芯片ETF
589170,鹏华科创板芯片设计主题ETF
589180,汇添富上证科创板新材料ETF
589190,华宝上证科创板芯片ETF
589200,科创200ETF工银
589210,广发上证科创板芯片设计主题ETF
589220,国泰上证科创板200ETF
589230,南方上证科创板人工智能ETF
589250,浦银科创板芯片设计ETF
589260,国泰上证科创板芯片设计主题ETF
589270,前海开源上证科创板100ETF
589280,华宝上证科创板综合增强策略ETF
589290,汇添富上证科创板芯片设计主题ETF
589300,嘉实上证科创板综合ETF
589310,鑫元上证科创板人工智能ETF
589320,嘉实上证科创板200ETF
589330,科创200ETF东财
589350,科芯片指
589360,国泰上证科创板50成份ETF
589380,富国上证科创板人工智能ETF
589390,招商上证科创板芯片设计主题ETF
589400,富国上证科创板芯片设计主题ETF
589410,嘉实上证科创板人工智能ETF
589420,科创芯片设计ETF永赢
589430,华宝上证科创板芯片设计主题ETF
589460,华宝上证科创板200ETF
589500,科创综指ETF工银
589520,华宝上证科创板人工智能ETF
589550,华夏上证智选科创板价值50策略ETF
589560,汇添富上证科创板人工智能ETF
589580,兴银上证科创板综合价格ETF
589600,富国上证科创板综合价格ETF
589630,国泰上证科创板综合ETF
589660,南方上证科创板综合ETF
589680,鹏华科创板综合ETF
589700,南方上证科创板成长ETF
589720,国泰上证科创板创新药ETF
589770,招商上证科创板综合ETF
589780,富国上证科创板200ETF
589800,易方达上证科创板综合ETF
589820,建信上证科创板200ETF
589850,科创50ETF东财
589860,天弘上证科创板综合ETF
589880,建信上证科创板综合ETF
589890,景顺长城上证科创板综合价格ETF
589900,博时科创综指ETF
589950,富国上证科创板100ETF
589960,易方达上证科创板新能源ETF
589980,汇添富上证科创板100ETF
589990,华泰柏瑞上证科创板综合ETF
