code,rank,name,close,amount20_yi,lot_value_yuan,板块,行业,安静度,安静度分位,当日涨幅,listed_days,weight
SZ002032,1,苏 泊 尔,39.95,0.7615672,3995.0,主板,家电行业,19270.012,0.00021710811984368216,0.011136413,2934,0.02
SZ002014,2,永新股份,11.21,0.2855096,1121.0,主板,化工行业,22601.52,0.0004342162396873643,0.012646794,2832,0.02
SH600987,3,航民股份,6.28,0.26602492,628.0,主板,纺织行业,39214.33,0.0006513243595310464,0.008025765,2871,0.02
SH600436,4,片仔癀,118.0,2.257932,11800.0,主板,生物制药,43674.863,0.0008684324793747286,0.024127722,2929,0.02
SZ000541,5,佛山照明,4.89,0.22637638,489.0,主板,家电行业,46200.54,0.0010855405992184109,0.006172776,2922,0.02
SH600660,6,福耀玻璃,53.579998,4.8765597,5358.0,主板,汽车制造,46317.69,0.0013026487190620929,0.010943413,2935,0.02
SH600993,7,马应龙,22.52,0.6306704,2252.0,主板,生物制药,50068.98,0.001519756838905775,0.013957739,2935,0.02
SH600750,8,华润江中,22.53,0.88480026,2253.0,主板,生物制药,51014.99,0.0017368649587494573,0.0103138685,2870,0.02
SH600612,9,老凤祥,31.37,0.59462917,3137.0,主板,服装鞋类,51940.684,0.0019539730785931393,0.018837333,2932,0.02
SH600801,10,华新建材,23.8,2.0411258,2380.0,主板,水泥行业,52885.1,0.0021710811984368217,0.0,2932,0.02
SZ000028,11,国药一致,19.66,0.37257227,1966.0,主板,商业百货,53307.613,0.0023881893182805037,0.014971614,2824,0.02
SZ001872,12,招商港口,24.18,0.6881841,2418.0,主板,运输仓储,55477.914,0.0026052974381241857,-0.009016335,2654,0.02
SH600511,13,国药股份,26.1,0.81843233,2610.0,主板,商业百货,55831.297,0.002822405557967868,0.0116279125,2814,0.02
SZ002801,14,微光股份,26.61,0.24358153,2661.0,主板,制造业,55840.812,0.00303951367781155,-0.0029973388,2498,0.02
SH600507,15,方大特钢,4.08,0.7384548,408.0,主板,钢铁行业,58120.375,0.003256621797655232,0.025125623,2934,0.02
SZ000550,16,江铃汽车,16.5,0.744759,1650.0,主板,汽车制造,58266.65,0.0034737299174989146,0.013513446,2935,0.02
SZ000538,17,云南白药,50.44,3.5653737,5044.0,主板,生物制药,58862.266,0.0036908380373425966,0.003980875,2771,0.02
SH600809,18,山西汾酒,115.600006,6.1461062,11560.001,主板,酿酒行业,60511.04,0.0039079461571862786,0.036771297,2923,0.02
SZ000895,19,双汇发展,23.66,2.2385476,2366.0,主板,食品行业,60557.13,0.004125054277029961,0.010679126,2920,0.02
SZ002007,20,华兰生物,13.34,1.4003084,1334.0,主板,生物制药,60610.293,0.004342162396873643,0.024577618,2932,0.02
SZ300573,21,兴齐眼药,36.43,1.3600364,3643.0,创业板,制造业,62698.992,0.004559270516717325,0.020734072,2384,0.02
SZ300441,22,鲍斯股份,7.07,0.28193435,707.0,创业板,机械行业,75593.06,0.007164567954841511,0.0,2537,0.02
SZ300492,23,华图山鼎,20.449999,0.6632759,2044.9999,创业板,教育,82854.34,0.009335649153278332,-0.007763207,2421,0.02
SH688198,24,佰仁医疗,68.58,0.2747737,6858.0,科创板,未知,94311.805,0.013026487190620929,0.0026316643,1653,0.02
SZ300341,25,麦克奥迪,12.77,0.42136124,1277.0,创业板,发电设备,107727.88,0.02127659574468085,0.0086888075,2835,0.02
SZ300329,26,海伦钢琴,11.78,0.24329986,1178.0,创业板,制造业,108063.484,0.021710811984368215,-0.0042265654,2916,0.02
SZ300354,27,东华测试,27.019999,0.35731572,2701.9998,创业板,仪器仪表,110090.17,0.022579244463742945,-0.02560407,2935,0.02
SZ300388,28,节能国祯,6.71,0.27550942,671.0,创业板,环保行业,111993.336,0.02301346070343031,0.0059969425,2890,0.02
SZ300320,29,海达股份,8.13,0.40843725,813.0,创业板,化工行业,113096.64,0.02344767694311767,0.0012315512,2840,0.02
SZ300455,30,航天智装,16.16,0.75144935,1616.0,创业板,其它行业,116065.98,0.0243161094224924,-0.014634132,2635,0.02
SZ300466,31,赛摩智能,7.2200003,0.3203781,722.0,创业板,制造业,120560.125,0.026704298740772906,-0.0013831258,2402,0.02
SH688290,32,景业智能,56.48,0.4606182,5648.0,科创板,未知,194571.08,0.08184976118106817,-0.005633831,1074,0.02
SH688577,33,浙海德曼,39.23,0.39332977,3923.0,科创板,未知,204500.47,0.09075119409465914,0.0012761354,1464,0.02
SH688683,34,莱尔科技,29.39,0.37910515,2939.0,科创板,未知,214477.08,0.0996526270082501,-0.030032992,1329,0.02
BJ920471,35,美邦科技,11.36,0.20246154,1136.0,北交所,未知,238166.33,0.11875814155449414,0.012477756,241,0.02
SH688611,36,杭州柯林,62.73,0.813597,6273.0,科创板,未知,244978.53,0.12440295267042988,-0.009004772,1329,0.02
SH688310,37,迈得医疗,15.219999,0.2615657,1521.9999,科创板,未知,248157.84,0.1276595744680851,-0.024358988,1657,0.02
SH688480,38,赛恩斯,65.5,0.7251603,6550.0,科创板,未知,253445.17,0.1326530612244898,0.0007638931,934,0.02
BJ920873,39,中设咨询,7.31,0.2549029,731.0,北交所,未知,258632.31,0.13699522362136343,0.0068870783,241,0.02
SH688370,40,丛麟科技,28.650002,0.22374155,2865.0002,科创板,未知,259606.16,0.13786365610073817,-0.00069755316,994,0.02
BJ920527,41,夜光明,14.77,0.22068812,1477.0,北交所,未知,261283.62,0.13916630481980027,0.0033967495,241,0.02
BJ920017,42,星昊医药,15.990001,0.24491084,1599.0001,北交所,未知,265449.56,0.14198871037776814,0.028295875,241,0.02
BJ920106,43,林泰新材,33.07,0.24600609,3307.0,北交所,未知,265466.62,0.14220581849761182,-0.0060114264,286,0.02
BJ920058,44,华洋赛车,22.689999,0.2051833,2268.9998,北交所,未知,265612.75,0.14285714285714285,0.01794529,231,0.02
BJ920425,45,乐创技术,13.86,0.23721728,1386.0,北交所,未知,275830.4,0.15306122448979592,-0.0028776526,241,0.02
BJ920299,46,灿能电力,13.259999,0.23150045,1325.9999,北交所,未知,281900.62,0.1569691706469822,0.00454545,241,0.02
SH688665,47,四方光电,41.079998,0.2921623,4108.0,科创板,未知,284973.1,0.15892314372557534,-0.03568077,1367,0.02
BJ920806,48,云星宇,10.01,0.20806617,1001.0,北交所,未知,288190.12,0.16261398176291794,0.0,241,0.02
SH688193,49,仁度生物,52.190002,0.22148542,5219.0,科创板,未知,290180.53,0.1641337386018237,0.044635773,1089,0.02
BJ920699,50,海达尔,59.929996,0.4811237,5992.9995,北交所,未知,297247.9,0.1702127659574468,-0.030258954,241,0.02
